data_seed,training_seed,model,native_objective,task,partition,sequence_index,retained_dimension,compressed,native_mse,probe_mse,probe_validation_mse,probe_ridge_penalty,descriptor_distance,input_permutation_entropy,input_binary_lz76,input_lag1_correlation,latent_permutation_entropy,latent_binary_lz76,latent_lag1_correlation,scale_descriptor_change,rotation_descriptor_change,shuffled_descriptor_change,rotation_prediction_max_difference
17,101,cae,reconstruction,reconstruction,test_id,0,2,True,0.05455686582151037,0.0033695062682956387,0.003571048853097254,0.0001,0.0008866541441627838,0.9603413583668887,1.0436520501349063,0.644537940791628,0.9471152039003109,1.0910907796864928,0.675171139060565,4.108650548026103e-33,0.006890769675458039,0.04612180285364654,2.220446049250313e-16
17,101,cae,reconstruction,forecast,test_id,0,2,True,0.05455686582151037,0.05871544479470789,0.05458867021507497,0.0001,0.0008866541441627838,0.9603413583668887,1.0436520501349063,0.644537940791628,0.9471152039003109,1.0910907796864928,0.675171139060565,4.108650548026103e-33,0.006890769675458039,0.04612180285364654,1.1102230246251565e-16
17,101,cae,reconstruction,reconstruction,test_mean_shift,0,2,True,0.104621854433341,0.004575815446597929,0.003571048853097254,0.0001,7.747527467886106e-05,0.9598310663659966,0.9487745910317329,0.7576499580585263,0.9519546223716724,0.9487745910317329,0.731543448981987,9.244463733058732e-33,0.0008572837836229724,0.08261896238162246,2.220446049250313e-16
17,101,cae,reconstruction,forecast,test_mean_shift,0,2,True,0.104621854433341,0.07466897253803433,0.05458867021507497,0.0001,7.747527467886106e-05,0.9598310663659966,0.9487745910317329,0.7576499580585263,0.9519546223716724,0.9487745910317329,0.731543448981987,9.244463733058732e-33,0.0008572837836229724,0.08261896238162246,2.220446049250313e-16
17,101,cae,reconstruction,reconstruction,test_variance_shift,0,2,True,0.08526897866782966,0.007376500424395948,0.003571048853097254,0.0001,0.00014440850622068893,0.9797263226630586,1.0436520501349063,0.740735791798357,0.9757408523389518,1.0436520501349063,0.7815936696168503,1.0271626370065257e-33,0.003370353940948535,0.05898217936444833,2.220446049250313e-16
17,101,cae,reconstruction,forecast,test_variance_shift,0,2,True,0.08526897866782966,0.07798309541335376,0.05458867021507497,0.0001,0.00014440850622068893,0.9797263226630586,1.0436520501349063,0.740735791798357,0.9757408523389518,1.0436520501349063,0.7815936696168503,1.0271626370065257e-33,0.003370353940948535,0.05898217936444833,1.1102230246251565e-16
17,101,cae,reconstruction,reconstruction,test_persistence_shift,0,2,True,0.028625131063514248,0.0024313961309351023,0.003571048853097254,0.0001,0.00019091004408671225,0.9835894935525028,1.2096876035654593,0.034623794820070775,0.9864297298897386,1.1859682387896662,0.03749079634894654,6.419766481290786e-35,4.100014710351665e-05,0.0030299168184396968,6.661338147750939e-16
17,101,cae,reconstruction,forecast,test_persistence_shift,0,2,True,0.028625131063514248,0.054223692267505785,0.05458867021507497,0.0001,0.00019091004408671225,0.9835894935525028,1.2096876035654593,0.034623794820070775,0.9864297298897386,1.1859682387896662,0.03749079634894654,6.419766481290786e-35,4.100014710351665e-05,0.0030299168184396968,3.3306690738754696e-16
17,101,cae,reconstruction,reconstruction,test_noise_shift,0,2,True,0.06716774537616554,0.07512052316237626,0.003571048853097254,0.0001,0.0006385543913118025,0.9854620185105037,1.2808456978928393,0.20986799392268857,0.988710422236077,1.2808456978928393,0.12257283833725899,0.0,0.006774057068377454,0.006196016780143807,4.440892098500626e-16
17,101,cae,reconstruction,forecast,test_noise_shift,0,2,True,0.06716774537616554,0.12717207579701673,0.05458867021507497,0.0001,0.0006385543913118025,0.9854620185105037,1.2808456978928393,0.20986799392268857,0.988710422236077,1.2808456978928393,0.12257283833725899,0.0,0.006774057068377454,0.006196016780143807,1.1102230246251565e-16
17,101,cae,reconstruction,reconstruction,test_combined_shift,0,2,True,0.10607769905205545,0.06417955742382025,0.003571048853097254,0.0001,0.0011107124324982905,0.9891082848712189,1.1622488740138728,0.18263869137199626,0.9758291903313958,1.1385295092380794,0.2844855308974359,0.0,0.006803376011490807,0.007122534887832294,4.440892098500626e-16
17,101,cae,reconstruction,forecast,test_combined_shift,0,2,True,0.10607769905205545,0.12511044533342763,0.05458867021507497,0.0001,0.0011107124324982905,0.9891082848712189,1.1622488740138728,0.18263869137199626,0.9758291903313958,1.1385295092380794,0.2844855308974359,0.0,0.006803376011490807,0.007122534887832294,1.6653345369377348e-16
17,101,untrained_cae,reconstruction,reconstruction,test_id,0,2,True,0.05664776652463736,0.003243218720948753,0.003419697305037189,0.0001,0.0008174895957435646,0.9603413583668887,1.0436520501349063,0.644537940791628,0.9606802006771191,1.0910907796864928,0.6729577164171264,0.0,0.0030594563730844213,0.045345202399568636,2.220446049250313e-16
17,101,untrained_cae,reconstruction,forecast,test_id,0,2,True,0.05664776652463736,0.058711460554158386,0.05461709237522391,0.0001,0.0008174895957435646,0.9603413583668887,1.0436520501349063,0.644537940791628,0.9606802006771191,1.0910907796864928,0.6729577164171264,0.0,0.0030594563730844213,0.045345202399568636,1.1102230246251565e-16
17,101,untrained_cae,reconstruction,reconstruction,test_mean_shift,0,2,True,0.10898005997256807,0.004385969432118321,0.003419697305037189,0.0001,0.0008853844776870063,0.9598310663659966,0.9487745910317329,0.7576499580585263,0.9732553992999151,0.9962133205833196,0.7276161333356079,0.0,0.0011268819839590014,0.07045438085421367,2.220446049250313e-16
17,101,untrained_cae,reconstruction,forecast,test_mean_shift,0,2,True,0.10898005997256807,0.07419920374934512,0.05461709237522391,0.0001,0.0008853844776870063,0.9598310663659966,0.9487745910317329,0.7576499580585263,0.9732553992999151,0.9962133205833196,0.7276161333356079,0.0,0.0011268819839590014,0.07045438085421367,1.1102230246251565e-16
17,101,untrained_cae,reconstruction,reconstruction,test_variance_shift,0,2,True,0.0877272207994038,0.007144196183322129,0.003419697305037189,0.0001,0.003115118659943404,0.9797263226630586,1.0436520501349063,0.740735791798357,0.9713714514022638,0.9487745910317329,0.7738307980785452,1.0271626370065257e-33,0.0007118431929067486,0.06661054667026638,3.3306690738754696e-16
17,101,untrained_cae,reconstruction,forecast,test_variance_shift,0,2,True,0.0877272207994038,0.0779203787075161,0.05461709237522391,0.0001,0.003115118659943404,0.9797263226630586,1.0436520501349063,0.740735791798357,0.9713714514022638,0.9487745910317329,0.7738307980785452,1.0271626370065257e-33,0.0007118431929067486,0.06661054667026638,2.220446049250313e-16
17,101,untrained_cae,reconstruction,reconstruction,test_persistence_shift,0,2,True,0.029589126082251692,0.002341947589950525,0.003419697305037189,0.0001,0.0016994787476690663,0.9835894935525028,1.2096876035654593,0.034623794820070775,0.9892837554330614,1.1385295092380794,0.03143805387736203,0.0,0.0007687144832799997,0.006770956171244933,5.551115123125783e-16
17,101,untrained_cae,reconstruction,forecast,test_persistence_shift,0,2,True,0.029589126082251692,0.05428699365504736,0.05461709237522391,0.0001,0.0016994787476690663,0.9835894935525028,1.2096876035654593,0.034623794820070775,0.9892837554330614,1.1385295092380794,0.03143805387736203,0.0,0.0007687144832799997,0.006770956171244933,2.7755575615628914e-16
17,101,untrained_cae,reconstruction,reconstruction,test_noise_shift,0,2,True,0.06943804731899994,0.07284866975976674,0.003419697305037189,0.0001,0.0005066730750839699,0.9854620185105037,1.2808456978928393,0.20986799392268857,0.9888932066160188,1.2808456978928393,0.1321957035370824,5.7777898331617076e-34,0.003011984992090209,0.006696459373643574,2.220446049250313e-16
17,101,untrained_cae,reconstruction,forecast,test_noise_shift,0,2,True,0.06943804731899994,0.1264943787992937,0.05461709237522391,0.0001,0.0005066730750839699,0.9854620185105037,1.2808456978928393,0.20986799392268857,0.9888932066160188,1.2808456978928393,0.1321957035370824,5.7777898331617076e-34,0.003011984992090209,0.006696459373643574,1.1102230246251565e-16
17,101,untrained_cae,reconstruction,reconstruction,test_combined_shift,0,2,True,0.10946362821728038,0.06129690123419191,0.003419697305037189,0.0001,0.0009377268330401867,0.9891082848712189,1.1622488740138728,0.18263869137199626,0.9905106892779327,1.1385295092380794,0.27747761788708164,2.5679065925163143e-34,0.006759357956177817,0.0071888875719307134,3.3306690738754696e-16
17,101,untrained_cae,reconstruction,forecast,test_combined_shift,0,2,True,0.10946362821728038,0.12505934204650912,0.05461709237522391,0.0001,0.0009377268330401867,0.9891082848712189,1.1622488740138728,0.18263869137199626,0.9905106892779327,1.1385295092380794,0.27747761788708164,2.5679065925163143e-34,0.006759357956177817,0.0071888875719307134,1.1102230246251565e-16
17,101,crae,reconstruction,reconstruction,test_id,0,2,True,0.05838077556288458,0.016079147860703465,0.01446082889806552,0.0001,0.05402493006720613,0.9603413583668887,1.0436520501349063,0.644537940791628,0.9064579535237134,0.664142213722213,0.8906570416362044,1.0271626370065257e-33,0.003237497580699456,0.1868210863476055,2.220446049250313e-16
17,101,crae,reconstruction,forecast,test_id,0,2,True,0.05838077556288458,0.05675737895060689,0.055363092165440914,0.0001,0.05402493006720613,0.9603413583668887,1.0436520501349063,0.644537940791628,0.9064579535237134,0.664142213722213,0.8906570416362044,1.0271626370065257e-33,0.003237497580699456,0.1868210863476055,1.6653345369377348e-16
17,101,crae,reconstruction,reconstruction,test_mean_shift,0,2,True,0.11046741330282217,0.019954792607831947,0.01446082889806552,0.0001,0.009566814733340616,0.9598310663659966,0.9487745910317329,0.7576499580585263,0.9074972816974602,0.806458402376973,0.9087488876255077,0.0,0.003074360362346261,0.15719949656378404,2.220446049250313e-16
17,101,crae,reconstruction,forecast,test_mean_shift,0,2,True,0.11046741330282217,0.07896063214915264,0.055363092165440914,0.0001,0.009566814733340616,0.9598310663659966,0.9487745910317329,0.7576499580585263,0.9074972816974602,0.806458402376973,0.9087488876255077,0.0,0.003074360362346261,0.15719949656378404,1.1102230246251565e-16
17,101,crae,reconstruction,reconstruction,test_variance_shift,0,2,True,0.08176798866977825,0.02929461557061053,0.01446082889806552,0.0001,0.015710132389294428,0.9797263226630586,1.0436520501349063,0.740735791798357,0.9280910188562386,0.8538971319285595,0.9246625553230094,1.6434602192104412e-32,0.0008504569163459019,0.126738123994227,2.220446049250313e-16
17,101,crae,reconstruction,forecast,test_variance_shift,0,2,True,0.08176798866977825,0.08769395396129234,0.055363092165440914,0.0001,0.015710132389294428,0.9797263226630586,1.0436520501349063,0.740735791798357,0.9280910188562386,0.8538971319285595,0.9246625553230094,1.6434602192104412e-32,0.0008504569163459019,0.126738123994227,1.6653345369377348e-16
17,101,crae,reconstruction,reconstruction,test_persistence_shift,0,2,True,0.03310059272748077,0.01320523593136225,0.01446082889806552,0.0001,0.04488865964638316,0.9835894935525028,1.2096876035654593,0.034623794820070775,0.9668081401664488,0.9962133205833195,0.6306543162632033,1.0271626370065257e-33,0.0008883150995328293,0.037813141074819555,4.440892098500626e-16
17,101,crae,reconstruction,forecast,test_persistence_shift,0,2,True,0.03310059272748077,0.04605982223351819,0.055363092165440914,0.0001,0.04488865964638316,0.9835894935525028,1.2096876035654593,0.034623794820070775,0.9668081401664488,0.9962133205833195,0.6306543162632033,1.0271626370065257e-33,0.0008883150995328293,0.037813141074819555,2.220446049250313e-16
17,101,crae,reconstruction,reconstruction,test_noise_shift,0,2,True,0.07981820282151751,0.07161362004016715,0.01446082889806552,0.0001,0.03409389454709821,0.9854620185105037,1.2808456978928393,0.20986799392268857,0.9668854732722707,1.0436520501349063,0.6373057979203793,4.108650548026103e-33,0.0030161363954134906,0.04211758675099522,2.220446049250313e-16
17,101,crae,reconstruction,forecast,test_noise_shift,0,2,True,0.07981820282151751,0.11850187425619478,0.055363092165440914,0.0001,0.03409389454709821,0.9854620185105037,1.2808456978928393,0.20986799392268857,0.9668854732722707,1.0436520501349063,0.6373057979203793,4.108650548026103e-33,0.0030161363954134906,0.04211758675099522,1.1102230246251565e-16
17,101,crae,reconstruction,reconstruction,test_combined_shift,0,2,True,0.12046954165173933,0.05613801660564907,0.01446082889806552,0.0001,0.045831184576447616,0.9891082848712189,1.1622488740138728,0.18263869137199626,0.9665716141130898,0.9013358614801462,0.7076531753286125,9.244463733058732e-33,0.0009184699379900326,0.06828813677944053,2.220446049250313e-16
17,101,crae,reconstruction,forecast,test_combined_shift,0,2,True,0.12046954165173933,0.10892009963223756,0.055363092165440914,0.0001,0.045831184576447616,0.9891082848712189,1.1622488740138728,0.18263869137199626,0.9665716141130898,0.9013358614801462,0.7076531753286125,9.244463733058732e-33,0.0009184699379900326,0.06828813677944053,1.1102230246251565e-16
17,101,untrained_crae,reconstruction,reconstruction,test_id,0,2,True,0.06095997605259859,0.016621251008992168,0.014971662184960799,0.0001,0.054273721048765454,0.9603413583668887,1.0436520501349063,0.644537940791628,0.9031109058167509,0.664142213722213,0.8936814537572567,1.0271626370065257e-33,0.00024833029676670756,0.18825624423857223,4.440892098500626e-16
17,101,untrained_crae,reconstruction,forecast,test_id,0,2,True,0.06095997605259859,0.056919184435741066,0.05548968068005381,0.0001,0.054273721048765454,0.9603413583668887,1.0436520501349063,0.644537940791628,0.9031109058167509,0.664142213722213,0.8936814537572567,1.0271626370065257e-33,0.00024833029676670756,0.18825624423857223,1.1102230246251565e-16
17,101,untrained_crae,reconstruction,reconstruction,test_mean_shift,0,2,True,0.11684476479826464,0.020731758856477635,0.014971662184960799,0.0001,0.030981975017601915,0.9598310663659966,0.9487745910317329,0.7576499580585263,0.8828284923163179,0.664142213722213,0.9125814065079695,1.0271626370065257e-33,0.0030050780492701444,0.1601221792155819,2.220446049250313e-16
17,101,untrained_crae,reconstruction,forecast,test_mean_shift,0,2,True,0.11684476479826464,0.07928510860752902,0.05548968068005381,0.0001,0.030981975017601915,0.9598310663659966,0.9487745910317329,0.7576499580585263,0.8828284923163179,0.664142213722213,0.9125814065079695,1.0271626370065257e-33,0.0030050780492701444,0.1601221792155819,1.1102230246251565e-16
17,101,untrained_crae,reconstruction,reconstruction,test_variance_shift,0,2,True,0.08587995240382847,0.029969736745325992,0.014971662184960799,0.0001,0.007567654933450854,0.9797263226630586,1.0436520501349063,0.740735791798357,0.9062659362989423,0.9487745910317329,0.9229971885856414,3.697785493223493e-32,0.003191418367694009,0.09710962430226917,4.440892098500626e-16
17,101,untrained_crae,reconstruction,forecast,test_variance_shift,0,2,True,0.08587995240382847,0.08823238533950349,0.05548968068005381,0.0001,0.007567654933450854,0.9797263226630586,1.0436520501349063,0.740735791798357,0.9062659362989423,0.9487745910317329,0.9229971885856414,3.697785493223493e-32,0.003191418367694009,0.09710962430226917,2.220446049250313e-16
17,101,untrained_crae,reconstruction,reconstruction,test_persistence_shift,0,2,True,0.034150314106165355,0.013619379006990399,0.014971662184960799,0.0001,0.046220734339808806,0.9835894935525028,1.2096876035654593,0.034623794820070775,0.9695401090442344,0.9962133205833195,0.6441926533409978,0.0,0.0031293329664446967,0.04380387128839635,4.440892098500626e-16
17,101,untrained_crae,reconstruction,forecast,test_persistence_shift,0,2,True,0.034150314106165355,0.045951536241179244,0.05548968068005381,0.0001,0.046220734339808806,0.9835894935525028,1.2096876035654593,0.034623794820070775,0.9695401090442344,0.9962133205833195,0.6441926533409978,0.0,0.0031293329664446967,0.04380387128839635,2.7755575615628914e-16
17,101,untrained_crae,reconstruction,reconstruction,test_noise_shift,0,2,True,0.08293911911654746,0.07205785921907809,0.014971662184960799,0.0001,0.035001425413707925,0.9854620185105037,1.2808456978928393,0.20986799392268857,0.9637722130460642,1.0436520501349063,0.6492903513116777,1.0271626370065257e-33,0.003052129359537909,0.04375823724908782,4.440892098500626e-16
17,101,untrained_crae,reconstruction,forecast,test_noise_shift,0,2,True,0.08293911911654746,0.11831270180399253,0.05548968068005381,0.0001,0.035001425413707925,0.9854620185105037,1.2808456978928393,0.20986799392268857,0.9637722130460642,1.0436520501349063,0.6492903513116777,1.0271626370065257e-33,0.003052129359537909,0.04375823724908782,1.1102230246251565e-16
17,101,untrained_crae,reconstruction,reconstruction,test_combined_shift,0,2,True,0.12544956766716134,0.056824319114057865,0.014971662184960799,0.0001,0.05550882267162253,0.9891082848712189,1.1622488740138728,0.18263869137199626,0.9699681212689242,0.8538971319285595,0.715852814609922,9.244463733058732e-33,0.006844338141818301,0.08992608552804221,2.220446049250313e-16
17,101,untrained_crae,reconstruction,forecast,test_combined_shift,0,2,True,0.12544956766716134,0.10861978813001694,0.05548968068005381,0.0001,0.05550882267162253,0.9891082848712189,1.1622488740138728,0.18263869137199626,0.9699681212689242,0.8538971319285595,0.715852814609922,9.244463733058732e-33,0.006844338141818301,0.08992608552804221,1.6653345369377348e-16
17,101,cte,forecast,reconstruction,test_id,0,2,True,0.08193860229357436,0.003381135816622978,0.0035836127094601706,0.0001,0.0008878284654292304,0.9603413583668887,1.0436520501349063,0.644537940791628,0.9471152039003109,1.0910907796864928,0.6754002915021842,1.0271626370065257e-33,0.006890733285591107,0.04615812448368892,2.220446049250313e-16
17,101,cte,forecast,forecast,test_id,0,2,True,0.08193860229357436,0.058713498219378685,0.05459345469031876,0.0001,0.0008878284654292304,0.9603413583668887,1.0436520501349063,0.644537940791628,0.9471152039003109,1.0910907796864928,0.6754002915021842,1.0271626370065257e-33,0.006890733285591107,0.04615812448368892,1.1102230246251565e-16
17,101,cte,forecast,reconstruction,test_mean_shift,0,2,True,0.13305545041180694,0.004587760290772728,0.0035836127094601706,0.0001,7.579862768227178e-05,0.9598310663659966,0.9487745910317329,0.7576499580585263,0.9519546223716724,0.9487745910317329,0.7319316756080134,9.244463733058732e-33,0.000855653971862234,0.08280313296998566,1.1102230246251565e-16
17,101,cte,forecast,forecast,test_mean_shift,0,2,True,0.13305545041180694,0.07468294256825116,0.05459345469031876,0.0001,7.579862768227178e-05,0.9598310663659966,0.9487745910317329,0.7576499580585263,0.9519546223716724,0.9487745910317329,0.7319316756080134,9.244463733058732e-33,0.000855653971862234,0.08280313296998566,1.1102230246251565e-16
17,101,cte,forecast,reconstruction,test_variance_shift,0,2,True,0.11359333780475896,0.007382628854503542,0.0035836127094601706,0.0001,0.0001392859513348148,0.9797263226630586,1.0436520501349063,0.740735791798357,0.9757408523389518,1.0436520501349063,0.7808343643564972,4.108650548026103e-33,0.003375492462203691,0.05887870011005943,4.440892098500626e-16
17,101,cte,forecast,forecast,test_variance_shift,0,2,True,0.11359333780475896,0.07799052953257703,0.05459345469031876,0.0001,0.0001392859513348148,0.9797263226630586,1.0436520501349063,0.740735791798357,0.9757408523389518,1.0436520501349063,0.7808343643564972,4.108650548026103e-33,0.003375492462203691,0.05887870011005943,2.220446049250313e-16
17,101,cte,forecast,reconstruction,test_persistence_shift,0,2,True,0.06514008331243792,0.00243997215634503,0.0035836127094601706,0.0001,0.00019114886292334227,0.9835894935525028,1.2096876035654593,0.034623794820070775,0.9864297298897386,1.1859682387896662,0.0379532878454631,3.611118645726067e-35,4.090423983521635e-05,0.0030309211993572575,6.661338147750939e-16
17,101,cte,forecast,forecast,test_persistence_shift,0,2,True,0.06514008331243792,0.054222309072181576,0.05459345469031876,0.0001,0.00019114886292334227,0.9835894935525028,1.2096876035654593,0.034623794820070775,0.9864297298897386,1.1859682387896662,0.0379532878454631,3.611118645726067e-35,4.090423983521635e-05,0.0030309211993572575,3.3306690738754696e-16
17,101,cte,forecast,reconstruction,test_noise_shift,0,2,True,0.1566939215610222,0.07531745640778288,0.0035836127094601706,0.0001,0.0006522011367349409,0.9854620185105037,1.2808456978928393,0.20986799392268857,0.988710422236077,1.2808456978928393,0.12163985139570334,7.864213939581212e-34,0.006773191195767403,0.00617158713319299,2.220446049250313e-16
17,101,cte,forecast,forecast,test_noise_shift,0,2,True,0.1566939215610222,0.12719680544916886,0.05459345469031876,0.0001,0.0006522011367349409,0.9854620185105037,1.2808456978928393,0.20986799392268857,0.988710422236077,1.2808456978928393,0.12163985139570334,7.864213939581212e-34,0.006773191195767403,0.00617158713319299,2.220446049250313e-16
17,101,cte,forecast,reconstruction,test_combined_shift,0,2,True,0.1910368978467391,0.06454139359494537,0.0035836127094601706,0.0001,0.001120584595842032,0.9891082848712189,1.1622488740138728,0.18263869137199626,0.9758291903313958,1.1385295092380794,0.28506546854205833,2.311115933264683e-33,0.006803468851365566,0.0071273508589351775,3.3306690738754696e-16
17,101,cte,forecast,forecast,test_combined_shift,0,2,True,0.1910368978467391,0.12518729625258163,0.05459345469031876,0.0001,0.001120584595842032,0.9891082848712189,1.1622488740138728,0.18263869137199626,0.9758291903313958,1.1385295092380794,0.28506546854205833,2.311115933264683e-33,0.006803468851365566,0.0071273508589351775,2.220446049250313e-16
17,101,untrained_cte,forecast,reconstruction,test_id,0,2,True,0.08378780085105479,0.003243218720948753,0.003419697305037189,0.0001,0.0008174895957435646,0.9603413583668887,1.0436520501349063,0.644537940791628,0.9606802006771191,1.0910907796864928,0.6729577164171264,0.0,0.0030594563730844213,0.045345202399568636,2.220446049250313e-16
17,101,untrained_cte,forecast,forecast,test_id,0,2,True,0.08378780085105479,0.058711460554158386,0.05461709237522391,0.0001,0.0008174895957435646,0.9603413583668887,1.0436520501349063,0.644537940791628,0.9606802006771191,1.0910907796864928,0.6729577164171264,0.0,0.0030594563730844213,0.045345202399568636,1.1102230246251565e-16
17,101,untrained_cte,forecast,reconstruction,test_mean_shift,0,2,True,0.13799515325673714,0.004385969432118321,0.003419697305037189,0.0001,0.0008853844776870063,0.9598310663659966,0.9487745910317329,0.7576499580585263,0.9732553992999151,0.9962133205833196,0.7276161333356079,0.0,0.0011268819839590014,0.07045438085421367,2.220446049250313e-16
17,101,untrained_cte,forecast,forecast,test_mean_shift,0,2,True,0.13799515325673714,0.07419920374934512,0.05461709237522391,0.0001,0.0008853844776870063,0.9598310663659966,0.9487745910317329,0.7576499580585263,0.9732553992999151,0.9962133205833196,0.7276161333356079,0.0,0.0011268819839590014,0.07045438085421367,1.1102230246251565e-16
17,101,untrained_cte,forecast,reconstruction,test_variance_shift,0,2,True,0.11705311393070016,0.007144196183322129,0.003419697305037189,0.0001,0.003115118659943404,0.9797263226630586,1.0436520501349063,0.740735791798357,0.9713714514022638,0.9487745910317329,0.7738307980785452,1.0271626370065257e-33,0.0007118431929067486,0.06661054667026638,3.3306690738754696e-16
17,101,untrained_cte,forecast,forecast,test_variance_shift,0,2,True,0.11705311393070016,0.0779203787075161,0.05461709237522391,0.0001,0.003115118659943404,0.9797263226630586,1.0436520501349063,0.740735791798357,0.9713714514022638,0.9487745910317329,0.7738307980785452,1.0271626370065257e-33,0.0007118431929067486,0.06661054667026638,2.220446049250313e-16
17,101,untrained_cte,forecast,reconstruction,test_persistence_shift,0,2,True,0.06556494721181494,0.002341947589950525,0.003419697305037189,0.0001,0.0016994787476690663,0.9835894935525028,1.2096876035654593,0.034623794820070775,0.9892837554330614,1.1385295092380794,0.03143805387736203,0.0,0.0007687144832799997,0.006770956171244933,5.551115123125783e-16
17,101,untrained_cte,forecast,forecast,test_persistence_shift,0,2,True,0.06556494721181494,0.05428699365504736,0.05461709237522391,0.0001,0.0016994787476690663,0.9835894935525028,1.2096876035654593,0.034623794820070775,0.9892837554330614,1.1385295092380794,0.03143805387736203,0.0,0.0007687144832799997,0.006770956171244933,2.7755575615628914e-16
17,101,untrained_cte,forecast,reconstruction,test_noise_shift,0,2,True,0.15840229756370736,0.07284866975976674,0.003419697305037189,0.0001,0.0005066730750839699,0.9854620185105037,1.2808456978928393,0.20986799392268857,0.9888932066160188,1.2808456978928393,0.1321957035370824,5.7777898331617076e-34,0.003011984992090209,0.006696459373643574,2.220446049250313e-16
17,101,untrained_cte,forecast,forecast,test_noise_shift,0,2,True,0.15840229756370736,0.1264943787992937,0.05461709237522391,0.0001,0.0005066730750839699,0.9854620185105037,1.2808456978928393,0.20986799392268857,0.9888932066160188,1.2808456978928393,0.1321957035370824,5.7777898331617076e-34,0.003011984992090209,0.006696459373643574,1.1102230246251565e-16
17,101,untrained_cte,forecast,reconstruction,test_combined_shift,0,2,True,0.19449554656066684,0.06129690123419191,0.003419697305037189,0.0001,0.0009377268330401867,0.9891082848712189,1.1622488740138728,0.18263869137199626,0.9905106892779327,1.1385295092380794,0.27747761788708164,2.5679065925163143e-34,0.006759357956177817,0.0071888875719307134,3.3306690738754696e-16
17,101,untrained_cte,forecast,forecast,test_combined_shift,0,2,True,0.19449554656066684,0.12505934204650912,0.05461709237522391,0.0001,0.0009377268330401867,0.9891082848712189,1.1622488740138728,0.18263869137199626,0.9905106892779327,1.1385295092380794,0.27747761788708164,2.5679065925163143e-34,0.006759357956177817,0.0071888875719307134,1.1102230246251565e-16
17,101,crte,forecast,reconstruction,test_id,0,2,True,0.07755935752561098,0.016852474147912282,0.015185332613476647,0.0001,0.05419977333975248,0.9603413583668887,1.0436520501349063,0.644537940791628,0.9064579535237134,0.664142213722213,0.8948831645749049,4.108650548026103e-33,0.012190448538683193,0.18854277537898811,2.220446049250313e-16
17,101,crte,forecast,forecast,test_id,0,2,True,0.07755935752561098,0.05699010873944331,0.05548605427880459,0.0001,0.05419977333975248,0.9603413583668887,1.0436520501349063,0.644537940791628,0.9064579535237134,0.664142213722213,0.8948831645749049,4.108650548026103e-33,0.012190448538683193,0.18854277537898811,1.6653345369377348e-16
17,101,crte,forecast,reconstruction,test_mean_shift,0,2,True,0.13724142071722012,0.020927514275296325,0.015185332613476647,0.0001,0.039658221647390156,0.9598310663659966,0.9487745910317329,0.7576499580585263,0.9087766321989362,0.6167034841706264,0.9138151229589143,2.5679065925163147e-32,0.0067728358901482585,0.2320566209924703,1.249000902703301e-16
17,101,crte,forecast,forecast,test_mean_shift,0,2,True,0.13724142071722012,0.07969227313191903,0.05548605427880459,0.0001,0.039658221647390156,0.9598310663659966,0.9487745910317329,0.7576499580585263,0.9087766321989362,0.6167034841706264,0.9138151229589143,2.5679065925163147e-32,0.0067728358901482585,0.2320566209924703,1.1102230246251565e-16
17,101,crte,forecast,reconstruction,test_variance_shift,0,2,True,0.10831825382999309,0.030170920050777296,0.015185332613476647,0.0001,0.01602521213460042,0.9797263226630586,1.0436520501349063,0.740735791798357,0.9199965361132332,0.8538971319285595,0.9251381781063028,0.0,4.696524481923685e-05,0.11571930227337617,3.3306690738754696e-16
17,101,crte,forecast,forecast,test_variance_shift,0,2,True,0.10831825382999309,0.08851900907784109,0.05548605427880459,0.0001,0.01602521213460042,0.9797263226630586,1.0436520501349063,0.740735791798357,0.9199965361132332,0.8538971319285595,0.9251381781063028,0.0,4.696524481923685e-05,0.11571930227337617,2.220446049250313e-16
17,101,crte,forecast,reconstruction,test_persistence_shift,0,2,True,0.051569523796250856,0.013773160858737036,0.015185332613476647,0.0001,0.046530255419164744,0.9835894935525028,1.2096876035654593,0.034623794820070775,0.9789795227501245,0.9962133205833195,0.6478064590628124,1.0271626370065257e-33,0.0007661786268550818,0.044192902536627145,4.440892098500626e-16
17,101,crte,forecast,forecast,test_persistence_shift,0,2,True,0.051569523796250856,0.04591548788106006,0.05548605427880459,0.0001,0.046530255419164744,0.9835894935525028,1.2096876035654593,0.034623794820070775,0.9789795227501245,0.9962133205833195,0.6478064590628124,1.0271626370065257e-33,0.0007661786268550818,0.044192902536627145,2.220446049250313e-16
17,101,crte,forecast,reconstruction,test_noise_shift,0,2,True,0.13023071743788536,0.07369060640794736,0.015185332613476647,0.0001,0.04312691518834754,0.9854620185105037,1.2808456978928393,0.20986799392268857,0.9638540262912527,0.9962133205833196,0.6475813705719594,1.0271626370065257e-33,0.0007668323986603295,0.049533073833196606,1.1102230246251565e-16
17,101,crte,forecast,forecast,test_noise_shift,0,2,True,0.13023071743788536,0.11885070597221155,0.05548605427880459,0.0001,0.04312691518834754,0.9854620185105037,1.2808456978928393,0.20986799392268857,0.9638540262912527,0.9962133205833196,0.6475813705719594,1.0271626370065257e-33,0.0007668323986603295,0.049533073833196606,5.551115123125783e-17
17,101,crte,forecast,reconstruction,test_combined_shift,0,2,True,0.16545121212718836,0.05844425652775438,0.015185332613476647,0.0001,0.05605076672489732,0.9891082848712189,1.1622488740138728,0.18263869137199626,0.9699681212689242,0.8538971319285595,0.7219165695198833,1.0271626370065257e-33,0.0031168632295433605,0.09046514514788988,2.220446049250313e-16
17,101,crte,forecast,forecast,test_combined_shift,0,2,True,0.16545121212718836,0.10877172006291533,0.05548605427880459,0.0001,0.05605076672489732,0.9891082848712189,1.1622488740138728,0.18263869137199626,0.9699681212689242,0.8538971319285595,0.7219165695198833,1.0271626370065257e-33,0.0031168632295433605,0.09046514514788988,1.1102230246251565e-16
17,101,untrained_crte,forecast,reconstruction,test_id,0,2,True,0.07916463471771366,0.016621251008992168,0.014971662184960799,0.0001,0.054273721048765454,0.9603413583668887,1.0436520501349063,0.644537940791628,0.9031109058167509,0.664142213722213,0.8936814537572567,1.0271626370065257e-33,0.00024833029676670756,0.18825624423857223,4.440892098500626e-16
17,101,untrained_crte,forecast,forecast,test_id,0,2,True,0.07916463471771366,0.056919184435741066,0.05548968068005381,0.0001,0.054273721048765454,0.9603413583668887,1.0436520501349063,0.644537940791628,0.9031109058167509,0.664142213722213,0.8936814537572567,1.0271626370065257e-33,0.00024833029676670756,0.18825624423857223,1.1102230246251565e-16
17,101,untrained_crte,forecast,reconstruction,test_mean_shift,0,2,True,0.14273833647377834,0.020731758856477635,0.014971662184960799,0.0001,0.030981975017601915,0.9598310663659966,0.9487745910317329,0.7576499580585263,0.8828284923163179,0.664142213722213,0.9125814065079695,1.0271626370065257e-33,0.0030050780492701444,0.1601221792155819,2.220446049250313e-16
17,101,untrained_crte,forecast,forecast,test_mean_shift,0,2,True,0.14273833647377834,0.07928510860752902,0.05548968068005381,0.0001,0.030981975017601915,0.9598310663659966,0.9487745910317329,0.7576499580585263,0.8828284923163179,0.664142213722213,0.9125814065079695,1.0271626370065257e-33,0.0030050780492701444,0.1601221792155819,1.1102230246251565e-16
17,101,untrained_crte,forecast,reconstruction,test_variance_shift,0,2,True,0.11043214626316489,0.029969736745325992,0.014971662184960799,0.0001,0.007567654933450854,0.9797263226630586,1.0436520501349063,0.740735791798357,0.9062659362989423,0.9487745910317329,0.9229971885856414,3.697785493223493e-32,0.003191418367694009,0.09710962430226917,4.440892098500626e-16
17,101,untrained_crte,forecast,forecast,test_variance_shift,0,2,True,0.11043214626316489,0.08823238533950349,0.05548968068005381,0.0001,0.007567654933450854,0.9797263226630586,1.0436520501349063,0.740735791798357,0.9062659362989423,0.9487745910317329,0.9229971885856414,3.697785493223493e-32,0.003191418367694009,0.09710962430226917,2.220446049250313e-16
17,101,untrained_crte,forecast,reconstruction,test_persistence_shift,0,2,True,0.05182887667256482,0.013619379006990399,0.014971662184960799,0.0001,0.046220734339808806,0.9835894935525028,1.2096876035654593,0.034623794820070775,0.9695401090442344,0.9962133205833195,0.6441926533409978,0.0,0.0031293329664446967,0.04380387128839635,4.440892098500626e-16
17,101,untrained_crte,forecast,forecast,test_persistence_shift,0,2,True,0.05182887667256482,0.045951536241179244,0.05548968068005381,0.0001,0.046220734339808806,0.9835894935525028,1.2096876035654593,0.034623794820070775,0.9695401090442344,0.9962133205833195,0.6441926533409978,0.0,0.0031293329664446967,0.04380387128839635,2.7755575615628914e-16
17,101,untrained_crte,forecast,reconstruction,test_noise_shift,0,2,True,0.1318592143420477,0.07205785921907809,0.014971662184960799,0.0001,0.035001425413707925,0.9854620185105037,1.2808456978928393,0.20986799392268857,0.9637722130460642,1.0436520501349063,0.6492903513116777,1.0271626370065257e-33,0.003052129359537909,0.04375823724908782,4.440892098500626e-16
17,101,untrained_crte,forecast,forecast,test_noise_shift,0,2,True,0.1318592143420477,0.11831270180399253,0.05548968068005381,0.0001,0.035001425413707925,0.9854620185105037,1.2808456978928393,0.20986799392268857,0.9637722130460642,1.0436520501349063,0.6492903513116777,1.0271626370065257e-33,0.003052129359537909,0.04375823724908782,1.1102230246251565e-16
17,101,untrained_crte,forecast,reconstruction,test_combined_shift,0,2,True,0.16972701535096688,0.056824319114057865,0.014971662184960799,0.0001,0.05550882267162253,0.9891082848712189,1.1622488740138728,0.18263869137199626,0.9699681212689242,0.8538971319285595,0.715852814609922,9.244463733058732e-33,0.006844338141818301,0.08992608552804221,2.220446049250313e-16
17,101,untrained_crte,forecast,forecast,test_combined_shift,0,2,True,0.16972701535096688,0.10861978813001694,0.05548968068005381,0.0001,0.05550882267162253,0.9891082848712189,1.1622488740138728,0.18263869137199626,0.9699681212689242,0.8538971319285595,0.715852814609922,9.244463733058732e-33,0.006844338141818301,0.08992608552804221,1.6653345369377348e-16
17,101,qae,reconstruction,reconstruction,test_id,0,2,True,0.5382567929572711,0.003266372994673449,0.0033577884984515747,0.0001,0.00012209200998863573,0.9603413583668887,1.0436520501349063,0.644537940791628,0.9487989958540053,1.0436520501349063,0.6750698845612009,1.6434602192104412e-32,0.003197496381359754,0.0513183860980268,2.220446049250313e-16
17,101,qae,reconstruction,forecast,test_id,0,2,True,0.5382567929572711,0.05881105574644609,0.05462039503651246,0.0001,0.00012209200998863573,0.9603413583668887,1.0436520501349063,0.644537940791628,0.9487989958540053,1.0436520501349063,0.6750698845612009,1.6434602192104412e-32,0.003197496381359754,0.0513183860980268,1.1102230246251565e-16
17,101,qae,reconstruction,reconstruction,test_mean_shift,0,2,True,0.5060625436330625,0.004921640914491693,0.0033577884984515747,0.0001,0.0030357172063812964,0.9598310663659966,0.9487745910317329,0.7576499580585263,0.9700471044483041,1.0436520501349063,0.7555986763417465,9.244463733058732e-33,0.003238592750973363,0.06298376036707899,2.220446049250313e-16
17,101,qae,reconstruction,forecast,test_mean_shift,0,2,True,0.5060625436330625,0.07367753683974675,0.05462039503651246,0.0001,0.0030357172063812964,0.9598310663659966,0.9487745910317329,0.7576499580585263,0.9700471044483041,1.0436520501349063,0.7555986763417465,9.244463733058732e-33,0.003238592750973363,0.06298376036707899,1.1102230246251565e-16
17,101,qae,reconstruction,reconstruction,test_variance_shift,0,2,True,0.7094603737896922,0.005677063002887723,0.0033577884984515747,0.0001,6.927907403583569e-05,0.9797263226630586,1.0436520501349063,0.740735791798357,0.9795568885632167,1.0436520501349063,0.7695669217930914,1.6434602192104412e-32,0.0032285534614257556,0.05616863057368213,2.220446049250313e-16
17,101,qae,reconstruction,forecast,test_variance_shift,0,2,True,0.7094603737896922,0.0777209942119375,0.05462039503651246,0.0001,6.927907403583569e-05,0.9797263226630586,1.0436520501349063,0.740735791798357,0.9795568885632167,1.0436520501349063,0.7695669217930914,1.6434602192104412e-32,0.0032285534614257556,0.05616863057368213,2.220446049250313e-16
17,101,qae,reconstruction,reconstruction,test_persistence_shift,0,2,True,0.5044359380067314,0.002225601362082988,0.0033577884984515747,0.0001,0.0002129824861599768,0.9835894935525028,1.2096876035654593,0.034623794820070775,0.9897419886721791,1.1859682387896662,0.04703121145934775,3.611118645726067e-35,0.0007975119033527935,0.003125257819731797,6.661338147750939e-16
17,101,qae,reconstruction,forecast,test_persistence_shift,0,2,True,0.5044359380067314,0.05436892481067037,0.05462039503651246,0.0001,0.0002129824861599768,0.9835894935525028,1.2096876035654593,0.034623794820070775,0.9897419886721791,1.1859682387896662,0.04703121145934775,3.611118645726067e-35,0.0007975119033527935,0.003125257819731797,3.3306690738754696e-16
17,101,qae,reconstruction,reconstruction,test_noise_shift,0,2,True,0.4867782240256936,0.07232046683925937,0.0033577884984515747,0.0001,0.0012080826024289074,0.9854620185105037,1.2808456978928393,0.20986799392268857,0.9951247747259147,1.2334069683412527,0.13830135677549021,2.5679065925163143e-34,0.0068090812494020535,0.007084508836796171,2.220446049250313e-16
17,101,qae,reconstruction,forecast,test_noise_shift,0,2,True,0.4867782240256936,0.12661281825338586,0.05462039503651246,0.0001,0.0012080826024289074,0.9854620185105037,1.2808456978928393,0.20986799392268857,0.9951247747259147,1.2334069683412527,0.13830135677549021,2.5679065925163143e-34,0.0068090812494020535,0.007084508836796171,1.1102230246251565e-16
17,101,qae,reconstruction,reconstruction,test_combined_shift,0,2,True,0.4089860063986113,0.058792950688850314,0.0033577884984515747,0.0001,0.0012532674684786183,0.9891082848712189,1.1622488740138728,0.18263869137199626,0.9959994624557882,1.1385295092380794,0.29488317117508744,2.311115933264683e-33,2.715346175405066e-05,0.011129454885868246,4.440892098500626e-16
17,101,qae,reconstruction,forecast,test_combined_shift,0,2,True,0.4089860063986113,0.12465175934960368,0.05462039503651246,0.0001,0.0012532674684786183,0.9891082848712189,1.1622488740138728,0.18263869137199626,0.9959994624557882,1.1385295092380794,0.29488317117508744,2.311115933264683e-33,2.715346175405066e-05,0.011129454885868246,2.220446049250313e-16
17,101,untrained_qae,reconstruction,reconstruction,test_id,0,2,True,0.5562532540103945,0.0033713772064106304,0.003400873343540466,0.0001,0.00010858494774676051,0.9603413583668887,1.0436520501349063,0.644537940791628,0.9487989958540053,1.0436520501349063,0.6722888839007524,4.108650548026103e-33,0.0031993515621036323,0.05102168645813545,3.3306690738754696e-16
17,101,untrained_qae,reconstruction,forecast,test_id,0,2,True,0.5562532540103945,0.059008032507991574,0.054593717222883635,0.0001,0.00010858494774676051,0.9603413583668887,1.0436520501349063,0.644537940791628,0.9487989958540053,1.0436520501349063,0.6722888839007524,4.108650548026103e-33,0.0031993515621036323,0.05102168645813545,1.6653345369377348e-16
17,101,untrained_qae,reconstruction,reconstruction,test_mean_shift,0,2,True,0.5219187694598433,0.005366762086710392,0.003400873343540466,0.0001,0.0030221021635284204,0.9598310663659966,0.9487745910317329,0.7576499580585263,0.9678504229133289,1.0436520501349063,0.7586778982857516,4.108650548026103e-33,0.003200144390654993,0.06347476254868593,2.220446049250313e-16
17,101,untrained_qae,reconstruction,forecast,test_mean_shift,0,2,True,0.5219187694598433,0.07368285692717645,0.054593717222883635,0.0001,0.0030221021635284204,0.9598310663659966,0.9487745910317329,0.7576499580585263,0.9678504229133289,1.0436520501349063,0.7586778982857516,4.108650548026103e-33,0.003200144390654993,0.06347476254868593,5.551115123125783e-17
17,101,untrained_qae,reconstruction,reconstruction,test_variance_shift,0,2,True,0.7270811269139454,0.005193610717855712,0.003400873343540466,0.0001,6.45968203028296e-05,0.9797263226630586,1.0436520501349063,0.740735791798357,0.9795568885632167,1.0436520501349063,0.768575457959739,4.108650548026103e-33,0.003167369848597721,0.05602549483866747,2.220446049250313e-16
17,101,untrained_qae,reconstruction,forecast,test_variance_shift,0,2,True,0.7270811269139454,0.07725080976019245,0.054593717222883635,0.0001,6.45968203028296e-05,0.9797263226630586,1.0436520501349063,0.740735791798357,0.9795568885632167,1.0436520501349063,0.768575457959739,4.108650548026103e-33,0.003167369848597721,0.05602549483866747,1.6653345369377348e-16
17,101,untrained_qae,reconstruction,reconstruction,test_persistence_shift,0,2,True,0.5203751632462811,0.0022186095215073315,0.003400873343540466,0.0001,0.00021375016082599666,0.9835894935525028,1.2096876035654593,0.034623794820070775,0.9897419886721791,1.1859682387896662,0.047397051399848907,4.012354050806741e-36,0.0008025629119448492,0.0031026210846202868,7.771561172376096e-16
17,101,untrained_qae,reconstruction,forecast,test_persistence_shift,0,2,True,0.5203751632462811,0.05441579829946546,0.054593717222883635,0.0001,0.00021375016082599666,0.9835894935525028,1.2096876035654593,0.034623794820070775,0.9897419886721791,1.1859682387896662,0.047397051399848907,4.012354050806741e-36,0.0008025629119448492,0.0031026210846202868,3.3306690738754696e-16
17,101,untrained_qae,reconstruction,reconstruction,test_noise_shift,0,2,True,0.5017518551350589,0.0728720190556983,0.003400873343540466,0.0001,0.0012014712983912915,0.9854620185105037,1.2808456978928393,0.20986799392268857,0.9951247747259147,1.2334069683412527,0.1388577981469596,0.0,0.006797585669222968,0.007182033609938819,4.440892098500626e-16
17,101,untrained_qae,reconstruction,forecast,test_noise_shift,0,2,True,0.5017518551350589,0.12690338865108464,0.054593717222883635,0.0001,0.0012014712983912915,0.9854620185105037,1.2808456978928393,0.20986799392268857,0.9951247747259147,1.2334069683412527,0.1388577981469596,0.0,0.006797585669222968,0.007182033609938819,2.220446049250313e-16
17,101,untrained_qae,reconstruction,reconstruction,test_combined_shift,0,2,True,0.419929760381397,0.0585010627186095,0.003400873343540466,0.0001,0.00131718747069475,0.9891082848712189,1.1622488740138728,0.18263869137199626,0.9977488379155351,1.1385295092380794,0.2977785192302219,1.0271626370065257e-33,3.924362971981584e-05,0.01642186570555775,2.220446049250313e-16
17,101,untrained_qae,reconstruction,forecast,test_combined_shift,0,2,True,0.419929760381397,0.12447333305974778,0.054593717222883635,0.0001,0.00131718747069475,0.9891082848712189,1.1622488740138728,0.18263869137199626,0.9977488379155351,1.1385295092380794,0.2977785192302219,1.0271626370065257e-33,3.924362971981584e-05,0.01642186570555775,2.220446049250313e-16
17,101,qrae,reconstruction,reconstruction,test_id,0,2,True,0.5316698590553015,0.016621011503225088,0.014597725795061097,0.0001,0.05406613191712196,0.9603413583668887,1.0436520501349063,0.644537940791628,0.9064579535237134,0.664142213722213,0.8916594372251287,0.0,0.0008160961322464351,0.1864206397551448,2.220446049250313e-16
17,101,qrae,reconstruction,forecast,test_id,0,2,True,0.5316698590553015,0.056815847297535436,0.05541458593822832,0.0001,0.05406613191712196,0.9603413583668887,1.0436520501349063,0.644537940791628,0.9064579535237134,0.664142213722213,0.8916594372251287,0.0,0.0008160961322464351,0.1864206397551448,1.1102230246251565e-16
17,101,qrae,reconstruction,reconstruction,test_mean_shift,0,2,True,0.5008541985033542,0.019604676258273442,0.014597725795061097,0.0001,0.009509588382944297,0.9598310663659966,0.9487745910317329,0.7576499580585263,0.9066006313804693,0.806458402376973,0.9051814921367325,4.108650548026103e-33,0.0007577784404830599,0.15695397635869654,2.220446049250313e-16
17,101,qrae,reconstruction,forecast,test_mean_shift,0,2,True,0.5008541985033542,0.07973812171553585,0.05541458593822832,0.0001,0.009509588382944297,0.9598310663659966,0.9487745910317329,0.7576499580585263,0.9066006313804693,0.806458402376973,0.9051814921367325,4.108650548026103e-33,0.0007577784404830599,0.15695397635869654,1.1102230246251565e-16
17,101,qrae,reconstruction,reconstruction,test_variance_shift,0,2,True,0.6864782796323164,0.03072444109475003,0.014597725795061097,0.0001,0.016122056327308776,0.9797263226630586,1.0436520501349063,0.740735791798357,0.9162562819987246,0.8538971319285595,0.9232821578152874,4.108650548026103e-33,0.0008348871147702475,0.1267490352098186,2.220446049250313e-16
17,101,qrae,reconstruction,forecast,test_variance_shift,0,2,True,0.6864782796323164,0.08973421907114104,0.05541458593822832,0.0001,0.016122056327308776,0.9797263226630586,1.0436520501349063,0.740735791798357,0.9162562819987246,0.8538971319285595,0.9232821578152874,4.108650548026103e-33,0.0008348871147702475,0.1267490352098186,2.220446049250313e-16
17,101,qrae,reconstruction,reconstruction,test_persistence_shift,0,2,True,0.4934493944249879,0.013413945067157157,0.014597725795061097,0.0001,0.03135201383963401,0.9835894935525028,1.2096876035654593,0.034623794820070775,0.9706010618154024,1.1385295092380794,0.6306904614660372,0.0,0.0008344020739870067,0.03492654334085938,4.440892098500626e-16
17,101,qrae,reconstruction,forecast,test_persistence_shift,0,2,True,0.4934493944249879,0.04604972684789986,0.05541458593822832,0.0001,0.03135201383963401,0.9835894935525028,1.2096876035654593,0.034623794820070775,0.9706010618154024,1.1385295092380794,0.6306904614660372,0.0,0.0008344020739870067,0.03492654334085938,1.6653345369377348e-16
17,101,qrae,reconstruction,reconstruction,test_noise_shift,0,2,True,0.48563678619865047,0.07272003249701296,0.014597725795061097,0.0001,0.03373349306685442,0.9854620185105037,1.2808456978928393,0.20986799392268857,0.9614631917381732,1.0436520501349063,0.631121879257414,4.108650548026103e-33,0.003074277220343117,0.040874803722281715,2.220446049250313e-16
17,101,qrae,reconstruction,forecast,test_noise_shift,0,2,True,0.48563678619865047,0.11884879674969064,0.05541458593822832,0.0001,0.03373349306685442,0.9854620185105037,1.2808456978928393,0.20986799392268857,0.9614631917381732,1.0436520501349063,0.631121879257414,4.108650548026103e-33,0.003074277220343117,0.040874803722281715,1.1102230246251565e-16
17,101,qrae,reconstruction,reconstruction,test_combined_shift,0,2,True,0.40560531236448477,0.05907672678083422,0.014597725795061097,0.0001,0.045892748391357284,0.9891082848712189,1.1622488740138728,0.18263869137199626,0.9654605817892772,0.9013358614801462,0.7081610265913307,1.0271626370065257e-33,0.0031122461797795133,0.06807774054815212,2.220446049250313e-16
17,101,qrae,reconstruction,forecast,test_combined_shift,0,2,True,0.40560531236448477,0.10960672206874755,0.05541458593822832,0.0001,0.045892748391357284,0.9891082848712189,1.1622488740138728,0.18263869137199626,0.9654605817892772,0.9013358614801462,0.7081610265913307,1.0271626370065257e-33,0.0031122461797795133,0.06807774054815212,2.220446049250313e-16
17,101,untrained_qrae,reconstruction,reconstruction,test_id,0,2,True,0.5506912764799704,0.017479601628310512,0.015255277192893177,0.0001,0.05417156752278037,0.9603413583668887,1.0436520501349063,0.644537940791628,0.9073763031753999,0.664142213722213,0.8949910466850426,0.0,0.00010811966444112338,0.18710402455911343,2.7755575615628914e-16
17,101,untrained_qrae,reconstruction,forecast,test_id,0,2,True,0.5506912764799704,0.05688526923599585,0.05567485352959424,0.0001,0.05417156752278037,0.9603413583668887,1.0436520501349063,0.644537940791628,0.9073763031753999,0.664142213722213,0.8949910466850426,0.0,0.00010811966444112338,0.18710402455911343,1.6653345369377348e-16
17,101,untrained_qrae,reconstruction,reconstruction,test_mean_shift,0,2,True,0.51815369376646,0.020753076875072402,0.015255277192893177,0.0001,0.02225393225992431,0.9598310663659966,0.9487745910317329,0.7576499580585263,0.8901182675205956,0.7115809432737996,0.907864417019028,0.0,0.0008154429055042198,0.17367558865637467,2.220446049250313e-16
17,101,untrained_qrae,reconstruction,forecast,test_mean_shift,0,2,True,0.51815369376646,0.0802519062259201,0.05567485352959424,0.0001,0.02225393225992431,0.9598310663659966,0.9487745910317329,0.7576499580585263,0.8901182675205956,0.7115809432737996,0.907864417019028,0.0,0.0008154429055042198,0.17367558865637467,1.1102230246251565e-16
17,101,untrained_qrae,reconstruction,reconstruction,test_variance_shift,0,2,True,0.7089147101317177,0.031927001735150284,0.015255277192893177,0.0001,0.016135215757299013,0.9797263226630586,1.0436520501349063,0.740735791798357,0.9162562819987246,0.8538971319285595,0.9237141755103955,1.0271626370065257e-33,7.643106499137905e-05,0.12667953885172936,4.440892098500626e-16
17,101,untrained_qrae,reconstruction,forecast,test_variance_shift,0,2,True,0.7089147101317177,0.09173995360395881,0.05567485352959424,0.0001,0.016135215757299013,0.9797263226630586,1.0436520501349063,0.740735791798357,0.9162562819987246,0.8538971319285595,0.9237141755103955,1.0271626370065257e-33,7.643106499137905e-05,0.12667953885172936,1.1102230246251565e-16
17,101,untrained_qrae,reconstruction,reconstruction,test_persistence_shift,0,2,True,0.5118721304163408,0.013825694171276324,0.015255277192893177,0.0001,0.04586609135069731,0.9835894935525028,1.2096876035654593,0.034623794820070775,0.9722096612265076,0.9962133205833195,0.6409158167817173,0.0,0.0030520826582985665,0.038381992995447235,4.440892098500626e-16
17,101,untrained_qrae,reconstruction,forecast,test_persistence_shift,0,2,True,0.5118721304163408,0.045891312823797555,0.05567485352959424,0.0001,0.04586609135069731,0.9835894935525028,1.2096876035654593,0.034623794820070775,0.9722096612265076,0.9962133205833195,0.6409158167817173,0.0,0.0030520826582985665,0.038381992995447235,2.220446049250313e-16
17,101,untrained_qrae,reconstruction,reconstruction,test_noise_shift,0,2,True,0.5038043784845205,0.07395294065314019,0.015255277192893177,0.0001,0.034422793479833784,0.9854620185105037,1.2808456978928393,0.20986799392268857,0.9550520155727334,1.0436520501349063,0.6392060221666899,1.0271626370065257e-33,0.006877048032502212,0.04127574855414601,1.6653345369377348e-16
17,101,untrained_qrae,reconstruction,forecast,test_noise_shift,0,2,True,0.5038043784845205,0.11907731109900654,0.05567485352959424,0.0001,0.034422793479833784,0.9854620185105037,1.2808456978928393,0.20986799392268857,0.9550520155727334,1.0436520501349063,0.6392060221666899,1.0271626370065257e-33,0.006877048032502212,0.04127574855414601,1.1102230246251565e-16
17,101,untrained_qrae,reconstruction,reconstruction,test_combined_shift,0,2,True,0.42086810142576664,0.05951690277362819,0.015255277192893177,0.0001,0.04654657239725792,0.9891082848712189,1.1622488740138728,0.18263869137199626,0.9649512332363493,0.9013358614801462,0.7154822103854472,1.0271626370065257e-33,0.0008829583483033425,0.06901333545453503,2.220446049250313e-16
17,101,untrained_qrae,reconstruction,forecast,test_combined_shift,0,2,True,0.42086810142576664,0.1095035436163364,0.05567485352959424,0.0001,0.04654657239725792,0.9891082848712189,1.1622488740138728,0.18263869137199626,0.9649512332363493,0.9013358614801462,0.7154822103854472,1.0271626370065257e-33,0.0008829583483033425,0.06901333545453503,1.1102230246251565e-16
17,101,qte,forecast,reconstruction,test_id,0,2,True,0.5658570747723556,0.003265896703026117,0.0033601297298202827,0.0001,0.00012522437573688408,0.9603413583668887,1.0436520501349063,0.644537940791628,0.9487989958540053,1.0436520501349063,0.6756793598236397,1.0271626370065257e-33,0.0031704909648727696,0.05136274637004817,3.3306690738754696e-16
17,101,qte,forecast,forecast,test_id,0,2,True,0.5658570747723556,0.05876775630274609,0.054627918848783874,0.0001,0.00012522437573688408,0.9603413583668887,1.0436520501349063,0.644537940791628,0.9487989958540053,1.0436520501349063,0.6756793598236397,1.0271626370065257e-33,0.0031704909648727696,0.05136274637004817,1.1102230246251565e-16
17,101,qte,forecast,reconstruction,test_mean_shift,0,2,True,0.5360683170322349,0.004907182042812218,0.0033601297298202827,0.0001,0.003035707058842456,0.9598310663659966,0.9487745910317329,0.7576499580585263,0.9700471044483041,1.0436520501349063,0.7556285758048406,2.5679065925163147e-32,0.0032386187751936957,0.06297110268263155,3.3306690738754696e-16
17,101,qte,forecast,forecast,test_mean_shift,0,2,True,0.5360683170322349,0.07368025982352382,0.054627918848783874,0.0001,0.003035707058842456,0.9598310663659966,0.9487745910317329,0.7576499580585263,0.9700471044483041,1.0436520501349063,0.7556285758048406,2.5679065925163147e-32,0.0032386187751936957,0.06297110268263155,1.1102230246251565e-16
17,101,qte,forecast,reconstruction,test_variance_shift,0,2,True,0.7406506221028073,0.0057295498086613805,0.0033601297298202827,0.0001,6.60003269944643e-05,0.9797263226630586,1.0436520501349063,0.740735791798357,0.9795568885632167,1.0436520501349063,0.7688763158211398,0.0,0.0032344564251047133,0.05604381696475793,2.220446049250313e-16
17,101,qte,forecast,forecast,test_variance_shift,0,2,True,0.7406506221028073,0.07788039073661222,0.054627918848783874,0.0001,6.60003269944643e-05,0.9797263226630586,1.0436520501349063,0.740735791798357,0.9795568885632167,1.0436520501349063,0.7688763158211398,0.0,0.0032344564251047133,0.05604381696475793,2.220446049250313e-16
17,101,qte,forecast,reconstruction,test_persistence_shift,0,2,True,0.544077231458445,0.0022266119773011023,0.0033601297298202827,0.0001,0.00021335264688884638,0.9835894935525028,1.2096876035654593,0.034623794820070775,0.9897419886721791,1.1859682387896662,0.047208941478216714,1.6049416203226965e-35,0.0007975225941070194,0.00312477056624211,7.771561172376096e-16
17,101,qte,forecast,forecast,test_persistence_shift,0,2,True,0.544077231458445,0.054357538838804065,0.054627918848783874,0.0001,0.00021335264688884638,0.9835894935525028,1.2096876035654593,0.034623794820070775,0.9897419886721791,1.1859682387896662,0.047208941478216714,1.6049416203226965e-35,0.0007975225941070194,0.00312477056624211,4.440892098500626e-16
17,101,qte,forecast,reconstruction,test_noise_shift,0,2,True,0.5724770542987709,0.0723911785677293,0.0033601297298202827,0.0001,0.0012129525574210399,0.9854620185105037,1.2808456978928393,0.20986799392268857,0.9951247747259147,1.2334069683412527,0.13789422778207078,6.419766481290786e-35,0.006809181985859781,0.007062853249659472,2.220446049250313e-16
17,101,qte,forecast,forecast,test_noise_shift,0,2,True,0.5724770542987709,0.12663087559260144,0.054627918848783874,0.0001,0.0012129525574210399,0.9854620185105037,1.2808456978928393,0.20986799392268857,0.9951247747259147,1.2334069683412527,0.13789422778207078,6.419766481290786e-35,0.006809181985859781,0.007062853249659472,1.1102230246251565e-16
17,101,qte,forecast,reconstruction,test_combined_shift,0,2,True,0.4993345111824098,0.05883996597505843,0.0033601297298202827,0.0001,0.0012559920315388662,0.9891082848712189,1.1622488740138728,0.18263869137199626,0.9959994624557882,1.1385295092380794,0.2950287176331798,2.5679065925163143e-34,2.6857275926038847e-05,0.011140941279058103,2.220446049250313e-16
17,101,qte,forecast,forecast,test_combined_shift,0,2,True,0.4993345111824098,0.124660559329404,0.054627918848783874,0.0001,0.0012559920315388662,0.9891082848712189,1.1622488740138728,0.18263869137199626,0.9959994624557882,1.1385295092380794,0.2950287176331798,2.5679065925163143e-34,2.6857275926038847e-05,0.011140941279058103,1.1102230246251565e-16
17,101,untrained_qte,forecast,reconstruction,test_id,0,2,True,0.5837594473559421,0.0033713772064106304,0.003400873343540466,0.0001,0.00010858494774676051,0.9603413583668887,1.0436520501349063,0.644537940791628,0.9487989958540053,1.0436520501349063,0.6722888839007524,4.108650548026103e-33,0.0031993515621036323,0.05102168645813545,3.3306690738754696e-16
17,101,untrained_qte,forecast,forecast,test_id,0,2,True,0.5837594473559421,0.059008032507991574,0.054593717222883635,0.0001,0.00010858494774676051,0.9603413583668887,1.0436520501349063,0.644537940791628,0.9487989958540053,1.0436520501349063,0.6722888839007524,4.108650548026103e-33,0.0031993515621036323,0.05102168645813545,1.6653345369377348e-16
17,101,untrained_qte,forecast,reconstruction,test_mean_shift,0,2,True,0.5522359568183328,0.005366762086710392,0.003400873343540466,0.0001,0.0030221021635284204,0.9598310663659966,0.9487745910317329,0.7576499580585263,0.9678504229133289,1.0436520501349063,0.7586778982857516,4.108650548026103e-33,0.003200144390654993,0.06347476254868593,2.220446049250313e-16
17,101,untrained_qte,forecast,forecast,test_mean_shift,0,2,True,0.5522359568183328,0.07368285692717645,0.054593717222883635,0.0001,0.0030221021635284204,0.9598310663659966,0.9487745910317329,0.7576499580585263,0.9678504229133289,1.0436520501349063,0.7586778982857516,4.108650548026103e-33,0.003200144390654993,0.06347476254868593,5.551115123125783e-17
17,101,untrained_qte,forecast,reconstruction,test_variance_shift,0,2,True,0.7581276693279481,0.005193610717855712,0.003400873343540466,0.0001,6.45968203028296e-05,0.9797263226630586,1.0436520501349063,0.740735791798357,0.9795568885632167,1.0436520501349063,0.768575457959739,4.108650548026103e-33,0.003167369848597721,0.05602549483866747,2.220446049250313e-16
17,101,untrained_qte,forecast,forecast,test_variance_shift,0,2,True,0.7581276693279481,0.07725080976019245,0.054593717222883635,0.0001,6.45968203028296e-05,0.9797263226630586,1.0436520501349063,0.740735791798357,0.9795568885632167,1.0436520501349063,0.768575457959739,4.108650548026103e-33,0.003167369848597721,0.05602549483866747,1.6653345369377348e-16
17,101,untrained_qte,forecast,reconstruction,test_persistence_shift,0,2,True,0.5600421478053567,0.0022186095215073315,0.003400873343540466,0.0001,0.00021375016082599666,0.9835894935525028,1.2096876035654593,0.034623794820070775,0.9897419886721791,1.1859682387896662,0.047397051399848907,4.012354050806741e-36,0.0008025629119448492,0.0031026210846202868,7.771561172376096e-16
17,101,untrained_qte,forecast,forecast,test_persistence_shift,0,2,True,0.5600421478053567,0.05441579829946546,0.054593717222883635,0.0001,0.00021375016082599666,0.9835894935525028,1.2096876035654593,0.034623794820070775,0.9897419886721791,1.1859682387896662,0.047397051399848907,4.012354050806741e-36,0.0008025629119448492,0.0031026210846202868,3.3306690738754696e-16
17,101,untrained_qte,forecast,reconstruction,test_noise_shift,0,2,True,0.5871375524575976,0.0728720190556983,0.003400873343540466,0.0001,0.0012014712983912915,0.9854620185105037,1.2808456978928393,0.20986799392268857,0.9951247747259147,1.2334069683412527,0.1388577981469596,0.0,0.006797585669222968,0.007182033609938819,4.440892098500626e-16
17,101,untrained_qte,forecast,forecast,test_noise_shift,0,2,True,0.5871375524575976,0.12690338865108464,0.054593717222883635,0.0001,0.0012014712983912915,0.9854620185105037,1.2808456978928393,0.20986799392268857,0.9951247747259147,1.2334069683412527,0.1388577981469596,0.0,0.006797585669222968,0.007182033609938819,2.220446049250313e-16
17,101,untrained_qte,forecast,reconstruction,test_combined_shift,0,2,True,0.51057144820382,0.0585010627186095,0.003400873343540466,0.0001,0.00131718747069475,0.9891082848712189,1.1622488740138728,0.18263869137199626,0.9977488379155351,1.1385295092380794,0.2977785192302219,1.0271626370065257e-33,3.924362971981584e-05,0.01642186570555775,2.220446049250313e-16
17,101,untrained_qte,forecast,forecast,test_combined_shift,0,2,True,0.51057144820382,0.12447333305974778,0.054593717222883635,0.0001,0.00131718747069475,0.9891082848712189,1.1622488740138728,0.18263869137199626,0.9977488379155351,1.1385295092380794,0.2977785192302219,1.0271626370065257e-33,3.924362971981584e-05,0.01642186570555775,2.220446049250313e-16
17,101,qrte,forecast,reconstruction,test_id,0,2,True,0.5484848577500386,0.01662028740510109,0.01460765852855348,0.0001,0.05406514079223399,0.9603413583668887,1.0436520501349063,0.644537940791628,0.9064579535237134,0.664142213722213,0.8916353719819929,1.6434602192104412e-32,0.0008161321668964405,0.18639789649468208,2.7755575615628914e-16
17,101,qrte,forecast,forecast,test_id,0,2,True,0.5484848577500386,0.05681060084438954,0.055412874085712716,0.0001,0.05406514079223399,0.9603413583668887,1.0436520501349063,0.644537940791628,0.9064579535237134,0.664142213722213,0.8916353719819929,1.6434602192104412e-32,0.0008161321668964405,0.18639789649468208,1.1102230246251565e-16
17,101,qrte,forecast,reconstruction,test_mean_shift,0,2,True,0.5272583477370724,0.019638997308906173,0.01460765852855348,0.0001,0.009512281192549567,0.9598310663659966,0.9487745910317329,0.7576499580585263,0.9066006313804693,0.806458402376973,0.9052909661244839,1.0271626370065257e-33,0.0007578030163272234,0.15691238624001777,2.220446049250313e-16
17,101,qrte,forecast,forecast,test_mean_shift,0,2,True,0.5272583477370724,0.07972267677690426,0.055412874085712716,0.0001,0.009512281192549567,0.9598310663659966,0.9487745910317329,0.7576499580585263,0.9066006313804693,0.806458402376973,0.9052909661244839,1.0271626370065257e-33,0.0007578030163272234,0.15691238624001777,1.1102230246251565e-16
17,101,qrte,forecast,reconstruction,test_variance_shift,0,2,True,0.7109993526451713,0.030658258111030616,0.01460765852855348,0.0001,0.01612083441670629,0.9797263226630586,1.0436520501349063,0.740735791798357,0.9162562819987246,0.8538971319285595,0.9232419911965071,4.108650548026103e-33,0.0008348232920087128,0.12675816766887335,2.220446049250313e-16
17,101,qrte,forecast,forecast,test_variance_shift,0,2,True,0.7109993526451713,0.08971830500754256,0.055412874085712716,0.0001,0.01612083441670629,0.9797263226630586,1.0436520501349063,0.740735791798357,0.9162562819987246,0.8538971319285595,0.9232419911965071,4.108650548026103e-33,0.0008348232920087128,0.12675816766887335,1.1102230246251565e-16
17,101,qrte,forecast,reconstruction,test_persistence_shift,0,2,True,0.5130138510222082,0.013410247381185311,0.01460765852855348,0.0001,0.031354739526996765,0.9835894935525028,1.2096876035654593,0.034623794820070775,0.9706010618154024,1.1385295092380794,0.6307178975712946,0.0,0.0008343652508167477,0.03494568365582543,4.440892098500626e-16
17,101,qrte,forecast,forecast,test_persistence_shift,0,2,True,0.5130138510222082,0.04604499202827087,0.055412874085712716,0.0001,0.031354739526996765,0.9835894935525028,1.2096876035654593,0.034623794820070775,0.9706010618154024,1.1385295092380794,0.6307178975712946,0.0,0.0008343652508167477,0.03494568365582543,2.220446049250313e-16
17,101,qrte,forecast,reconstruction,test_noise_shift,0,2,True,0.5314486870273999,0.07281209760887628,0.01460765852855348,0.0001,0.03373626823944618,0.9854620185105037,1.2808456978928393,0.20986799392268857,0.9614631917381732,1.0436520501349063,0.6311614047193721,0.0,0.0030742734464695187,0.040872146884350515,2.220446049250313e-16
17,101,qrte,forecast,forecast,test_noise_shift,0,2,True,0.5314486870273999,0.11888745456692647,0.055412874085712716,0.0001,0.03373626823944618,0.9854620185105037,1.2808456978928393,0.20986799392268857,0.9614631917381732,1.0436520501349063,0.6311614047193721,0.0,0.0030742734464695187,0.040872146884350515,1.1102230246251565e-16
17,101,qrte,forecast,reconstruction,test_combined_shift,0,2,True,0.4538468542811845,0.05910060160595291,0.01460765852855348,0.0001,0.045915482639903415,0.9891082848712189,1.1622488740138728,0.18263869137199626,0.9654605817892772,0.9013358614801462,0.7084205242617758,1.6434602192104412e-32,0.0031122572016681507,0.06810024201250169,2.220446049250313e-16
17,101,qrte,forecast,forecast,test_combined_shift,0,2,True,0.4538468542811845,0.10958839462880687,0.055412874085712716,0.0001,0.045915482639903415,0.9891082848712189,1.1622488740138728,0.18263869137199626,0.9654605817892772,0.9013358614801462,0.7084205242617758,1.6434602192104412e-32,0.0031122572016681507,0.06810024201250169,1.1102230246251565e-16
17,101,untrained_qrte,forecast,reconstruction,test_id,0,2,True,0.5669531205027164,0.017479601628310512,0.015255277192893177,0.0001,0.05417156752278037,0.9603413583668887,1.0436520501349063,0.644537940791628,0.9073763031753999,0.664142213722213,0.8949910466850426,0.0,0.00010811966444112338,0.18710402455911343,2.7755575615628914e-16
17,101,untrained_qrte,forecast,forecast,test_id,0,2,True,0.5669531205027164,0.05688526923599585,0.05567485352959424,0.0001,0.05417156752278037,0.9603413583668887,1.0436520501349063,0.644537940791628,0.9073763031753999,0.664142213722213,0.8949910466850426,0.0,0.00010811966444112338,0.18710402455911343,1.6653345369377348e-16
17,101,untrained_qrte,forecast,reconstruction,test_mean_shift,0,2,True,0.5436346749226645,0.020753076875072402,0.015255277192893177,0.0001,0.02225393225992431,0.9598310663659966,0.9487745910317329,0.7576499580585263,0.8901182675205956,0.7115809432737996,0.907864417019028,0.0,0.0008154429055042198,0.17367558865637467,2.220446049250313e-16
17,101,untrained_qrte,forecast,forecast,test_mean_shift,0,2,True,0.5436346749226645,0.0802519062259201,0.05567485352959424,0.0001,0.02225393225992431,0.9598310663659966,0.9487745910317329,0.7576499580585263,0.8901182675205956,0.7115809432737996,0.907864417019028,0.0,0.0008154429055042198,0.17367558865637467,1.1102230246251565e-16
17,101,untrained_qrte,forecast,reconstruction,test_variance_shift,0,2,True,0.7321467660751473,0.031927001735150284,0.015255277192893177,0.0001,0.016135215757299013,0.9797263226630586,1.0436520501349063,0.740735791798357,0.9162562819987246,0.8538971319285595,0.9237141755103955,1.0271626370065257e-33,7.643106499137905e-05,0.12667953885172936,4.440892098500626e-16
17,101,untrained_qrte,forecast,forecast,test_variance_shift,0,2,True,0.7321467660751473,0.09173995360395881,0.05567485352959424,0.0001,0.016135215757299013,0.9797263226630586,1.0436520501349063,0.740735791798357,0.9162562819987246,0.8538971319285595,0.9237141755103955,1.0271626370065257e-33,7.643106499137905e-05,0.12667953885172936,1.1102230246251565e-16
17,101,untrained_qrte,forecast,reconstruction,test_persistence_shift,0,2,True,0.5309267218159511,0.013825694171276324,0.015255277192893177,0.0001,0.04586609135069731,0.9835894935525028,1.2096876035654593,0.034623794820070775,0.9722096612265076,0.9962133205833195,0.6409158167817173,0.0,0.0030520826582985665,0.038381992995447235,4.440892098500626e-16
17,101,untrained_qrte,forecast,forecast,test_persistence_shift,0,2,True,0.5309267218159511,0.045891312823797555,0.05567485352959424,0.0001,0.04586609135069731,0.9835894935525028,1.2096876035654593,0.034623794820070775,0.9722096612265076,0.9962133205833195,0.6409158167817173,0.0,0.0030520826582985665,0.038381992995447235,2.220446049250313e-16
17,101,untrained_qrte,forecast,reconstruction,test_noise_shift,0,2,True,0.5484076350531075,0.07395294065314019,0.015255277192893177,0.0001,0.034422793479833784,0.9854620185105037,1.2808456978928393,0.20986799392268857,0.9550520155727334,1.0436520501349063,0.6392060221666899,1.0271626370065257e-33,0.006877048032502212,0.04127574855414601,1.6653345369377348e-16
17,101,untrained_qrte,forecast,forecast,test_noise_shift,0,2,True,0.5484076350531075,0.11907731109900654,0.05567485352959424,0.0001,0.034422793479833784,0.9854620185105037,1.2808456978928393,0.20986799392268857,0.9550520155727334,1.0436520501349063,0.6392060221666899,1.0271626370065257e-33,0.006877048032502212,0.04127574855414601,1.1102230246251565e-16
17,101,untrained_qrte,forecast,reconstruction,test_combined_shift,0,2,True,0.4675262912997683,0.05951690277362819,0.015255277192893177,0.0001,0.04654657239725792,0.9891082848712189,1.1622488740138728,0.18263869137199626,0.9649512332363493,0.9013358614801462,0.7154822103854472,1.0271626370065257e-33,0.0008829583483033425,0.06901333545453503,2.220446049250313e-16
17,101,untrained_qrte,forecast,forecast,test_combined_shift,0,2,True,0.4675262912997683,0.1095035436163364,0.05567485352959424,0.0001,0.04654657239725792,0.9891082848712189,1.1622488740138728,0.18263869137199626,0.9649512332363493,0.9013358614801462,0.7154822103854472,1.0271626370065257e-33,0.0008829583483033425,0.06901333545453503,1.1102230246251565e-16
17,101,qae_noent,reconstruction,reconstruction,test_id,0,2,True,0.5095288294782035,0.0032948402504536407,0.0033427249704430905,0.0001,7.399202362817386e-05,0.9603413583668887,1.0436520501349063,0.644537940791628,0.9540565747945424,1.0436520501349063,0.6715547922982923,4.108650548026103e-33,0.003096930985426368,0.0517139234160447,4.440892098500626e-16
17,101,qae_noent,reconstruction,forecast,test_id,0,2,True,0.5095288294782035,0.05910144248430144,0.05444585224946114,0.0001,7.399202362817386e-05,0.9603413583668887,1.0436520501349063,0.644537940791628,0.9540565747945424,1.0436520501349063,0.6715547922982923,4.108650548026103e-33,0.003096930985426368,0.0517139234160447,1.6653345369377348e-16
17,101,qae_noent,reconstruction,reconstruction,test_mean_shift,0,2,True,0.4810635086064521,0.004738340496081215,0.0033427249704430905,0.0001,0.0030550627385087983,0.9598310663659966,0.9487745910317329,0.7576499580585263,0.9713760783052641,1.0436520501349063,0.7466647554706387,1.0271626370065257e-33,0.0033824561385278743,0.06948428625393209,2.220446049250313e-16
17,101,qae_noent,reconstruction,forecast,test_mean_shift,0,2,True,0.4810635086064521,0.0743956873817942,0.05444585224946114,0.0001,0.0030550627385087983,0.9598310663659966,0.9487745910317329,0.7576499580585263,0.9713760783052641,1.0436520501349063,0.7466647554706387,1.0271626370065257e-33,0.0033824561385278743,0.06948428625393209,1.1102230246251565e-16
17,101,qae_noent,reconstruction,reconstruction,test_variance_shift,0,2,True,0.6703730983234154,0.007665511470556341,0.0033427249704430905,0.0001,0.0001952740490815581,0.9797263226630586,1.0436520501349063,0.740735791798357,0.9793323254349127,1.0436520501349063,0.7891369039107409,9.244463733058732e-33,0.003236531352666525,0.05973462943893811,2.7755575615628914e-16
17,101,qae_noent,reconstruction,forecast,test_variance_shift,0,2,True,0.6703730983234154,0.07382489875138067,0.05444585224946114,0.0001,0.0001952740490815581,0.9797263226630586,1.0436520501349063,0.740735791798357,0.9793323254349127,1.0436520501349063,0.7891369039107409,9.244463733058732e-33,0.003236531352666525,0.05973462943893811,2.220446049250313e-16
17,101,qae_noent,reconstruction,reconstruction,test_persistence_shift,0,2,True,0.4740873120562297,0.0022638065413534475,0.0033427249704430905,0.0001,0.00022327770800607946,0.9835894935525028,1.2096876035654593,0.034623794820070775,0.9911260249549804,1.2334069683412527,0.04882598522444988,6.419766481290786e-35,0.0030521161808790727,0.0008569362815453791,7.771561172376096e-16
17,101,qae_noent,reconstruction,forecast,test_persistence_shift,0,2,True,0.4740873120562297,0.05433913084648861,0.05444585224946114,0.0001,0.00022327770800607946,0.9835894935525028,1.2096876035654593,0.034623794820070775,0.9911260249549804,1.2334069683412527,0.04882598522444988,6.419766481290786e-35,0.0030521161808790727,0.0008569362815453791,4.440892098500626e-16
17,101,qae_noent,reconstruction,reconstruction,test_noise_shift,0,2,True,0.45910982546571505,0.07338292972614915,0.0033427249704430905,0.0001,0.0011982778950051212,0.9854620185105037,1.2808456978928393,0.20986799392268857,0.991635373507908,1.2334069683412527,0.1375827170919863,6.419766481290786e-35,0.0067860122597170535,0.00731830166270245,4.440892098500626e-16
17,101,qae_noent,reconstruction,forecast,test_noise_shift,0,2,True,0.45910982546571505,0.1264055937991486,0.05444585224946114,0.0001,0.0011982778950051212,0.9854620185105037,1.2808456978928393,0.20986799392268857,0.991635373507908,1.2334069683412527,0.1375827170919863,6.419766481290786e-35,0.0067860122597170535,0.00731830166270245,1.1102230246251565e-16
17,101,qae_noent,reconstruction,reconstruction,test_combined_shift,0,2,True,0.3858818473887533,0.05888467093980275,0.0033427249704430905,0.0001,0.0008606969492919417,0.9891082848712189,1.1622488740138728,0.18263869137199626,0.9941571929338691,1.1385295092380794,0.27194694653093626,2.5679065925163143e-34,3.1900827664780194e-05,0.006574029486185466,2.7755575615628914e-16
17,101,qae_noent,reconstruction,forecast,test_combined_shift,0,2,True,0.3858818473887533,0.12587188500190033,0.05444585224946114,0.0001,0.0008606969492919417,0.9891082848712189,1.1622488740138728,0.18263869137199626,0.9941571929338691,1.1385295092380794,0.27194694653093626,2.5679065925163143e-34,3.1900827664780194e-05,0.006574029486185466,2.220446049250313e-16
17,101,untrained_qae_noent,reconstruction,reconstruction,test_id,0,2,True,0.550162703978542,0.003317679280640082,0.00332005224257771,0.0001,9.793861561000713e-05,0.9603413583668887,1.0436520501349063,0.644537940791628,0.9540565747945424,1.0436520501349063,0.6764326013026782,0.0,0.0031065671902903453,0.05215871449185159,4.440892098500626e-16
17,101,untrained_qae_noent,reconstruction,forecast,test_id,0,2,True,0.550162703978542,0.05877449929365766,0.05445150562033682,0.0001,9.793861561000713e-05,0.9603413583668887,1.0436520501349063,0.644537940791628,0.9540565747945424,1.0436520501349063,0.6764326013026782,0.0,0.0031065671902903453,0.05215871449185159,2.220446049250313e-16
17,101,untrained_qae_noent,reconstruction,reconstruction,test_mean_shift,0,2,True,0.5172897074787556,0.004338059672224275,0.00332005224257771,0.0001,0.0030490740450035306,0.9598310663659966,0.9487745910317329,0.7576499580585263,0.9713760783052641,1.0436520501349063,0.7506635173457088,4.108650548026103e-33,0.003371852772607506,0.0702670112359779,2.220446049250313e-16
17,101,untrained_qae_noent,reconstruction,forecast,test_mean_shift,0,2,True,0.5172897074787556,0.07396141296821736,0.05445150562033682,0.0001,0.0030490740450035306,0.9598310663659966,0.9487745910317329,0.7576499580585263,0.9713760783052641,1.0436520501349063,0.7506635173457088,4.108650548026103e-33,0.003371852772607506,0.0702670112359779,1.1102230246251565e-16
17,101,untrained_qae_noent,reconstruction,reconstruction,test_variance_shift,0,2,True,0.712515662388414,0.009061143650353412,0.00332005224257771,0.0001,0.0001664755369668721,0.9797263226630586,1.0436520501349063,0.740735791798357,0.9793323254349127,1.0436520501349063,0.7854245544612382,4.108650548026103e-33,0.0032715868526297493,0.059527296598625046,2.220446049250313e-16
17,101,untrained_qae_noent,reconstruction,forecast,test_variance_shift,0,2,True,0.712515662388414,0.07420585717866603,0.05445150562033682,0.0001,0.0001664755369668721,0.9797263226630586,1.0436520501349063,0.740735791798357,0.9793323254349127,1.0436520501349063,0.7854245544612382,4.108650548026103e-33,0.0032715868526297493,0.059527296598625046,1.1102230246251565e-16
17,101,untrained_qae_noent,reconstruction,reconstruction,test_persistence_shift,0,2,True,0.5139583695638447,0.0022524535668356984,0.00332005224257771,0.0001,0.00022426272500062326,0.9835894935525028,1.2096876035654593,0.034623794820070775,0.9911260249549804,1.2334069683412527,0.049236201063286286,0.0,0.003062533192845772,0.0008482940214005895,7.771561172376096e-16
17,101,untrained_qae_noent,reconstruction,forecast,test_persistence_shift,0,2,True,0.5139583695638447,0.05431524497124109,0.05445150562033682,0.0001,0.00022426272500062326,0.9835894935525028,1.2096876035654593,0.034623794820070775,0.9911260249549804,1.2334069683412527,0.049236201063286286,0.0,0.003062533192845772,0.0008482940214005895,4.440892098500626e-16
17,101,untrained_qae_noent,reconstruction,reconstruction,test_noise_shift,0,2,True,0.49606131434098344,0.07453251176422683,0.00332005224257771,0.0001,0.0012103285775265057,0.9854620185105037,1.2808456978928393,0.20986799392268857,0.991635373507908,1.2334069683412527,0.13658928325753103,0.0,0.006782534669143786,0.00727831966411734,2.220446049250313e-16
17,101,untrained_qae_noent,reconstruction,forecast,test_noise_shift,0,2,True,0.49606131434098344,0.12660228566950887,0.05445150562033682,0.0001,0.0012103285775265057,0.9854620185105037,1.2808456978928393,0.20986799392268857,0.991635373507908,1.2334069683412527,0.13658928325753103,0.0,0.006782534669143786,0.00727831966411734,1.1102230246251565e-16
17,101,untrained_qae_noent,reconstruction,reconstruction,test_combined_shift,0,2,True,0.4164419853602591,0.058980688082916455,0.00332005224257771,0.0001,0.0009339613202048726,0.9891082848712189,1.1622488740138728,0.18263869137199626,0.9941571929338691,1.1385295092380794,0.2767404282873662,0.0,2.9419892032337876e-05,0.006782118282421965,4.440892098500626e-16
17,101,untrained_qae_noent,reconstruction,forecast,test_combined_shift,0,2,True,0.4164419853602591,0.12562416562495612,0.05445150562033682,0.0001,0.0009339613202048726,0.9891082848712189,1.1622488740138728,0.18263869137199626,0.9941571929338691,1.1385295092380794,0.2767404282873662,0.0,2.9419892032337876e-05,0.006782118282421965,1.6653345369377348e-16
17,101,qte_noent,forecast,reconstruction,test_id,0,2,True,0.5369365464823477,0.0032949048205507497,0.003342782924812271,0.0001,7.396875387113733e-05,0.9603413583668887,1.0436520501349063,0.644537940791628,0.9540565747945424,1.0436520501349063,0.6715496239722206,1.0271626370065257e-33,0.003096932183775717,0.05171355277000907,3.3306690738754696e-16
17,101,qte_noent,forecast,forecast,test_id,0,2,True,0.5369365464823477,0.0591018050343813,0.05444582126915468,0.0001,7.396875387113733e-05,0.9603413583668887,1.0436520501349063,0.644537940791628,0.9540565747945424,1.0436520501349063,0.6715496239722206,1.0271626370065257e-33,0.003096932183775717,0.05171355277000907,1.6653345369377348e-16
17,101,qte_noent,forecast,reconstruction,test_mean_shift,0,2,True,0.5114253807129475,0.004738902101409994,0.003342782924812271,0.0001,0.0030550699031095135,0.9598310663659966,0.9487745910317329,0.7576499580585263,0.9713760783052641,1.0436520501349063,0.7466608429392132,1.0271626370065257e-33,0.0033824532223536044,0.06948364867030797,2.220446049250313e-16
17,101,qte_noent,forecast,forecast,test_mean_shift,0,2,True,0.5114253807129475,0.0743962255803737,0.05444582126915468,0.0001,0.0030550699031095135,0.9598310663659966,0.9487745910317329,0.7576499580585263,0.9713760783052641,1.0436520501349063,0.7466608429392132,1.0271626370065257e-33,0.0033824532223536044,0.06948364867030797,1.1102230246251565e-16
17,101,qte_noent,forecast,reconstruction,test_variance_shift,0,2,True,0.700541065622902,0.007665028463626273,0.003342782924812271,0.0001,0.00019531489782632843,0.9797263226630586,1.0436520501349063,0.740735791798357,0.9793323254349127,1.0436520501349063,0.7891419674235063,4.108650548026103e-33,0.003236481278426759,0.05973520549092561,2.220446049250313e-16
17,101,qte_noent,forecast,forecast,test_variance_shift,0,2,True,0.700541065622902,0.07382395690701295,0.05444582126915468,0.0001,0.00019531489782632843,0.9797263226630586,1.0436520501349063,0.740735791798357,0.9793323254349127,1.0436520501349063,0.7891419674235063,4.108650548026103e-33,0.003236481278426759,0.05973520549092561,1.1102230246251565e-16
17,101,qte_noent,forecast,reconstruction,test_persistence_shift,0,2,True,0.5139736436387771,0.002263827680926526,0.003342782924812271,0.0001,0.00022327812026726122,0.9835894935525028,1.2096876035654593,0.034623794820070775,0.9911260249549804,1.2334069683412527,0.0488261593913814,3.611118645726067e-35,0.0030521099034497372,0.0008569500252885908,7.771561172376096e-16
17,101,qte_noent,forecast,forecast,test_persistence_shift,0,2,True,0.5139736436387771,0.05433914292430019,0.05444582126915468,0.0001,0.00022327812026726122,0.9835894935525028,1.2096876035654593,0.034623794820070775,0.9911260249549804,1.2334069683412527,0.0488261593913814,3.611118645726067e-35,0.0030521099034497372,0.0008569500252885908,3.885780586188048e-16
17,101,qte_noent,forecast,reconstruction,test_noise_shift,0,2,True,0.547445082363698,0.07338263374818285,0.003342782924812271,0.0001,0.0011982748401238397,0.9854620185105037,1.2808456978928393,0.20986799392268857,0.991635373507908,1.2334069683412527,0.13758297066118658,2.5679065925163143e-34,0.006786012286752005,0.00731837365576495,2.220446049250313e-16
17,101,qte_noent,forecast,forecast,test_noise_shift,0,2,True,0.547445082363698,0.12640556873848993,0.05444582126915468,0.0001,0.0011982748401238397,0.9854620185105037,1.2808456978928393,0.20986799392268857,0.991635373507908,1.2334069683412527,0.13758297066118658,2.5679065925163143e-34,0.006786012286752005,0.00731837365576495,1.1102230246251565e-16
17,101,qte_noent,forecast,reconstruction,test_combined_shift,0,2,True,0.47700679004038865,0.05888471908097773,0.003342782924812271,0.0001,0.0008605950583690062,0.9891082848712189,1.1622488740138728,0.18263869137199626,0.9941571929338691,1.1385295092380794,0.27194010092671217,2.5679065925163143e-34,3.1902660122780346e-05,0.006573746049398865,4.440892098500626e-16
17,101,qte_noent,forecast,forecast,test_combined_shift,0,2,True,0.47700679004038865,0.12587226868217627,0.05444582126915468,0.0001,0.0008605950583690062,0.9891082848712189,1.1622488740138728,0.18263869137199626,0.9941571929338691,1.1385295092380794,0.27194010092671217,2.5679065925163143e-34,3.1902660122780346e-05,0.006573746049398865,2.220446049250313e-16
17,101,untrained_qte_noent,forecast,reconstruction,test_id,0,2,True,0.5765535656120009,0.003317679280640082,0.00332005224257771,0.0001,9.793861561000713e-05,0.9603413583668887,1.0436520501349063,0.644537940791628,0.9540565747945424,1.0436520501349063,0.6764326013026782,0.0,0.0031065671902903453,0.05215871449185159,4.440892098500626e-16
17,101,untrained_qte_noent,forecast,forecast,test_id,0,2,True,0.5765535656120009,0.05877449929365766,0.05445150562033682,0.0001,9.793861561000713e-05,0.9603413583668887,1.0436520501349063,0.644537940791628,0.9540565747945424,1.0436520501349063,0.6764326013026782,0.0,0.0031065671902903453,0.05215871449185159,2.220446049250313e-16
17,101,untrained_qte_noent,forecast,reconstruction,test_mean_shift,0,2,True,0.5460886075696885,0.004338059672224275,0.00332005224257771,0.0001,0.0030490740450035306,0.9598310663659966,0.9487745910317329,0.7576499580585263,0.9713760783052641,1.0436520501349063,0.7506635173457088,4.108650548026103e-33,0.003371852772607506,0.0702670112359779,2.220446049250313e-16
17,101,untrained_qte_noent,forecast,forecast,test_mean_shift,0,2,True,0.5460886075696885,0.07396141296821736,0.05445150562033682,0.0001,0.0030490740450035306,0.9598310663659966,0.9487745910317329,0.7576499580585263,0.9713760783052641,1.0436520501349063,0.7506635173457088,4.108650548026103e-33,0.003371852772607506,0.0702670112359779,1.1102230246251565e-16
17,101,untrained_qte_noent,forecast,reconstruction,test_variance_shift,0,2,True,0.7420078846517028,0.009061143650353412,0.00332005224257771,0.0001,0.0001664755369668721,0.9797263226630586,1.0436520501349063,0.740735791798357,0.9793323254349127,1.0436520501349063,0.7854245544612382,4.108650548026103e-33,0.0032715868526297493,0.059527296598625046,2.220446049250313e-16
17,101,untrained_qte_noent,forecast,forecast,test_variance_shift,0,2,True,0.7420078846517028,0.07420585717866603,0.05445150562033682,0.0001,0.0001664755369668721,0.9797263226630586,1.0436520501349063,0.740735791798357,0.9793323254349127,1.0436520501349063,0.7854245544612382,4.108650548026103e-33,0.0032715868526297493,0.059527296598625046,1.1102230246251565e-16
17,101,untrained_qte_noent,forecast,reconstruction,test_persistence_shift,0,2,True,0.5524848346204051,0.0022524535668356984,0.00332005224257771,0.0001,0.00022426272500062326,0.9835894935525028,1.2096876035654593,0.034623794820070775,0.9911260249549804,1.2334069683412527,0.049236201063286286,0.0,0.003062533192845772,0.0008482940214005895,7.771561172376096e-16
17,101,untrained_qte_noent,forecast,forecast,test_persistence_shift,0,2,True,0.5524848346204051,0.05431524497124109,0.05445150562033682,0.0001,0.00022426272500062326,0.9835894935525028,1.2096876035654593,0.034623794820070775,0.9911260249549804,1.2334069683412527,0.049236201063286286,0.0,0.003062533192845772,0.0008482940214005895,4.440892098500626e-16
17,101,untrained_qte_noent,forecast,reconstruction,test_noise_shift,0,2,True,0.5816068070757143,0.07453251176422683,0.00332005224257771,0.0001,0.0012103285775265057,0.9854620185105037,1.2808456978928393,0.20986799392268857,0.991635373507908,1.2334069683412527,0.13658928325753103,0.0,0.006782534669143786,0.00727831966411734,2.220446049250313e-16
17,101,untrained_qte_noent,forecast,forecast,test_noise_shift,0,2,True,0.5816068070757143,0.12660228566950887,0.05445150562033682,0.0001,0.0012103285775265057,0.9854620185105037,1.2808456978928393,0.20986799392268857,0.991635373507908,1.2334069683412527,0.13658928325753103,0.0,0.006782534669143786,0.00727831966411734,1.1102230246251565e-16
17,101,untrained_qte_noent,forecast,reconstruction,test_combined_shift,0,2,True,0.501362425792816,0.058980688082916455,0.00332005224257771,0.0001,0.0009339613202048726,0.9891082848712189,1.1622488740138728,0.18263869137199626,0.9941571929338691,1.1385295092380794,0.2767404282873662,0.0,2.9419892032337876e-05,0.006782118282421965,4.440892098500626e-16
17,101,untrained_qte_noent,forecast,forecast,test_combined_shift,0,2,True,0.501362425792816,0.12562416562495612,0.05445150562033682,0.0001,0.0009339613202048726,0.9891082848712189,1.1622488740138728,0.18263869137199626,0.9941571929338691,1.1385295092380794,0.2767404282873662,0.0,2.9419892032337876e-05,0.006782118282421965,1.6653345369377348e-16
17,101,mlp_ae,reconstruction,reconstruction,test_id,0,2,True,0.11739214640441253,0.02818855973198991,0.014412839649082547,0.0001,0.0015866934985651806,0.9603413583668887,1.0436520501349063,0.644537940791628,0.9861955828619743,0.9962133205833196,0.5587193761337481,0.0,0.0030153428507403626,0.04224846418494697,2.220446049250313e-15
17,101,mlp_ae,reconstruction,forecast,test_id,0,2,True,0.11739214640441253,0.07732739053382232,0.05998616721689925,0.0001,0.0015866934985651806,0.9603413583668887,1.0436520501349063,0.644537940791628,0.9861955828619743,0.9962133205833196,0.5587193761337481,0.0,0.0030153428507403626,0.04224846418494697,1.3322676295501878e-15
17,101,mlp_ae,reconstruction,reconstruction,test_mean_shift,0,2,True,0.18208049450619643,0.03217583169205716,0.014412839649082547,0.0001,0.006932603679841634,0.9598310663659966,0.9487745910317329,0.7576499580585263,0.9570187598910829,1.0910907796864928,0.7113464195933575,9.244463733058732e-33,0.0003809861644736602,0.04871728178455786,8.881784197001252e-16
17,101,mlp_ae,reconstruction,forecast,test_mean_shift,0,2,True,0.18208049450619643,0.09181140577958655,0.05998616721689925,0.0001,0.006932603679841634,0.9598310663659966,0.9487745910317329,0.7576499580585263,0.9570187598910829,1.0910907796864928,0.7113464195933575,9.244463733058732e-33,0.0003809861644736602,0.04871728178455786,6.661338147750939e-16
17,101,mlp_ae,reconstruction,reconstruction,test_variance_shift,0,2,True,0.16833429868348368,0.01954042517409252,0.014412839649082547,0.0001,0.012292143390139868,0.9797263226630586,1.0436520501349063,0.740735791798357,0.9903501107936855,0.8538971319285595,0.7957498377385646,1.6434602192104412e-32,0.0030971728978585705,0.10109324436757705,8.881784197001252e-16
17,101,mlp_ae,reconstruction,forecast,test_variance_shift,0,2,True,0.16833429868348368,0.09113940633799668,0.05998616721689925,0.0001,0.012292143390139868,0.9797263226630586,1.0436520501349063,0.740735791798357,0.9903501107936855,0.8538971319285595,0.7957498377385646,1.6434602192104412e-32,0.0030971728978585705,0.10109324436757705,8.881784197001252e-16
17,101,mlp_ae,reconstruction,reconstruction,test_persistence_shift,0,2,True,0.07380252351862263,0.00673300909420555,0.014412839649082547,0.0001,0.005166845764817717,0.9835894935525028,1.2096876035654593,0.034623794820070775,0.9715725758509259,1.0910907796864928,-0.037235076566225656,1.1595703206831482e-33,0.0007696151922182889,0.0069331062316420645,1.3322676295501878e-15
17,101,mlp_ae,reconstruction,forecast,test_persistence_shift,0,2,True,0.07380252351862263,0.05364555224842403,0.05998616721689925,0.0001,0.005166845764817717,0.9835894935525028,1.2096876035654593,0.034623794820070775,0.9715725758509259,1.0910907796864928,-0.037235076566225656,1.1595703206831482e-33,0.0007696151922182889,0.0069331062316420645,8.881784197001252e-16
17,101,mlp_ae,reconstruction,reconstruction,test_noise_shift,0,2,True,0.14929428149379978,0.0717490706859728,0.014412839649082547,0.0001,0.00028492674154483537,0.9854620185105037,1.2808456978928393,0.20986799392268857,0.9906257892357995,1.2808456978928393,0.2674219927943946,2.5679065925163143e-34,0.001143393007688452,0.009858759137166322,8.881784197001252e-16
17,101,mlp_ae,reconstruction,forecast,test_noise_shift,0,2,True,0.14929428149379978,0.12150307498040254,0.05998616721689925,0.0001,0.00028492674154483537,0.9854620185105037,1.2808456978928393,0.20986799392268857,0.9906257892357995,1.2808456978928393,0.2674219927943946,2.5679065925163143e-34,0.001143393007688452,0.009858759137166322,4.440892098500626e-16
17,101,mlp_ae,reconstruction,reconstruction,test_combined_shift,0,2,True,0.1984241045411341,0.06202931545489409,0.014412839649082547,0.0001,0.00019068982343355955,0.9891082848712189,1.1622488740138728,0.18263869137199626,0.9901584431629349,1.1859682387896662,0.17685652136554694,6.419766481290786e-35,9.601955889847838e-05,0.0021516807987806553,1.4432899320127035e-15
17,101,mlp_ae,reconstruction,forecast,test_combined_shift,0,2,True,0.1984241045411341,0.1362043954194731,0.05998616721689925,0.0001,0.00019068982343355955,0.9891082848712189,1.1622488740138728,0.18263869137199626,0.9901584431629349,1.1859682387896662,0.17685652136554694,6.419766481290786e-35,9.601955889847838e-05,0.0021516807987806553,1.1102230246251565e-15
17,101,untrained_mlp_ae,reconstruction,reconstruction,test_id,0,2,True,0.19564574237352567,0.01772297132693736,0.011044404705521654,0.0001,0.001732811866254301,0.9603413583668887,1.0436520501349063,0.644537940791628,0.9822861395881892,1.0436520501349063,0.5071791088817408,4.108650548026103e-33,0.000334660160895581,0.047023433455353265,1.3322676295501878e-15
17,101,untrained_mlp_ae,reconstruction,forecast,test_id,0,2,True,0.19564574237352567,0.07248027185574822,0.057078497011340955,0.0001,0.001732811866254301,0.9603413583668887,1.0436520501349063,0.644537940791628,0.9822861395881892,1.0436520501349063,0.5071791088817408,4.108650548026103e-33,0.000334660160895581,0.047023433455353265,6.661338147750939e-16
17,101,untrained_mlp_ae,reconstruction,reconstruction,test_mean_shift,0,2,True,0.2803138948069852,0.013897190625041897,0.011044404705521654,0.0001,1.244487832970118e-05,0.9598310663659966,0.9487745910317329,0.7576499580585263,0.9565470361632664,0.9487745910317329,0.7473446622128633,0.0,0.0016822894036015279,0.06105532206674458,1.3322676295501878e-15
17,101,untrained_mlp_ae,reconstruction,forecast,test_mean_shift,0,2,True,0.2803138948069852,0.07841238052167446,0.057078497011340955,0.0001,1.244487832970118e-05,0.9598310663659966,0.9487745910317329,0.7576499580585263,0.9565470361632664,0.9487745910317329,0.7473446622128633,0.0,0.0016822894036015279,0.06105532206674458,8.881784197001252e-16
17,101,untrained_mlp_ae,reconstruction,reconstruction,test_variance_shift,0,2,True,0.25188495733102856,0.027626319782172164,0.011044404705521654,0.0001,0.0034973363357665176,0.9797263226630586,1.0436520501349063,0.740735791798357,0.9893820520846894,1.1385295092380794,0.6659816975757256,0.0,0.0032825904461128708,0.029676520480591783,5.551115123125783e-16
17,101,untrained_mlp_ae,reconstruction,forecast,test_variance_shift,0,2,True,0.25188495733102856,0.10342303590899046,0.057078497011340955,0.0001,0.0034973363357665176,0.9797263226630586,1.0436520501349063,0.740735791798357,0.9893820520846894,1.1385295092380794,0.6659816975757256,0.0,0.0032825904461128708,0.029676520480591783,4.440892098500626e-16
17,101,untrained_mlp_ae,reconstruction,reconstruction,test_persistence_shift,0,2,True,0.15732460291471526,0.008152913300156493,0.011044404705521654,0.0001,0.0017960343970724072,0.9835894935525028,1.2096876035654593,0.034623794820070775,0.9812808116638894,1.1385295092380794,-0.0011140725393621312,2.7123513383453573e-33,0.0008533154938896954,0.0031586953341310856,1.1379786002407855e-15
17,101,untrained_mlp_ae,reconstruction,forecast,test_persistence_shift,0,2,True,0.15732460291471526,0.05333046128316875,0.057078497011340955,0.0001,0.0017960343970724072,0.9835894935525028,1.2096876035654593,0.034623794820070775,0.9812808116638894,1.1385295092380794,-0.0011140725393621312,2.7123513383453573e-33,0.0008533154938896954,0.0031586953341310856,3.885780586188048e-16
17,101,untrained_mlp_ae,reconstruction,reconstruction,test_noise_shift,0,2,True,0.24771231173942249,0.1125917171359588,0.011044404705521654,0.0001,0.007592099288582976,0.9854620185105037,1.2808456978928393,0.20986799392268857,0.9850090798860004,1.1385295092380794,0.3103109162046322,0.0,0.006762252062365917,0.01876036658624825,8.881784197001252e-16
17,101,untrained_mlp_ae,reconstruction,forecast,test_noise_shift,0,2,True,0.24771231173942249,0.12668407954403624,0.057078497011340955,0.0001,0.007592099288582976,0.9854620185105037,1.2808456978928393,0.20986799392268857,0.9850090798860004,1.1385295092380794,0.3103109162046322,0.0,0.006762252062365917,0.01876036658624825,4.440892098500626e-16
17,101,untrained_mlp_ae,reconstruction,reconstruction,test_combined_shift,0,2,True,0.3261097242518732,0.08699365956953335,0.011044404705521654,0.0001,0.0004086389811251069,0.9891082848712189,1.1622488740138728,0.18263869137199626,0.9908505760958044,1.1385295092380794,0.13124713178107103,6.419766481290786e-35,0.0009406043904919913,0.008270478443418904,5.967448757360216e-16
17,101,untrained_mlp_ae,reconstruction,forecast,test_combined_shift,0,2,True,0.3261097242518732,0.13818188105927556,0.057078497011340955,0.0001,0.0004086389811251069,0.9891082848712189,1.1622488740138728,0.18263869137199626,0.9908505760958044,1.1385295092380794,0.13124713178107103,6.419766481290786e-35,0.0009406043904919913,0.008270478443418904,4.440892098500626e-16
17,101,mlp_te,forecast,reconstruction,test_id,0,2,True,0.1207033443828388,0.023572182880507317,0.011456991819284616,0.0001,0.0016422073668178466,0.9603413583668887,1.0436520501349063,0.644537940791628,0.9844298810129395,0.9962133205833196,0.5529752384349226,1.0271626370065257e-33,0.003035035934519092,0.04231255122345354,1.7763568394002505e-15
17,101,mlp_te,forecast,forecast,test_id,0,2,True,0.1207033443828388,0.07553524835984403,0.05878703113351308,0.0001,0.0016422073668178466,0.9603413583668887,1.0436520501349063,0.644537940791628,0.9844298810129395,0.9962133205833196,0.5529752384349226,1.0271626370065257e-33,0.003035035934519092,0.04231255122345354,8.881784197001252e-16
17,101,mlp_te,forecast,reconstruction,test_mean_shift,0,2,True,0.18708121102109473,0.025826340956700767,0.011456991819284616,0.0001,0.012122571412374328,0.9598310663659966,0.9487745910317329,0.7576499580585263,0.9520124093941207,1.1385295092380794,0.7230289322631014,0.0,0.0010490062359799896,0.04268542065413345,1.3322676295501878e-15
17,101,mlp_te,forecast,forecast,test_mean_shift,0,2,True,0.18708121102109473,0.08763770771655771,0.05878703113351308,0.0001,0.012122571412374328,0.9598310663659966,0.9487745910317329,0.7576499580585263,0.9520124093941207,1.1385295092380794,0.7230289322631014,0.0,0.0010490062359799896,0.04268542065413345,8.881784197001252e-16
17,101,mlp_te,forecast,reconstruction,test_variance_shift,0,2,True,0.1754004645654439,0.016692687111451256,0.011456991819284616,0.0001,0.012201142569147207,0.9797263226630586,1.0436520501349063,0.740735791798357,0.9918270411386589,0.8538971319285595,0.7831655613625936,0.0,0.01890024388058419,0.09851451654556942,1.3322676295501878e-15
17,101,mlp_te,forecast,forecast,test_variance_shift,0,2,True,0.1754004645654439,0.0902076629756896,0.05878703113351308,0.0001,0.012201142569147207,0.9797263226630586,1.0436520501349063,0.740735791798357,0.9918270411386589,0.8538971319285595,0.7831655613625936,0.0,0.01890024388058419,0.09851451654556942,1.1102230246251565e-15
17,101,mlp_te,forecast,reconstruction,test_persistence_shift,0,2,True,0.07881276463615867,0.0052577104352339345,0.011456991819284616,0.0001,0.009661828256403082,0.9835894935525028,1.2096876035654593,0.034623794820070775,0.9709775136751975,1.0436520501349063,-0.03633021083975462,1.0030885127016854e-34,0.0030102646261679308,0.018839262864350694,3.552713678800501e-15
17,101,mlp_te,forecast,forecast,test_persistence_shift,0,2,True,0.07881276463615867,0.05391325628830217,0.05878703113351308,0.0001,0.009661828256403082,0.9835894935525028,1.2096876035654593,0.034623794820070775,0.9709775136751975,1.0436520501349063,-0.03633021083975462,1.0030885127016854e-34,0.0030102646261679308,0.018839262864350694,1.5543122344752192e-15
17,101,mlp_te,forecast,reconstruction,test_noise_shift,0,2,True,0.15316071190562797,0.06602154505089973,0.011456991819284616,0.0001,0.00048138222420281975,0.9854620185105037,1.2808456978928393,0.20986799392268857,0.9888091958046556,1.2808456978928393,0.2855764631126008,2.311115933264683e-33,0.002068549138727687,0.011575167361258569,8.881784197001252e-16
17,101,mlp_te,forecast,forecast,test_noise_shift,0,2,True,0.15316071190562797,0.1194751954161155,0.05878703113351308,0.0001,0.00048138222420281975,0.9854620185105037,1.2808456978928393,0.20986799392268857,0.9888091958046556,1.2808456978928393,0.2855764631126008,2.311115933264683e-33,0.002068549138727687,0.011575167361258569,8.881784197001252e-16
17,101,mlp_te,forecast,reconstruction,test_combined_shift,0,2,True,0.20938098421486426,0.05744044333695402,0.011456991819284616,0.0001,0.000192115304415568,0.9891082848712189,1.1622488740138728,0.18263869137199626,0.9875180535840264,1.1859682387896662,0.17594277848941195,6.419766481290786e-35,7.828946836737565e-05,0.0020917151257071904,2.220446049250313e-15
17,101,mlp_te,forecast,forecast,test_combined_shift,0,2,True,0.20938098421486426,0.13541742115028382,0.05878703113351308,0.0001,0.000192115304415568,0.9891082848712189,1.1622488740138728,0.18263869137199626,0.9875180535840264,1.1859682387896662,0.17594277848941195,6.419766481290786e-35,7.828946836737565e-05,0.0020917151257071904,8.881784197001252e-16
17,101,untrained_mlp_te,forecast,reconstruction,test_id,0,2,True,0.19620467333201555,0.01772297132693736,0.011044404705521654,0.0001,0.001732811866254301,0.9603413583668887,1.0436520501349063,0.644537940791628,0.9822861395881892,1.0436520501349063,0.5071791088817408,4.108650548026103e-33,0.000334660160895581,0.047023433455353265,1.3322676295501878e-15
17,101,untrained_mlp_te,forecast,forecast,test_id,0,2,True,0.19620467333201555,0.07248027185574822,0.057078497011340955,0.0001,0.001732811866254301,0.9603413583668887,1.0436520501349063,0.644537940791628,0.9822861395881892,1.0436520501349063,0.5071791088817408,4.108650548026103e-33,0.000334660160895581,0.047023433455353265,6.661338147750939e-16
17,101,untrained_mlp_te,forecast,reconstruction,test_mean_shift,0,2,True,0.28264038814997466,0.013897190625041897,0.011044404705521654,0.0001,1.244487832970118e-05,0.9598310663659966,0.9487745910317329,0.7576499580585263,0.9565470361632664,0.9487745910317329,0.7473446622128633,0.0,0.0016822894036015279,0.06105532206674458,1.3322676295501878e-15
17,101,untrained_mlp_te,forecast,forecast,test_mean_shift,0,2,True,0.28264038814997466,0.07841238052167446,0.057078497011340955,0.0001,1.244487832970118e-05,0.9598310663659966,0.9487745910317329,0.7576499580585263,0.9565470361632664,0.9487745910317329,0.7473446622128633,0.0,0.0016822894036015279,0.06105532206674458,8.881784197001252e-16
17,101,untrained_mlp_te,forecast,reconstruction,test_variance_shift,0,2,True,0.25355761743738,0.027626319782172164,0.011044404705521654,0.0001,0.0034973363357665176,0.9797263226630586,1.0436520501349063,0.740735791798357,0.9893820520846894,1.1385295092380794,0.6659816975757256,0.0,0.0032825904461128708,0.029676520480591783,5.551115123125783e-16
17,101,untrained_mlp_te,forecast,forecast,test_variance_shift,0,2,True,0.25355761743738,0.10342303590899046,0.057078497011340955,0.0001,0.0034973363357665176,0.9797263226630586,1.0436520501349063,0.740735791798357,0.9893820520846894,1.1385295092380794,0.6659816975757256,0.0,0.0032825904461128708,0.029676520480591783,4.440892098500626e-16
17,101,untrained_mlp_te,forecast,reconstruction,test_persistence_shift,0,2,True,0.15816522464345237,0.008152913300156493,0.011044404705521654,0.0001,0.0017960343970724072,0.9835894935525028,1.2096876035654593,0.034623794820070775,0.9812808116638894,1.1385295092380794,-0.0011140725393621312,2.7123513383453573e-33,0.0008533154938896954,0.0031586953341310856,1.1379786002407855e-15
17,101,untrained_mlp_te,forecast,forecast,test_persistence_shift,0,2,True,0.15816522464345237,0.05333046128316875,0.057078497011340955,0.0001,0.0017960343970724072,0.9835894935525028,1.2096876035654593,0.034623794820070775,0.9812808116638894,1.1385295092380794,-0.0011140725393621312,2.7123513383453573e-33,0.0008533154938896954,0.0031586953341310856,3.885780586188048e-16
17,101,untrained_mlp_te,forecast,reconstruction,test_noise_shift,0,2,True,0.24592129851391883,0.1125917171359588,0.011044404705521654,0.0001,0.007592099288582976,0.9854620185105037,1.2808456978928393,0.20986799392268857,0.9850090798860004,1.1385295092380794,0.3103109162046322,0.0,0.006762252062365917,0.01876036658624825,8.881784197001252e-16
17,101,untrained_mlp_te,forecast,forecast,test_noise_shift,0,2,True,0.24592129851391883,0.12668407954403624,0.057078497011340955,0.0001,0.007592099288582976,0.9854620185105037,1.2808456978928393,0.20986799392268857,0.9850090798860004,1.1385295092380794,0.3103109162046322,0.0,0.006762252062365917,0.01876036658624825,4.440892098500626e-16
17,101,untrained_mlp_te,forecast,reconstruction,test_combined_shift,0,2,True,0.32944034215246437,0.08699365956953335,0.011044404705521654,0.0001,0.0004086389811251069,0.9891082848712189,1.1622488740138728,0.18263869137199626,0.9908505760958044,1.1385295092380794,0.13124713178107103,6.419766481290786e-35,0.0009406043904919913,0.008270478443418904,5.967448757360216e-16
17,101,untrained_mlp_te,forecast,forecast,test_combined_shift,0,2,True,0.32944034215246437,0.13818188105927556,0.057078497011340955,0.0001,0.0004086389811251069,0.9891082848712189,1.1622488740138728,0.18263869137199626,0.9908505760958044,1.1385295092380794,0.13124713178107103,6.419766481290786e-35,0.0009406043904919913,0.008270478443418904,4.440892098500626e-16
17,101,gru_te,forecast,reconstruction,test_id,0,2,True,0.16466054076059514,0.02125782600447041,0.02055681884075112,0.0001,0.024380382081549277,0.9603413583668887,1.0436520501349063,0.644537940791628,0.9231032162938961,0.806458402376973,0.8934848466401235,4.108650548026103e-33,0.0008525433393572877,0.15403449128479965,4.440892098500626e-16
17,101,gru_te,forecast,forecast,test_id,0,2,True,0.16466054076059514,0.0623136728462721,0.05746417721997126,0.001,0.024380382081549277,0.9603413583668887,1.0436520501349063,0.644537940791628,0.9231032162938961,0.806458402376973,0.8934848466401235,4.108650548026103e-33,0.0008525433393572877,0.15403449128479965,3.3306690738754696e-16
17,101,gru_te,forecast,reconstruction,test_mean_shift,0,2,True,0.2312724651471184,0.025984281717494766,0.02055681884075112,0.0001,0.016180343978234753,0.9598310663659966,0.9487745910317329,0.7576499580585263,0.8877590652569831,0.7590196728253863,0.9289944018826473,0.0,0.0032444002150754203,0.1482601934059125,2.220446049250313e-16
17,101,gru_te,forecast,forecast,test_mean_shift,0,2,True,0.2312724651471184,0.08086494596179461,0.05746417721997126,0.001,0.016180343978234753,0.9598310663659966,0.9487745910317329,0.7576499580585263,0.8877590652569831,0.7590196728253863,0.9289944018826473,0.0,0.0032444002150754203,0.1482601934059125,2.220446049250313e-16
17,101,gru_te,forecast,reconstruction,test_variance_shift,0,2,True,0.29426842308213835,0.03254684611644849,0.02055681884075112,0.0001,0.03212899010934268,0.9797263226630586,1.0436520501349063,0.740735791798357,0.8942504122231737,0.7590196728253863,0.9203492528710939,4.108650548026103e-33,0.0010924481862358115,0.12388664804288729,2.220446049250313e-16
17,101,gru_te,forecast,forecast,test_variance_shift,0,2,True,0.29426842308213835,0.09643295342132498,0.05746417721997126,0.001,0.03212899010934268,0.9797263226630586,1.0436520501349063,0.740735791798357,0.8942504122231737,0.7590196728253863,0.9203492528710939,4.108650548026103e-33,0.0010924481862358115,0.12388664804288729,2.220446049250313e-16
17,101,gru_te,forecast,reconstruction,test_persistence_shift,0,2,True,0.1257059348290236,0.016785961299371432,0.02055681884075112,0.0001,0.04235722187417044,0.9835894935525028,1.2096876035654593,0.034623794820070775,0.9522781187107782,1.0910907796864928,0.7040296710830558,1.0271626370065257e-33,5.2140281142012806e-05,0.05354243652103518,5.551115123125783e-16
17,101,gru_te,forecast,forecast,test_persistence_shift,0,2,True,0.1257059348290236,0.04593254444136217,0.05746417721997126,0.001,0.04235722187417044,0.9835894935525028,1.2096876035654593,0.034623794820070775,0.9522781187107782,1.0910907796864928,0.7040296710830558,1.0271626370065257e-33,5.2140281142012806e-05,0.05354243652103518,1.942890293094024e-16
17,101,gru_te,forecast,reconstruction,test_noise_shift,0,2,True,0.19643187571104842,0.06139967177202984,0.02055681884075112,0.0001,0.03068077419021172,0.9854620185105037,1.2808456978928393,0.20986799392268857,0.952734803666462,1.0910907796864928,0.6787574179692961,4.108650548026103e-33,0.000825437380992675,0.04150329398831317,2.7755575615628914e-16
17,101,gru_te,forecast,forecast,test_noise_shift,0,2,True,0.19643187571104842,0.11123576266517281,0.05746417721997126,0.001,0.03068077419021172,0.9854620185105037,1.2808456978928393,0.20986799392268857,0.952734803666462,1.0910907796864928,0.6787574179692961,4.108650548026103e-33,0.000825437380992675,0.04150329398831317,1.1102230246251565e-16
17,101,gru_te,forecast,reconstruction,test_combined_shift,0,2,True,0.25668804112352483,0.050450651749559046,0.02055681884075112,0.0001,0.02954706504113333,0.9891082848712189,1.1622488740138728,0.18263869137199626,0.9790799852998107,0.9962133205833195,0.6764922053945897,4.108650548026103e-33,0.0030416300545185143,0.06218983758936938,2.220446049250313e-16
17,101,gru_te,forecast,forecast,test_combined_shift,0,2,True,0.25668804112352483,0.11025599584238512,0.05746417721997126,0.001,0.02954706504113333,0.9891082848712189,1.1622488740138728,0.18263869137199626,0.9790799852998107,0.9962133205833195,0.6764922053945897,4.108650548026103e-33,0.0030416300545185143,0.06218983758936938,1.1102230246251565e-16
17,101,untrained_gru_te,forecast,reconstruction,test_id,0,2,True,0.261093915361644,0.02347285281298843,0.022272570272857103,0.0001,0.017472800928886607,0.9603413583668887,1.0436520501349063,0.644537940791628,0.9222497561665738,0.8538971319285596,0.8891642161176894,4.108650548026103e-33,0.004289168925257804,0.13575677412779294,6.661338147750939e-16
17,101,untrained_gru_te,forecast,forecast,test_id,0,2,True,0.261093915361644,0.062389767900261725,0.05859998055581043,0.0001,0.017472800928886607,0.9603413583668887,1.0436520501349063,0.644537940791628,0.9222497561665738,0.8538971319285596,0.8891642161176894,4.108650548026103e-33,0.004289168925257804,0.13575677412779294,3.3306690738754696e-16
17,101,untrained_gru_te,forecast,reconstruction,test_mean_shift,0,2,True,0.34118899592477997,0.027929518445554004,0.022272570272857103,0.0001,0.023851105256479665,0.9598310663659966,0.9487745910317329,0.7576499580585263,0.8652158570946998,0.7115809432737996,0.9169038610847715,0.0,0.012847366783651426,0.16951197361472473,4.440892098500626e-16
17,101,untrained_gru_te,forecast,forecast,test_mean_shift,0,2,True,0.34118899592477997,0.08070558259133773,0.05859998055581043,0.0001,0.023851105256479665,0.9598310663659966,0.9487745910317329,0.7576499580585263,0.8652158570946998,0.7115809432737996,0.9169038610847715,0.0,0.012847366783651426,0.16951197361472473,2.220446049250313e-16
17,101,untrained_gru_te,forecast,reconstruction,test_variance_shift,0,2,True,0.41803330959381263,0.034752043333223064,0.022272570272857103,0.0001,0.032165410841568036,0.9797263226630586,1.0436520501349063,0.740735791798357,0.8965267898895012,0.7590196728253863,0.9257598989638496,9.244463733058732e-33,0.00023908487627584724,0.15284296081906304,4.440892098500626e-16
17,101,untrained_gru_te,forecast,forecast,test_variance_shift,0,2,True,0.41803330959381263,0.09274539272740999,0.05859998055581043,0.0001,0.032165410841568036,0.9797263226630586,1.0436520501349063,0.740735791798357,0.8965267898895012,0.7590196728253863,0.9257598989638496,9.244463733058732e-33,0.00023908487627584724,0.15284296081906304,2.220446049250313e-16
17,101,untrained_gru_te,forecast,reconstruction,test_persistence_shift,0,2,True,0.2383906075567165,0.018616636689282914,0.022272570272857103,0.0001,0.051958618117816054,0.9835894935525028,1.2096876035654593,0.034623794820070775,0.9703571280141592,0.9962133205833196,0.6983390631723038,9.244463733058732e-33,0.0010598554427693318,0.0633340280329449,4.996003610813204e-16
17,101,untrained_gru_te,forecast,forecast,test_persistence_shift,0,2,True,0.2383906075567165,0.04703473979321816,0.05859998055581043,0.0001,0.051958618117816054,0.9835894935525028,1.2096876035654593,0.034623794820070775,0.9703571280141592,0.9962133205833196,0.6983390631723038,9.244463733058732e-33,0.0010598554427693318,0.0633340280329449,2.7755575615628914e-16
17,101,untrained_gru_te,forecast,reconstruction,test_noise_shift,0,2,True,0.3142329103970579,0.06651441040849548,0.022272570272857103,0.0001,0.029584681773036334,0.9854620185105037,1.2808456978928393,0.20986799392268857,0.9504121047981686,1.0910907796864928,0.6638222642379688,1.0271626370065257e-33,0.0008117989055804395,0.03517736594523236,2.220446049250313e-16
17,101,untrained_gru_te,forecast,forecast,test_noise_shift,0,2,True,0.3142329103970579,0.11315411599617302,0.05859998055581043,0.0001,0.029584681773036334,0.9854620185105037,1.2808456978928393,0.20986799392268857,0.9504121047981686,1.0910907796864928,0.6638222642379688,1.0271626370065257e-33,0.0008117989055804395,0.03517736594523236,1.1102230246251565e-16
17,101,untrained_gru_te,forecast,reconstruction,test_combined_shift,0,2,True,0.39033614088489726,0.055442567962804425,0.022272570272857103,0.0001,0.025220386999976547,0.9891082848712189,1.1622488740138728,0.18263869137199626,0.9771046404552595,1.0436520501349063,0.6784284326393454,1.6434602192104412e-32,9.598073388264254e-05,0.043402149379444005,3.3306690738754696e-16
17,101,untrained_gru_te,forecast,forecast,test_combined_shift,0,2,True,0.39033614088489726,0.11140547194744846,0.05859998055581043,0.0001,0.025220386999976547,0.9891082848712189,1.1622488740138728,0.18263869137199626,0.9771046404552595,1.0436520501349063,0.6784284326393454,1.6434602192104412e-32,9.598073388264254e-05,0.043402149379444005,1.6653345369377348e-16
17,101,pca,reconstruction,reconstruction,test_id,0,2,True,0.0011090832234906614,0.0011091403939769446,0.00102789960940525,0.0001,1.6537465301366397e-06,0.9603413583668887,1.0436520501349063,0.644537940791628,0.9612858204139597,1.0436520501349063,0.6485724078107284,1.6434602192104412e-32,0.0007509149308236812,0.050674487725940555,2.220446049250313e-16
17,101,pca,reconstruction,forecast,test_id,0,2,True,0.0011090832234906614,0.05986491604954845,0.053436497888511826,0.0001,1.6537465301366397e-06,0.9603413583668887,1.0436520501349063,0.644537940791628,0.9612858204139597,1.0436520501349063,0.6485724078107284,1.6434602192104412e-32,0.0007509149308236812,0.050674487725940555,2.220446049250313e-16
17,101,pca,reconstruction,reconstruction,test_mean_shift,0,2,True,0.001299460943583216,0.0012995404994291288,0.00102789960940525,0.0001,0.0009580227667284409,0.9598310663659966,0.9487745910317329,0.7576499580585263,0.936176216201958,0.9962133205833195,0.7416395486404465,9.244463733058732e-33,0.003236869264330828,0.05354949880265619,2.220446049250313e-16
17,101,pca,reconstruction,forecast,test_mean_shift,0,2,True,0.001299460943583216,0.0682548027256259,0.053436497888511826,0.0001,0.0009580227667284409,0.9598310663659966,0.9487745910317329,0.7576499580585263,0.936176216201958,0.9962133205833195,0.7416395486404465,9.244463733058732e-33,0.003236869264330828,0.05354949880265619,1.1102230246251565e-16
17,101,pca,reconstruction,reconstruction,test_variance_shift,0,2,True,0.002236956782472146,0.0022370552249339577,0.00102789960940525,0.0001,0.0021306958791829484,0.9797263226630586,1.0436520501349063,0.740735791798357,0.9571846340611165,1.0910907796864928,0.6201783059079595,0.0,0.0016688730963392885,0.027923825824782242,2.220446049250313e-16
17,101,pca,reconstruction,forecast,test_variance_shift,0,2,True,0.002236956782472146,0.07961366373837697,0.053436497888511826,0.0001,0.0021306958791829484,0.9797263226630586,1.0436520501349063,0.740735791798357,0.9571846340611165,1.0910907796864928,0.6201783059079595,0.0,0.0016688730963392885,0.027923825824782242,2.220446049250313e-16
17,101,pca,reconstruction,reconstruction,test_persistence_shift,0,2,True,0.0007599446331458279,0.0007599709028222808,0.00102789960940525,0.0001,0.0002396814967329321,0.9835894935525028,1.2096876035654593,0.034623794820070775,0.9710941806291942,1.1859682387896662,0.03572539325916678,6.419766481290786e-35,1.223744461133977e-05,0.00013010219325723882,4.440892098500626e-16
17,101,pca,reconstruction,forecast,test_persistence_shift,0,2,True,0.0007599446331458279,0.0555340884431216,0.053436497888511826,0.0001,0.0002396814967329321,0.9835894935525028,1.2096876035654593,0.034623794820070775,0.9710941806291942,1.1859682387896662,0.03572539325916678,6.419766481290786e-35,1.223744461133977e-05,0.00013010219325723882,2.220446049250313e-16
17,101,pca,reconstruction,reconstruction,test_noise_shift,0,2,True,0.025373788265885718,0.025373837301358032,0.00102789960940525,0.0001,0.0015211612462438188,0.9854620185105037,1.2808456978928393,0.20986799392268857,0.9906166764020525,1.2334069683412527,0.30550230114104987,2.5679065925163143e-34,0.006815495718287081,0.015331469779731833,2.220446049250313e-16
17,101,pca,reconstruction,forecast,test_noise_shift,0,2,True,0.025373788265885718,0.10688481072394859,0.053436497888511826,0.0001,0.0015211612462438188,0.9854620185105037,1.2808456978928393,0.20986799392268857,0.9906166764020525,1.2334069683412527,0.30550230114104987,2.5679065925163143e-34,0.006815495718287081,0.015331469779731833,1.1102230246251565e-16
17,101,pca,reconstruction,reconstruction,test_combined_shift,0,2,True,0.02205074558569615,0.02205081104171702,0.00102789960940525,0.0001,0.0006459579485524556,0.9891082848712189,1.1622488740138728,0.18263869137199626,0.9966271574299622,1.1385295092380794,0.25526739467132814,0.0,2.2367795500940383e-05,0.008761156433047194,2.220446049250313e-16
17,101,pca,reconstruction,forecast,test_combined_shift,0,2,True,0.02205074558569615,0.12233809315327082,0.053436497888511826,0.0001,0.0006459579485524556,0.9891082848712189,1.1622488740138728,0.18263869137199626,0.9966271574299622,1.1385295092380794,0.25526739467132814,0.0,2.2367795500940383e-05,0.008761156433047194,1.3877787807814457e-16
17,101,reduced_rank,forecast,reconstruction,test_id,0,2,True,0.060132082761400134,0.002606370241337513,0.002260618731995873,0.001,0.0007653313323294147,0.9603413583668887,1.0436520501349063,0.644537940791628,0.9644417023314442,0.9962133205833195,0.6552613945061705,1.0271626370065257e-33,0.02737684294331344,0.05069649635914297,3.3306690738754696e-16
17,101,reduced_rank,forecast,forecast,test_id,0,2,True,0.060132082761400134,0.05988156530061459,0.05449428982190091,0.0001,0.0007653313323294147,0.9603413583668887,1.0436520501349063,0.644537940791628,0.9644417023314442,0.9962133205833195,0.6552613945061705,1.0271626370065257e-33,0.02737684294331344,0.05069649635914297,2.220446049250313e-16
17,101,reduced_rank,forecast,reconstruction,test_mean_shift,0,2,True,0.06852671923149262,0.0031095290086134877,0.002260618731995873,0.001,0.0008613237226455747,0.9598310663659966,0.9487745910317329,0.7576499580585263,0.957899534616417,0.9962133205833196,0.7939711525085169,4.108650548026103e-33,0.0013737470592251066,0.09234760579474173,1.6653345369377348e-16
17,101,reduced_rank,forecast,forecast,test_mean_shift,0,2,True,0.06852671923149262,0.06790748659650843,0.05449428982190091,0.0001,0.0008613237226455747,0.9598310663659966,0.9487745910317329,0.7576499580585263,0.957899534616417,0.9962133205833196,0.7939711525085169,4.108650548026103e-33,0.0013737470592251066,0.09234760579474173,1.1102230246251565e-16
17,101,reduced_rank,forecast,reconstruction,test_variance_shift,0,2,True,0.08362118287745676,0.0048105601910036575,0.002260618731995873,0.001,0.001085652523750624,0.9797263226630586,1.0436520501349063,0.740735791798357,0.9821475396911237,1.0910907796864928,0.6774693008924657,0.0,0.0014670110116462253,0.04028156799603518,2.220446049250313e-16
17,101,reduced_rank,forecast,forecast,test_variance_shift,0,2,True,0.08362118287745676,0.08257857009159555,0.05449428982190091,0.0001,0.001085652523750624,0.9797263226630586,1.0436520501349063,0.740735791798357,0.9821475396911237,1.0910907796864928,0.6774693008924657,0.0,0.0014670110116462253,0.04028156799603518,1.1102230246251565e-16
17,101,reduced_rank,forecast,reconstruction,test_persistence_shift,0,2,True,0.05548167876812536,0.0017474714180179198,0.002260618731995873,0.001,0.00019029171990834508,0.9835894935525028,1.2096876035654593,0.034623794820070775,0.981891890993128,1.1859682387896662,0.029982657068052858,9.027796614315168e-36,0.003001868344425956,0.007031615531838099,3.3306690738754696e-16
17,101,reduced_rank,forecast,forecast,test_persistence_shift,0,2,True,0.05548167876812536,0.05590057827129553,0.05449428982190091,0.0001,0.00019029171990834508,0.9835894935525028,1.2096876035654593,0.034623794820070775,0.981891890993128,1.1859682387896662,0.029982657068052858,9.027796614315168e-36,0.003001868344425956,0.007031615531838099,1.6653345369377348e-16
17,101,reduced_rank,forecast,reconstruction,test_noise_shift,0,2,True,0.1099567665786319,0.05692689084608004,0.002260618731995873,0.001,0.0008866194857166282,0.9854620185105037,1.2808456978928393,0.20986799392268857,0.9922763911269676,1.328284427444426,0.2479725722053715,2.5679065925163143e-34,0.006874165172943507,0.012587646436654673,2.220446049250313e-16
17,101,reduced_rank,forecast,forecast,test_noise_shift,0,2,True,0.1099567665786319,0.11068199564667865,0.05449428982190091,0.0001,0.0008866194857166282,0.9854620185105037,1.2808456978928393,0.20986799392268857,0.9922763911269676,1.328284427444426,0.2479725722053715,2.5679065925163143e-34,0.006874165172943507,0.012587646436654673,1.1102230246251565e-16
17,101,reduced_rank,forecast,reconstruction,test_combined_shift,0,2,True,0.132456157372306,0.05383316960635009,0.002260618731995873,0.001,0.0020262856650993294,0.9891082848712189,1.1622488740138728,0.18263869137199626,0.9871505485090226,1.2334069683412527,0.11902894761115977,5.7777898331617076e-34,0.0008849364519845454,0.0003354922559478002,2.220446049250313e-16
17,101,reduced_rank,forecast,forecast,test_combined_shift,0,2,True,0.132456157372306,0.13325157241110147,0.05449428982190091,0.0001,0.0020262856650993294,0.9891082848712189,1.1622488740138728,0.18263869137199626,0.9871505485090226,1.2334069683412527,0.11902894761115977,5.7777898331617076e-34,0.0008849364519845454,0.0003354922559478002,1.1102230246251565e-16
17,101,random_linear,reconstruction,reconstruction,test_id,0,2,True,0.04717685708721053,0.0019280888500058935,0.0018339594770557827,0.0001,0.003000660970403005,0.9603413583668887,1.0436520501349063,0.644537940791628,0.9599332330920012,0.9487745910317329,0.6451179376698222,0.0,0.0007914862638361696,0.06326349128656036,2.220446049250313e-16
17,101,random_linear,reconstruction,forecast,test_id,0,2,True,0.04717685708721053,0.06036121266205157,0.05322505260415808,0.0001,0.003000660970403005,0.9603413583668887,1.0436520501349063,0.644537940791628,0.9599332330920012,0.9487745910317329,0.6451179376698222,0.0,0.0007914862638361696,0.06326349128656036,1.1102230246251565e-16
17,101,random_linear,reconstruction,reconstruction,test_mean_shift,0,2,True,0.07124112115315646,0.0021580899057324077,0.0018339594770557827,0.0001,0.0030276603908347063,0.9598310663659966,0.9487745910317329,0.7576499580585263,0.9684553833812417,0.8538971319285595,0.762892126560335,4.108650548026103e-33,0.0030935781978699128,0.09185079035471772,2.220446049250313e-16
17,101,random_linear,reconstruction,forecast,test_mean_shift,0,2,True,0.07124112115315646,0.07058028739939773,0.05322505260415808,0.0001,0.0030276603908347063,0.9598310663659966,0.9487745910317329,0.7576499580585263,0.9684553833812417,0.8538971319285595,0.762892126560335,4.108650548026103e-33,0.0030935781978699128,0.09185079035471772,1.1102230246251565e-16
17,101,random_linear,reconstruction,reconstruction,test_variance_shift,0,2,True,0.053099886554386105,0.0032732445457349514,0.0018339594770557827,0.0001,1.3591005317805652e-05,0.9797263226630586,1.0436520501349063,0.740735791798357,0.9819917261397519,1.0436520501349063,0.7526758023580178,1.0271626370065257e-33,0.006789739543664807,0.050459755584007004,2.220446049250313e-16
17,101,random_linear,reconstruction,forecast,test_variance_shift,0,2,True,0.053099886554386105,0.07767484069987328,0.05322505260415808,0.0001,1.3591005317805652e-05,0.9797263226630586,1.0436520501349063,0.740735791798357,0.9819917261397519,1.0436520501349063,0.7526758023580178,1.0271626370065257e-33,0.006789739543664807,0.050459755584007004,1.1102230246251565e-16
17,101,random_linear,reconstruction,reconstruction,test_persistence_shift,0,2,True,0.0208682355869848,0.0013526229896483777,0.0018339594770557827,0.0001,0.004865206510243199,0.9835894935525028,1.2096876035654593,0.034623794820070775,0.9605628174512523,1.0910907796864928,0.03376336637077659,3.2500067811534605e-34,0.0031373785163992785,0.012366913454148596,3.3306690738754696e-16
17,101,random_linear,reconstruction,forecast,test_persistence_shift,0,2,True,0.0208682355869848,0.05507642587352844,0.05322505260415808,0.0001,0.004865206510243199,0.9835894935525028,1.2096876035654593,0.034623794820070775,0.9605628174512523,1.0910907796864928,0.03376336637077659,3.2500067811534605e-34,0.0031373785163992785,0.012366913454148596,1.3877787807814457e-16
17,101,random_linear,reconstruction,reconstruction,test_noise_shift,0,2,True,0.0492239778173635,0.04265692641742909,0.0018339594770557827,0.0001,9.42951411654501e-05,0.9854620185105037,1.2808456978928393,0.20986799392268857,0.9836653571021547,1.2808456978928393,0.24331391632169558,0.0,0.0007916646060268279,0.009834977337640145,2.220446049250313e-16
17,101,random_linear,reconstruction,forecast,test_noise_shift,0,2,True,0.0492239778173635,0.11394001737717588,0.05322505260415808,0.0001,9.42951411654501e-05,0.9854620185105037,1.2808456978928393,0.20986799392268857,0.9836653571021547,1.2808456978928393,0.24331391632169558,0.0,0.0007916646060268279,0.009834977337640145,1.1102230246251565e-16
17,101,random_linear,reconstruction,reconstruction,test_combined_shift,0,2,True,0.06002642640056737,0.04166955098522899,0.0018339594770557827,0.0001,0.0007197497106116281,0.9891082848712189,1.1622488740138728,0.18263869137199626,0.9929008396377621,1.1859682387896662,0.2621938896889009,2.5679065925163143e-34,0.0007983847379808363,0.002518749346403957,2.220446049250313e-16
17,101,random_linear,reconstruction,forecast,test_combined_shift,0,2,True,0.06002642640056737,0.12431103370576588,0.05322505260415808,0.0001,0.0007197497106116281,0.9891082848712189,1.1622488740138728,0.18263869137199626,0.9929008396377621,1.1859682387896662,0.2621938896889009,2.5679065925163143e-34,0.0007983847379808363,0.002518749346403957,1.1102230246251565e-16
17,101,persistence,forecast,reconstruction,test_id,0,4,False,0.06843828922222389,5.389971645176723e-06,4.964550930879592e-06,0.0001,0.0,0.9603413583668887,1.0436520501349063,0.644537940791628,0.9603413583668887,1.0436520501349063,0.644537940791628,4.108650548026103e-33,6.63467434064898e-05,0.07087648088137595,4.440892098500626e-16
17,101,persistence,forecast,forecast,test_id,0,4,False,0.06843828922222389,0.06117097290040378,0.053874929659517165,0.01,0.0,0.9603413583668887,1.0436520501349063,0.644537940791628,0.9603413583668887,1.0436520501349063,0.644537940791628,4.108650548026103e-33,6.63467434064898e-05,0.07087648088137595,1.6653345369377348e-16
17,101,persistence,forecast,reconstruction,test_mean_shift,0,4,False,0.06278728370072219,6.010227450543238e-06,4.964550930879592e-06,0.0001,0.0,0.9598310663659966,0.9487745910317329,0.7576499580585263,0.9598310663659966,0.9487745910317329,0.7576499580585263,9.244463733058732e-33,5.516888627816695e-05,0.08170623052130743,4.440892098500626e-16
17,101,persistence,forecast,forecast,test_mean_shift,0,4,False,0.06278728370072219,0.07127717966220419,0.053874929659517165,0.01,0.0,0.9598310663659966,0.9487745910317329,0.7576499580585263,0.9598310663659966,0.9487745910317329,0.7576499580585263,9.244463733058732e-33,5.516888627816695e-05,0.08170623052130743,1.6653345369377348e-16
17,101,persistence,forecast,reconstruction,test_variance_shift,0,4,False,0.07630732376266351,9.511904569034254e-06,4.964550930879592e-06,0.0001,0.0,0.9797263226630586,1.0436520501349063,0.740735791798357,0.9797263226630586,1.0436520501349063,0.740735791798357,1.0271626370065257e-33,0.007328583041501757,0.05729975383922936,6.661338147750939e-16
17,101,persistence,forecast,forecast,test_variance_shift,0,4,False,0.07630732376266351,0.08391690429279353,0.053874929659517165,0.01,0.0,0.9797263226630586,1.0436520501349063,0.740735791798357,0.9797263226630586,1.0436520501349063,0.740735791798357,1.0271626370065257e-33,0.007328583041501757,0.05729975383922936,2.220446049250313e-16
17,101,persistence,forecast,reconstruction,test_persistence_shift,0,4,False,0.086222859014232,3.6497003427519075e-06,4.964550930879592e-06,0.0001,0.0,0.9835894935525028,1.2096876035654593,0.034623794820070775,0.9835894935525028,1.2096876035654593,0.034623794820070775,0.0,0.0007539404956258901,0.002481192544433162,2.220446049250313e-16
17,101,persistence,forecast,forecast,test_persistence_shift,0,4,False,0.086222859014232,0.054153078570914184,0.053874929659517165,0.01,0.0,0.9835894935525028,1.2096876035654593,0.034623794820070775,0.9835894935525028,1.2096876035654593,0.034623794820070775,0.0,0.0007539404956258901,0.002481192544433162,5.551115123125783e-17
17,101,persistence,forecast,reconstruction,test_noise_shift,0,4,False,0.17085602420163673,0.000116165742379269,4.964550930879592e-06,0.0001,0.0,0.9854620185105037,1.2808456978928393,0.20986799392268857,0.9854620185105037,1.2808456978928393,0.20986799392268857,2.5679065925163143e-34,6.552912213611754e-06,0.002696539938896384,4.440892098500626e-16
17,101,persistence,forecast,forecast,test_noise_shift,0,4,False,0.17085602420163673,0.1048389224197057,0.053874929659517165,0.01,0.0,0.9854620185105037,1.2808456978928393,0.20986799392268857,0.9854620185105037,1.2808456978928393,0.20986799392268857,2.5679065925163143e-34,6.552912213611754e-06,0.002696539938896384,1.6653345369377348e-16
17,101,persistence,forecast,reconstruction,test_combined_shift,0,4,False,0.1778339081553349,0.00011326963988475002,4.964550930879592e-06,0.0001,0.0,0.9891082848712189,1.1622488740138728,0.18263869137199626,0.9891082848712189,1.1622488740138728,0.18263869137199626,6.419766481290786e-35,0.0008891779001842194,0.0030623088926473676,7.771561172376096e-16
17,101,persistence,forecast,forecast,test_combined_shift,0,4,False,0.1778339081553349,0.12237127849574793,0.053874929659517165,0.01,0.0,0.9891082848712189,1.1622488740138728,0.18263869137199626,0.9891082848712189,1.1622488740138728,0.18263869137199626,6.419766481290786e-35,0.0008891779001842194,0.0030623088926473676,3.3306690738754696e-16
