data_seed,training_seed,model,native_objective,task,partition,sequence_index,retained_dimension,compressed,native_mse,probe_mse,probe_validation_mse,probe_ridge_penalty,descriptor_distance,input_permutation_entropy,input_binary_lz76,input_lag1_correlation,latent_permutation_entropy,latent_binary_lz76,latent_lag1_correlation,scale_descriptor_change,rotation_descriptor_change,shuffled_descriptor_change,rotation_prediction_max_difference
17,101,cae,reconstruction,reconstruction,test_id,0,2,True,0.04259920960989151,0.002877509089902363,0.0028421354528663308,0.001,0.0010626851634450282,0.9791877959034078,0.9905222390700708,0.5983473014859901,0.9708248902323653,1.0455512523517414,0.6173130597168699,0.0,0.0003062166067310847,0.04636708491915308,3.3306690738754696e-16
17,101,cae,reconstruction,forecast,test_id,0,2,True,0.04259920960989151,0.04992752450589391,0.05327120093734301,0.0001,0.0010626851634450282,0.9791877959034078,0.9905222390700708,0.5983473014859901,0.9708248902323653,1.0455512523517414,0.6173130597168699,0.0,0.0003062166067310847,0.04636708491915308,2.220446049250313e-16
17,101,cae,reconstruction,reconstruction,test_id,1,2,True,0.0367409955204598,0.00275607182011449,0.0028421354528663308,0.001,0.001009819434571735,0.984264657566112,1.0455512523517414,0.47432061420604765,0.9836654362223225,1.100580265633412,0.4724159517770935,0.0,0.0010527710899412071,0.01709158456654818,1.1102230246251565e-16
17,101,cae,reconstruction,forecast,test_id,1,2,True,0.0367409955204598,0.046180774503227114,0.05327120093734301,0.0001,0.001009819434571735,0.984264657566112,1.0455512523517414,0.47432061420604765,0.9836654362223225,1.100580265633412,0.4724159517770935,0.0,0.0010527710899412071,0.01709158456654818,1.1102230246251565e-16
17,101,cae,reconstruction,reconstruction,test_mean_shift,0,2,True,0.10921926821075095,0.0040845866225402636,0.0028421354528663308,0.001,0.00020199866053018396,0.9696053643649218,0.8116779459046413,0.8183801644579971,0.9773286570607733,0.8254351992250588,0.780586794002182,1.6434602192104412e-32,0.002376281549484752,0.10511277681522853,2.220446049250313e-16
17,101,cae,reconstruction,forecast,test_mean_shift,0,2,True,0.10921926821075095,0.060334319338129966,0.05327120093734301,0.0001,0.00020199866053018396,0.9696053643649218,0.8116779459046413,0.8183801644579971,0.9773286570607733,0.8254351992250588,0.780586794002182,1.6434602192104412e-32,0.002376281549484752,0.10511277681522853,1.1102230246251565e-16
17,101,cae,reconstruction,reconstruction,test_mean_shift,1,2,True,0.08687614300980226,0.003116890934957786,0.0028421354528663308,0.001,0.0007760581753655469,0.9751933459731166,0.8667069591863118,0.7987701906564848,0.9672283764608068,0.9079787191475648,0.7513834576412058,2.5679065925163147e-32,0.0006628378660704621,0.08152534192058078,2.220446049250313e-16
17,101,cae,reconstruction,forecast,test_mean_shift,1,2,True,0.08687614300980226,0.055952028431155536,0.05327120093734301,0.0001,0.0007760581753655469,0.9751933459731166,0.8667069591863118,0.7987701906564848,0.9672283764608068,0.9079787191475648,0.7513834576412058,2.5679065925163147e-32,0.0006628378660704621,0.08152534192058078,2.220446049250313e-16
17,101,cae,reconstruction,reconstruction,test_variance_shift,0,2,True,0.0702369901674588,0.005217262757939382,0.0028421354528663308,0.001,0.0010152414408423753,0.9721018946900803,1.0455512523517414,0.6481757777962729,0.9679153910248762,0.9905222390700708,0.6480314610048188,1.6434602192104412e-32,0.004068055745460754,0.0431852416463408,4.440892098500626e-16
17,101,cae,reconstruction,forecast,test_variance_shift,0,2,True,0.0702369901674588,0.07350725554420175,0.05327120093734301,0.0001,0.0010152414408423753,0.9721018946900803,1.0455512523517414,0.6481757777962729,0.9679153910248762,0.9905222390700708,0.6480314610048188,1.6434602192104412e-32,0.004068055745460754,0.0431852416463408,1.5265566588595902e-16
17,101,cae,reconstruction,reconstruction,test_variance_shift,1,2,True,0.06699505334326515,0.005263178966821385,0.0028421354528663308,0.001,7.811657251745782e-05,0.9780866886085384,1.1143375189538296,0.6264464766716131,0.9787401432191182,1.1280947722742471,0.6130807450115586,4.108650548026103e-33,0.0023914902554981283,0.039916796815881776,6.661338147750939e-16
17,101,cae,reconstruction,forecast,test_variance_shift,1,2,True,0.06699505334326515,0.08232751081172604,0.05327120093734301,0.0001,7.811657251745782e-05,0.9780866886085384,1.1143375189538296,0.6264464766716131,0.9787401432191182,1.1280947722742471,0.6130807450115586,4.108650548026103e-33,0.0023914902554981283,0.039916796815881776,3.3306690738754696e-16
17,101,cae,reconstruction,reconstruction,test_persistence_shift,0,2,True,0.039943612358744204,0.00265397006647046,0.0028421354528663308,0.001,0.000363874628833129,0.9823138005264873,0.9905222390700708,0.34982987702498264,0.9747981061837712,0.9905222390700708,0.4141770051674647,4.108650548026103e-33,0.0003318373271929199,0.018750260343296375,5.551115123125783e-16
17,101,cae,reconstruction,forecast,test_persistence_shift,0,2,True,0.039943612358744204,0.06035697907679703,0.05327120093734301,0.0001,0.000363874628833129,0.9823138005264873,0.9905222390700708,0.34982987702498264,0.9747981061837712,0.9905222390700708,0.4141770051674647,4.108650548026103e-33,0.0003318373271929199,0.018750260343296375,3.885780586188048e-16
17,101,cae,reconstruction,reconstruction,test_persistence_shift,1,2,True,0.04264911952774789,0.0022910072400077553,0.0028421354528663308,0.001,0.0010494404638751312,0.9888710665654411,1.059308505672159,0.2065707936697266,0.988520608226816,1.018036745710906,0.1305486810897935,1.0271626370065257e-33,0.0003465118341672338,0.014292875478202472,7.771561172376096e-16
17,101,cae,reconstruction,forecast,test_persistence_shift,1,2,True,0.04264911952774789,0.06687149868770174,0.05327120093734301,0.0001,0.0010494404638751312,0.9888710665654411,1.059308505672159,0.2065707936697266,0.988520608226816,1.018036745710906,0.1305486810897935,1.0271626370065257e-33,0.0003465118341672338,0.014292875478202472,4.718447854656915e-16
17,101,cae,reconstruction,reconstruction,test_noise_shift,0,2,True,0.05668464555270781,0.07767225185306152,0.0028421354528663308,0.001,0.0003930908161938556,0.9831339659214833,1.1556092789150825,0.2328609926795605,0.9884053635747251,1.1831237855559178,0.1931401296640422,6.419766481290786e-35,0.00026678618568079076,0.0015462468812630515,4.440892098500626e-16
17,101,cae,reconstruction,forecast,test_noise_shift,0,2,True,0.05668464555270781,0.11518383034224164,0.05327120093734301,0.0001,0.0003930908161938556,0.9831339659214833,1.1556092789150825,0.2328609926795605,0.9884053635747251,1.1831237855559178,0.1931401296640422,6.419766481290786e-35,0.00026678618568079076,0.0015462468812630515,1.1102230246251565e-16
17,101,cae,reconstruction,reconstruction,test_noise_shift,1,2,True,0.06531524868280081,0.0798332581523354,0.0028421354528663308,0.001,0.0003232873180147583,0.9787760484044372,1.1280947722742471,0.30117976770697863,0.9805194271117673,1.1556092789150825,0.3301469566654214,1.0271626370065257e-33,0.00029641176372243626,0.015359844127626235,6.661338147750939e-16
17,101,cae,reconstruction,forecast,test_noise_shift,1,2,True,0.06531524868280081,0.1218799680463077,0.05327120093734301,0.0001,0.0003232873180147583,0.9787760484044372,1.1280947722742471,0.30117976770697863,0.9805194271117673,1.1556092789150825,0.3301469566654214,1.0271626370065257e-33,0.00029641176372243626,0.015359844127626235,4.440892098500626e-16
17,101,cae,reconstruction,reconstruction,test_combined_shift,0,2,True,0.12681148249495192,0.07381176322015265,0.0028421354528663308,0.001,0.0013845750972640083,0.9894638031178637,1.0730657589925767,0.31977615586526437,0.9899758237558683,1.100580265633412,0.20321861555199744,6.419766481290786e-35,0.0010236879864995408,0.0034561280349120226,4.440892098500626e-16
17,101,cae,reconstruction,forecast,test_combined_shift,0,2,True,0.12681148249495192,0.14710693790599477,0.05327120093734301,0.0001,0.0013845750972640083,0.9894638031178637,1.0730657589925767,0.31977615586526437,0.9899758237558683,1.100580265633412,0.20321861555199744,6.419766481290786e-35,0.0010236879864995408,0.0034561280349120226,2.220446049250313e-16
17,101,cae,reconstruction,reconstruction,test_combined_shift,1,2,True,0.1492419046228364,0.05791550056312966,0.0028421354528663308,0.001,8.863188938323104e-05,0.9868385395298443,1.018036745710906,0.5470130228928483,0.9705395620308953,1.018036745710906,0.5479907767237198,0.0,0.0010726787992284888,0.034616836964622956,3.3306690738754696e-16
17,101,cae,reconstruction,forecast,test_combined_shift,1,2,True,0.1492419046228364,0.1397599088899512,0.05327120093734301,0.0001,8.863188938323104e-05,0.9868385395298443,1.018036745710906,0.5470130228928483,0.9705395620308953,1.018036745710906,0.5479907767237198,0.0,0.0010726787992284888,0.034616836964622956,2.220446049250313e-16
17,101,untrained_cae,reconstruction,reconstruction,test_id,0,2,True,0.04621524211365027,0.0027667585589893355,0.0027159099273622958,0.001,0.0002749723629633003,0.9791877959034078,0.9905222390700708,0.5983473014859901,0.974975960930625,1.018036745710906,0.6125077335928679,4.108650548026103e-33,0.0010744875101119072,0.04773021964845401,3.3306690738754696e-16
17,101,untrained_cae,reconstruction,forecast,test_id,0,2,True,0.04621524211365027,0.04996664498684445,0.053231337113153296,0.0001,0.0002749723629633003,0.9791877959034078,0.9905222390700708,0.5983473014859901,0.974975960930625,1.018036745710906,0.6125077335928679,4.108650548026103e-33,0.0010744875101119072,0.04773021964845401,2.220446049250313e-16
17,101,untrained_cae,reconstruction,reconstruction,test_id,1,2,True,0.03905096446774048,0.0026503889462240367,0.0027159099273622958,0.001,0.00025264907390921753,0.984264657566112,1.0455512523517414,0.47432061420604765,0.9841870127609619,1.0730657589925765,0.47243051651193047,1.0271626370065257e-33,0.0010464195217772235,0.01725543642228618,1.1102230246251565e-16
17,101,untrained_cae,reconstruction,forecast,test_id,1,2,True,0.03905096446774048,0.046163383643487814,0.053231337113153296,0.0001,0.00025264907390921753,0.984264657566112,1.0455512523517414,0.47432061420604765,0.9841870127609619,1.0730657589925765,0.47243051651193047,1.0271626370065257e-33,0.0010464195217772235,0.01725543642228618,1.1102230246251565e-16
17,101,untrained_cae,reconstruction,reconstruction,test_mean_shift,0,2,True,0.12563412814897112,0.003966857202622486,0.0027159099273622958,0.001,0.00023164582955413992,0.9696053643649218,0.8116779459046413,0.8183801644579971,0.9788904844693502,0.7979206925842236,0.7774186208158629,3.697785493223493e-32,0.0011331729847198159,0.08921886862834834,2.220446049250313e-16
17,101,untrained_cae,reconstruction,forecast,test_mean_shift,0,2,True,0.12563412814897112,0.06013291618293042,0.053231337113153296,0.0001,0.00023164582955413992,0.9696053643649218,0.8116779459046413,0.8183801644579971,0.9788904844693502,0.7979206925842236,0.7774186208158629,3.697785493223493e-32,0.0011331729847198159,0.08921886862834834,2.220446049250313e-16
17,101,untrained_cae,reconstruction,reconstruction,test_mean_shift,1,2,True,0.10139196537739142,0.002930758448824342,0.0027159099273622958,0.001,0.0033179747524846506,0.9751933459731166,0.8667069591863118,0.7987701906564848,0.9725290723052591,0.9630077324292354,0.7468862056093928,0.0,0.0008332304094016068,0.07262115923288802,1.1102230246251565e-16
17,101,untrained_cae,reconstruction,forecast,test_mean_shift,1,2,True,0.10139196537739142,0.05579584017249668,0.053231337113153296,0.0001,0.0033179747524846506,0.9751933459731166,0.8667069591863118,0.7987701906564848,0.9725290723052591,0.9630077324292354,0.7468862056093928,0.0,0.0008332304094016068,0.07262115923288802,1.1102230246251565e-16
17,101,untrained_cae,reconstruction,reconstruction,test_variance_shift,0,2,True,0.07851560443102419,0.004946754718771307,0.0027159099273622958,0.001,0.00033063637228813113,0.9721018946900803,1.0455512523517414,0.6481757777962729,0.9567831625253829,1.018036745710906,0.6490645658296875,1.0271626370065257e-33,0.0023606181488063436,0.04066699302405622,2.220446049250313e-16
17,101,untrained_cae,reconstruction,forecast,test_variance_shift,0,2,True,0.07851560443102419,0.07349341747982026,0.053231337113153296,0.0001,0.00033063637228813113,0.9721018946900803,1.0455512523517414,0.6481757777962729,0.9567831625253829,1.018036745710906,0.6490645658296875,1.0271626370065257e-33,0.0023606181488063436,0.04066699302405622,1.1102230246251565e-16
17,101,untrained_cae,reconstruction,reconstruction,test_variance_shift,1,2,True,0.07640128429067594,0.004898969308574242,0.0027159099273622958,0.001,6.927476127418482e-05,0.9780866886085384,1.1143375189538296,0.6264464766716131,0.9795522752605152,1.100580265633412,0.6183435585143164,4.108650548026103e-33,0.0024080972905237666,0.04378543011636937,6.661338147750939e-16
17,101,untrained_cae,reconstruction,forecast,test_variance_shift,1,2,True,0.07640128429067594,0.081889778207963,0.053231337113153296,0.0001,6.927476127418482e-05,0.9780866886085384,1.1143375189538296,0.6264464766716131,0.9795522752605152,1.100580265633412,0.6183435585143164,4.108650548026103e-33,0.0024080972905237666,0.04378543011636937,3.608224830031759e-16
17,101,untrained_cae,reconstruction,reconstruction,test_persistence_shift,0,2,True,0.04317422445639439,0.00256609370321857,0.0027159099273622958,0.001,0.000605720732757064,0.9823138005264873,0.9905222390700708,0.34982987702498264,0.9807035892502866,0.9630077324292354,0.41486898348343937,2.5679065925163143e-34,0.00030012275131756,0.02669804796710697,5.551115123125783e-16
17,101,untrained_cae,reconstruction,forecast,test_persistence_shift,0,2,True,0.04317422445639439,0.060444381339588356,0.053231337113153296,0.0001,0.000605720732757064,0.9823138005264873,0.9905222390700708,0.34982987702498264,0.9807035892502866,0.9630077324292354,0.41486898348343937,2.5679065925163143e-34,0.00030012275131756,0.02669804796710697,3.3306690738754696e-16
17,101,untrained_cae,reconstruction,reconstruction,test_persistence_shift,1,2,True,0.045502300006920245,0.002210376702391429,0.0027159099273622958,0.001,0.0012399456848458106,0.9888710665654411,1.059308505672159,0.2065707936697266,0.9878980658184682,1.018036745710906,0.11678143675512238,5.793839249364934e-33,0.0010855355947150965,0.010727737901377182,7.771561172376096e-16
17,101,untrained_cae,reconstruction,forecast,test_persistence_shift,1,2,True,0.045502300006920245,0.06683651113868005,0.053231337113153296,0.0001,0.0012399456848458106,0.9888710665654411,1.059308505672159,0.2065707936697266,0.9878980658184682,1.018036745710906,0.11678143675512238,5.793839249364934e-33,0.0010855355947150965,0.010727737901377182,4.718447854656915e-16
17,101,untrained_cae,reconstruction,reconstruction,test_noise_shift,0,2,True,0.06008206980836867,0.07465135068820294,0.0027159099273622958,0.001,0.001093353556214862,0.9831339659214833,1.1556092789150825,0.2328609926795605,0.9844291219731702,1.2106382921967531,0.201226142486011,2.5679065925163143e-34,0.002278940665711994,0.0016529891757576791,2.220446049250313e-16
17,101,untrained_cae,reconstruction,forecast,test_noise_shift,0,2,True,0.06008206980836867,0.11419147090983833,0.053231337113153296,0.0001,0.001093353556214862,0.9831339659214833,1.1556092789150825,0.2328609926795605,0.9844291219731702,1.2106382921967531,0.201226142486011,2.5679065925163143e-34,0.002278940665711994,0.0016529891757576791,2.220446049250313e-16
17,101,untrained_cae,reconstruction,reconstruction,test_noise_shift,1,2,True,0.06858350271423308,0.07742555776828476,0.0027159099273622958,0.001,7.979065325180441e-05,0.9787760484044372,1.1280947722742471,0.30117976770697863,0.988557149069106,1.1280947722742471,0.32515492397700363,2.5679065925163143e-34,0.0002826777065513862,0.012996797627569367,5.551115123125783e-16
17,101,untrained_cae,reconstruction,forecast,test_noise_shift,1,2,True,0.06858350271423308,0.1214377153739414,0.053231337113153296,0.0001,7.979065325180441e-05,0.9787760484044372,1.1280947722742471,0.30117976770697863,0.988557149069106,1.1280947722742471,0.32515492397700363,2.5679065925163143e-34,0.0002826777065513862,0.012996797627569367,4.440892098500626e-16
17,101,untrained_cae,reconstruction,reconstruction,test_combined_shift,0,2,True,0.1423132049814377,0.07141206712048954,0.0027159099273622958,0.001,0.0012033656918301239,0.9894638031178637,1.0730657589925767,0.31977615586526437,0.9808471140419279,1.0730657589925767,0.20085013272719723,6.419766481290786e-35,0.004059907499918727,0.0017671040691800007,4.440892098500626e-16
17,101,untrained_cae,reconstruction,forecast,test_combined_shift,0,2,True,0.1423132049814377,0.14643544266879127,0.053231337113153296,0.0001,0.0012033656918301239,0.9894638031178637,1.0730657589925767,0.31977615586526437,0.9808471140419279,1.0730657589925767,0.20085013272719723,6.419766481290786e-35,0.004059907499918727,0.0017671040691800007,2.220446049250313e-16
17,101,untrained_cae,reconstruction,reconstruction,test_combined_shift,1,2,True,0.16277059274926012,0.05625061843881252,0.0027159099273622958,0.001,4.344754486551671e-06,0.9868385395298443,1.018036745710906,0.5470130228928483,0.9838591202200687,1.018036745710906,0.5429351194922312,1.6434602192104412e-32,0.0010112838927117274,0.03816792410755295,4.440892098500626e-16
17,101,untrained_cae,reconstruction,forecast,test_combined_shift,1,2,True,0.16277059274926012,0.1393000745013437,0.053231337113153296,0.0001,4.344754486551671e-06,0.9868385395298443,1.018036745710906,0.5470130228928483,0.9838591202200687,1.018036745710906,0.5429351194922312,1.6434602192104412e-32,0.0010112838927117274,0.03816792410755295,2.220446049250313e-16
17,101,cte,forecast,reconstruction,test_id,0,2,True,0.06803213220005885,0.0033394957285098298,0.0031886640169489803,0.001,3.737509328188663e-05,0.9791877959034078,0.9905222390700708,0.5983473014859901,0.9730044141186664,0.9905222390700708,0.6155392844489632,0.0,0.0002934918228023798,0.049833079095624656,4.440892098500626e-16
17,101,cte,forecast,forecast,test_id,0,2,True,0.06803213220005885,0.050095403440355055,0.05341478767541922,0.0001,3.737509328188663e-05,0.9791877959034078,0.9905222390700708,0.5983473014859901,0.9730044141186664,0.9905222390700708,0.6155392844489632,0.0,0.0002934918228023798,0.049833079095624656,2.220446049250313e-16
17,101,cte,forecast,reconstruction,test_id,1,2,True,0.06138961226018478,0.003178761761662553,0.0031886640169489803,0.001,0.0022846389602710995,0.984264657566112,1.0455512523517414,0.47432061420604765,0.9897581412624954,1.1280947722742471,0.4807411551470478,9.244463733058732e-33,0.004115232328560367,0.015126345763413722,2.220446049250313e-16
17,101,cte,forecast,forecast,test_id,1,2,True,0.06138961226018478,0.046060887423639806,0.05341478767541922,0.0001,0.0022846389602710995,0.984264657566112,1.0455512523517414,0.47432061420604765,0.9897581412624954,1.1280947722742471,0.4807411551470478,9.244463733058732e-33,0.004115232328560367,0.015126345763413722,1.1102230246251565e-16
17,101,cte,forecast,reconstruction,test_mean_shift,0,2,True,0.13494444890966534,0.004552290703347881,0.0031886640169489803,0.001,0.00010264806312861262,0.9696053643649218,0.8116779459046413,0.8183801644579971,0.9764792355378865,0.7979206925842236,0.801476665937137,1.0271626370065257e-33,0.0011523474679769488,0.10778893713909683,2.220446049250313e-16
17,101,cte,forecast,forecast,test_mean_shift,0,2,True,0.13494444890966534,0.0602284350930111,0.05341478767541922,0.0001,0.00010264806312861262,0.9696053643649218,0.8116779459046413,0.8183801644579971,0.9764792355378865,0.7979206925842236,0.801476665937137,1.0271626370065257e-33,0.0011523474679769488,0.10778893713909683,2.220446049250313e-16
17,101,cte,forecast,reconstruction,test_mean_shift,1,2,True,0.11082284796662677,0.003450872248990373,0.0031886640169489803,0.001,0.0006204614398438432,0.9751933459731166,0.8667069591863118,0.7987701906564848,0.9724271728110704,0.9079787191475648,0.774244739772163,1.6434602192104412e-32,0.0001277468216223573,0.08544461214589465,2.220446049250313e-16
17,101,cte,forecast,forecast,test_mean_shift,1,2,True,0.11082284796662677,0.05594736543685992,0.05341478767541922,0.0001,0.0006204614398438432,0.9751933459731166,0.8667069591863118,0.7987701906564848,0.9724271728110704,0.9079787191475648,0.774244739772163,1.6434602192104412e-32,0.0001277468216223573,0.08544461214589465,1.1102230246251565e-16
17,101,cte,forecast,reconstruction,test_variance_shift,0,2,True,0.11088664541512956,0.005465618448467049,0.0031886640169489803,0.001,0.002310249359118589,0.9721018946900803,1.0455512523517414,0.6481757777962729,0.982793609208997,0.9630077324292354,0.644710154155649,0.0,0.0010764239744003195,0.04646283867592004,2.7755575615628914e-16
17,101,cte,forecast,forecast,test_variance_shift,0,2,True,0.11088664541512956,0.07416973892715883,0.05341478767541922,0.0001,0.002310249359118589,0.9721018946900803,1.0455512523517414,0.6481757777962729,0.982793609208997,0.9630077324292354,0.644710154155649,0.0,0.0010764239744003195,0.04646283867592004,1.6653345369377348e-16
17,101,cte,forecast,reconstruction,test_variance_shift,1,2,True,0.10694941031692724,0.005651215345178831,0.0031886640169489803,0.001,0.0006566789609607788,0.9780866886085384,1.1143375189538296,0.6264464766716131,0.9865196584488605,1.0730657589925767,0.5984776560132243,0.0,9.229563148630346e-05,0.038903082230608545,4.440892098500626e-16
17,101,cte,forecast,forecast,test_variance_shift,1,2,True,0.10694941031692724,0.08273370770540918,0.05341478767541922,0.0001,0.0006566789609607788,0.9780866886085384,1.1143375189538296,0.6264464766716131,0.9865196584488605,1.0730657589925767,0.5984776560132243,0.0,9.229563148630346e-05,0.038903082230608545,4.440892098500626e-16
17,101,cte,forecast,reconstruction,test_persistence_shift,0,2,True,0.07200110483224989,0.003093191926836752,0.0031886640169489803,0.001,0.00047124164209832027,0.9823138005264873,0.9905222390700708,0.34982987702498264,0.976980564698937,1.018036745710906,0.39995904802208265,1.0271626370065257e-33,0.002371369785250244,0.018809471977592408,4.440892098500626e-16
17,101,cte,forecast,forecast,test_persistence_shift,0,2,True,0.07200110483224989,0.06006367947054166,0.05341478767541922,0.0001,0.00047124164209832027,0.9823138005264873,0.9905222390700708,0.34982987702498264,0.976980564698937,1.018036745710906,0.39995904802208265,1.0271626370065257e-33,0.002371369785250244,0.018809471977592408,3.885780586188048e-16
17,101,cte,forecast,reconstruction,test_persistence_shift,1,2,True,0.08533999564507659,0.002655994654328737,0.0031886640169489803,0.001,0.0018039464905525264,0.9888710665654411,1.059308505672159,0.2065707936697266,0.9904044699848678,0.9905222390700708,0.15449632113059028,2.311115933264683e-33,0.0003308281202652872,0.014783927913578895,8.881784197001252e-16
17,101,cte,forecast,forecast,test_persistence_shift,1,2,True,0.08533999564507659,0.06722030493728674,0.05341478767541922,0.0001,0.0018039464905525264,0.9888710665654411,1.059308505672159,0.2065707936697266,0.9904044699848678,0.9905222390700708,0.15449632113059028,2.311115933264683e-33,0.0003308281202652872,0.014783927913578895,4.996003610813204e-16
17,101,cte,forecast,reconstruction,test_noise_shift,0,2,True,0.13027152062625633,0.08537738027681728,0.0031886640169489803,0.001,0.0004721414893745104,0.9831339659214833,1.1556092789150825,0.2328609926795605,0.9889822810818647,1.1831237855559178,0.18285404907290473,5.7777898331617076e-34,0.0010171258400821486,0.00032639297880080446,2.220446049250313e-16
17,101,cte,forecast,forecast,test_noise_shift,0,2,True,0.13027152062625633,0.11727917902956815,0.05341478767541922,0.0001,0.0004721414893745104,0.9831339659214833,1.1556092789150825,0.2328609926795605,0.9889822810818647,1.1831237855559178,0.18285404907290473,5.7777898331617076e-34,0.0010171258400821486,0.00032639297880080446,1.1102230246251565e-16
17,101,cte,forecast,reconstruction,test_noise_shift,1,2,True,0.13737306888501002,0.0920770330216475,0.0031886640169489803,0.001,0.0002785569161466261,0.9787760484044372,1.1280947722742471,0.30117976770697863,0.9810359867095261,1.100580265633412,0.31832798646094973,1.0271626370065257e-33,0.00030565174326847774,0.015393839320091564,7.771561172376096e-16
17,101,cte,forecast,forecast,test_noise_shift,1,2,True,0.13737306888501002,0.12332969445619266,0.05341478767541922,0.0001,0.0002785569161466261,0.9787760484044372,1.1280947722742471,0.30117976770697863,0.9810359867095261,1.100580265633412,0.31832798646094973,1.0271626370065257e-33,0.00030565174326847774,0.015393839320091564,3.3306690738754696e-16
17,101,cte,forecast,reconstruction,test_combined_shift,0,2,True,0.2042054556224259,0.08567536502790624,0.0031886640169489803,0.001,0.0051917757818455736,0.9894638031178637,1.0730657589925767,0.31977615586526437,0.9898363400829757,1.1831237855559178,0.2020915034975192,5.7777898331617076e-34,0.0010189556210726952,0.003238212889401014,4.440892098500626e-16
17,101,cte,forecast,forecast,test_combined_shift,0,2,True,0.2042054556224259,0.15163909306311482,0.05341478767541922,0.0001,0.0051917757818455736,0.9894638031178637,1.0730657589925767,0.31977615586526437,0.9898363400829757,1.1831237855559178,0.2020915034975192,5.7777898331617076e-34,0.0010189556210726952,0.003238212889401014,2.220446049250313e-16
17,101,cte,forecast,reconstruction,test_combined_shift,1,2,True,0.2289560477883719,0.06584199263308656,0.0031886640169489803,0.001,0.000469775343786795,0.9868385395298443,1.018036745710906,0.5470130228928483,0.9631857288287489,1.0455512523517414,0.5277441358871121,0.0,0.000267358217360821,0.025745192834673636,4.440892098500626e-16
17,101,cte,forecast,forecast,test_combined_shift,1,2,True,0.2289560477883719,0.14300114423781957,0.05341478767541922,0.0001,0.000469775343786795,0.9868385395298443,1.018036745710906,0.5470130228928483,0.9631857288287489,1.0455512523517414,0.5277441358871121,0.0,0.000267358217360821,0.025745192834673636,2.220446049250313e-16
17,101,untrained_cte,forecast,reconstruction,test_id,0,2,True,0.07224727099735195,0.0027667585589893355,0.0027159099273622958,0.001,0.0002749723629633003,0.9791877959034078,0.9905222390700708,0.5983473014859901,0.974975960930625,1.018036745710906,0.6125077335928679,4.108650548026103e-33,0.0010744875101119072,0.04773021964845401,3.3306690738754696e-16
17,101,untrained_cte,forecast,forecast,test_id,0,2,True,0.07224727099735195,0.04996664498684445,0.053231337113153296,0.0001,0.0002749723629633003,0.9791877959034078,0.9905222390700708,0.5983473014859901,0.974975960930625,1.018036745710906,0.6125077335928679,4.108650548026103e-33,0.0010744875101119072,0.04773021964845401,2.220446049250313e-16
17,101,untrained_cte,forecast,reconstruction,test_id,1,2,True,0.06399312244636231,0.0026503889462240367,0.0027159099273622958,0.001,0.00025264907390921753,0.984264657566112,1.0455512523517414,0.47432061420604765,0.9841870127609619,1.0730657589925765,0.47243051651193047,1.0271626370065257e-33,0.0010464195217772235,0.01725543642228618,1.1102230246251565e-16
17,101,untrained_cte,forecast,forecast,test_id,1,2,True,0.06399312244636231,0.046163383643487814,0.053231337113153296,0.0001,0.00025264907390921753,0.984264657566112,1.0455512523517414,0.47432061420604765,0.9841870127609619,1.0730657589925765,0.47243051651193047,1.0271626370065257e-33,0.0010464195217772235,0.01725543642228618,1.1102230246251565e-16
17,101,untrained_cte,forecast,reconstruction,test_mean_shift,0,2,True,0.1505993600557577,0.003966857202622486,0.0027159099273622958,0.001,0.00023164582955413992,0.9696053643649218,0.8116779459046413,0.8183801644579971,0.9788904844693502,0.7979206925842236,0.7774186208158629,3.697785493223493e-32,0.0011331729847198159,0.08921886862834834,2.220446049250313e-16
17,101,untrained_cte,forecast,forecast,test_mean_shift,0,2,True,0.1505993600557577,0.06013291618293042,0.053231337113153296,0.0001,0.00023164582955413992,0.9696053643649218,0.8116779459046413,0.8183801644579971,0.9788904844693502,0.7979206925842236,0.7774186208158629,3.697785493223493e-32,0.0011331729847198159,0.08921886862834834,2.220446049250313e-16
17,101,untrained_cte,forecast,reconstruction,test_mean_shift,1,2,True,0.12359437319918132,0.002930758448824342,0.0027159099273622958,0.001,0.0033179747524846506,0.9751933459731166,0.8667069591863118,0.7987701906564848,0.9725290723052591,0.9630077324292354,0.7468862056093928,0.0,0.0008332304094016068,0.07262115923288802,1.1102230246251565e-16
17,101,untrained_cte,forecast,forecast,test_mean_shift,1,2,True,0.12359437319918132,0.05579584017249668,0.053231337113153296,0.0001,0.0033179747524846506,0.9751933459731166,0.8667069591863118,0.7987701906564848,0.9725290723052591,0.9630077324292354,0.7468862056093928,0.0,0.0008332304094016068,0.07262115923288802,1.1102230246251565e-16
17,101,untrained_cte,forecast,reconstruction,test_variance_shift,0,2,True,0.11718933110981633,0.004946754718771307,0.0027159099273622958,0.001,0.00033063637228813113,0.9721018946900803,1.0455512523517414,0.6481757777962729,0.9567831625253829,1.018036745710906,0.6490645658296875,1.0271626370065257e-33,0.0023606181488063436,0.04066699302405622,2.220446049250313e-16
17,101,untrained_cte,forecast,forecast,test_variance_shift,0,2,True,0.11718933110981633,0.07349341747982026,0.053231337113153296,0.0001,0.00033063637228813113,0.9721018946900803,1.0455512523517414,0.6481757777962729,0.9567831625253829,1.018036745710906,0.6490645658296875,1.0271626370065257e-33,0.0023606181488063436,0.04066699302405622,1.1102230246251565e-16
17,101,untrained_cte,forecast,reconstruction,test_variance_shift,1,2,True,0.11856990339681113,0.004898969308574242,0.0027159099273622958,0.001,6.927476127418482e-05,0.9780866886085384,1.1143375189538296,0.6264464766716131,0.9795522752605152,1.100580265633412,0.6183435585143164,4.108650548026103e-33,0.0024080972905237666,0.04378543011636937,6.661338147750939e-16
17,101,untrained_cte,forecast,forecast,test_variance_shift,1,2,True,0.11856990339681113,0.081889778207963,0.053231337113153296,0.0001,6.927476127418482e-05,0.9780866886085384,1.1143375189538296,0.6264464766716131,0.9795522752605152,1.100580265633412,0.6183435585143164,4.108650548026103e-33,0.0024080972905237666,0.04378543011636937,3.608224830031759e-16
17,101,untrained_cte,forecast,reconstruction,test_persistence_shift,0,2,True,0.07615533441048809,0.00256609370321857,0.0027159099273622958,0.001,0.000605720732757064,0.9823138005264873,0.9905222390700708,0.34982987702498264,0.9807035892502866,0.9630077324292354,0.41486898348343937,2.5679065925163143e-34,0.00030012275131756,0.02669804796710697,5.551115123125783e-16
17,101,untrained_cte,forecast,forecast,test_persistence_shift,0,2,True,0.07615533441048809,0.060444381339588356,0.053231337113153296,0.0001,0.000605720732757064,0.9823138005264873,0.9905222390700708,0.34982987702498264,0.9807035892502866,0.9630077324292354,0.41486898348343937,2.5679065925163143e-34,0.00030012275131756,0.02669804796710697,3.3306690738754696e-16
17,101,untrained_cte,forecast,reconstruction,test_persistence_shift,1,2,True,0.08904664147111525,0.002210376702391429,0.0027159099273622958,0.001,0.0012399456848458106,0.9888710665654411,1.059308505672159,0.2065707936697266,0.9878980658184682,1.018036745710906,0.11678143675512238,5.793839249364934e-33,0.0010855355947150965,0.010727737901377182,7.771561172376096e-16
17,101,untrained_cte,forecast,forecast,test_persistence_shift,1,2,True,0.08904664147111525,0.06683651113868005,0.053231337113153296,0.0001,0.0012399456848458106,0.9888710665654411,1.059308505672159,0.2065707936697266,0.9878980658184682,1.018036745710906,0.11678143675512238,5.793839249364934e-33,0.0010855355947150965,0.010727737901377182,4.718447854656915e-16
17,101,untrained_cte,forecast,reconstruction,test_noise_shift,0,2,True,0.13554748568685235,0.07465135068820294,0.0027159099273622958,0.001,0.001093353556214862,0.9831339659214833,1.1556092789150825,0.2328609926795605,0.9844291219731702,1.2106382921967531,0.201226142486011,2.5679065925163143e-34,0.002278940665711994,0.0016529891757576791,2.220446049250313e-16
17,101,untrained_cte,forecast,forecast,test_noise_shift,0,2,True,0.13554748568685235,0.11419147090983833,0.053231337113153296,0.0001,0.001093353556214862,0.9831339659214833,1.1556092789150825,0.2328609926795605,0.9844291219731702,1.2106382921967531,0.201226142486011,2.5679065925163143e-34,0.002278940665711994,0.0016529891757576791,2.220446049250313e-16
17,101,untrained_cte,forecast,reconstruction,test_noise_shift,1,2,True,0.13849780139975937,0.07742555776828476,0.0027159099273622958,0.001,7.979065325180441e-05,0.9787760484044372,1.1280947722742471,0.30117976770697863,0.988557149069106,1.1280947722742471,0.32515492397700363,2.5679065925163143e-34,0.0002826777065513862,0.012996797627569367,5.551115123125783e-16
17,101,untrained_cte,forecast,forecast,test_noise_shift,1,2,True,0.13849780139975937,0.1214377153739414,0.053231337113153296,0.0001,7.979065325180441e-05,0.9787760484044372,1.1280947722742471,0.30117976770697863,0.988557149069106,1.1280947722742471,0.32515492397700363,2.5679065925163143e-34,0.0002826777065513862,0.012996797627569367,4.440892098500626e-16
17,101,untrained_cte,forecast,reconstruction,test_combined_shift,0,2,True,0.21892641526861145,0.07141206712048954,0.0027159099273622958,0.001,0.0012033656918301239,0.9894638031178637,1.0730657589925767,0.31977615586526437,0.9808471140419279,1.0730657589925767,0.20085013272719723,6.419766481290786e-35,0.004059907499918727,0.0017671040691800007,4.440892098500626e-16
17,101,untrained_cte,forecast,forecast,test_combined_shift,0,2,True,0.21892641526861145,0.14643544266879127,0.053231337113153296,0.0001,0.0012033656918301239,0.9894638031178637,1.0730657589925767,0.31977615586526437,0.9808471140419279,1.0730657589925767,0.20085013272719723,6.419766481290786e-35,0.004059907499918727,0.0017671040691800007,2.220446049250313e-16
17,101,untrained_cte,forecast,reconstruction,test_combined_shift,1,2,True,0.24265951503132785,0.05625061843881252,0.0027159099273622958,0.001,4.344754486551671e-06,0.9868385395298443,1.018036745710906,0.5470130228928483,0.9838591202200687,1.018036745710906,0.5429351194922312,1.6434602192104412e-32,0.0010112838927117274,0.03816792410755295,4.440892098500626e-16
17,101,untrained_cte,forecast,forecast,test_combined_shift,1,2,True,0.24265951503132785,0.1393000745013437,0.053231337113153296,0.0001,4.344754486551671e-06,0.9868385395298443,1.018036745710906,0.5470130228928483,0.9838591202200687,1.018036745710906,0.5429351194922312,1.6434602192104412e-32,0.0010112838927117274,0.03816792410755295,2.220446049250313e-16
17,101,mlp_ae,reconstruction,reconstruction,test_id,0,2,True,0.056479175445149,0.03718679852600413,0.04673241219840459,0.0001,0.0013125931851228232,0.9791877959034078,0.9905222390700708,0.5983473014859901,0.9648472731529856,0.9354932257884001,0.6514109108565864,9.244463733058732e-33,7.055487021643899e-06,0.07500314526798846,8.881784197001252e-16
17,101,mlp_ae,reconstruction,forecast,test_id,0,2,True,0.056479175445149,0.06086056849875811,0.07230168960486621,0.0001,0.0013125931851228232,0.9791877959034078,0.9905222390700708,0.5983473014859901,0.9648472731529856,0.9354932257884001,0.6514109108565864,9.244463733058732e-33,7.055487021643899e-06,0.07500314526798846,4.440892098500626e-16
17,101,mlp_ae,reconstruction,reconstruction,test_id,1,2,True,0.05150072265559221,0.03200972047207507,0.04673241219840459,0.0001,0.00253219663765642,0.984264657566112,1.0455512523517414,0.47432061420604765,0.9890214390044423,1.1280947722742471,0.41916518792285723,2.5679065925163143e-34,5.86567841378877e-07,0.01208599401785721,4.440892098500626e-16
17,101,mlp_ae,reconstruction,forecast,test_id,1,2,True,0.05150072265559221,0.057811958757296104,0.07230168960486621,0.0001,0.00253219663765642,0.984264657566112,1.0455512523517414,0.47432061420604765,0.9890214390044423,1.1280947722742471,0.41916518792285723,2.5679065925163143e-34,5.86567841378877e-07,0.01208599401785721,2.220446049250313e-16
17,101,mlp_ae,reconstruction,reconstruction,test_mean_shift,0,2,True,0.14945449103203884,0.14612511618086027,0.04673241219840459,0.0001,0.018964164363875283,0.9696053643649218,0.8116779459046413,0.8183801644579971,0.9823970166068483,1.018036745710906,0.5805153922275099,4.108650548026103e-33,0.00026461004778726235,0.037002029068363425,4.440892098500626e-16
17,101,mlp_ae,reconstruction,forecast,test_mean_shift,0,2,True,0.14945449103203884,0.16911666975215975,0.07230168960486621,0.0001,0.018964164363875283,0.9696053643649218,0.8116779459046413,0.8183801644579971,0.9823970166068483,1.018036745710906,0.5805153922275099,4.108650548026103e-33,0.00026461004778726235,0.037002029068363425,2.220446049250313e-16
17,101,mlp_ae,reconstruction,reconstruction,test_mean_shift,1,2,True,0.12110180683326027,0.11567998036804596,0.04673241219840459,0.0001,0.004384971706481053,0.9751933459731166,0.8667069591863118,0.7987701906564848,0.9700329495524875,0.9630077324292354,0.674601813022884,1.0271626370065257e-33,0.00016696993045557068,0.07629138523941438,4.440892098500626e-16
17,101,mlp_ae,reconstruction,forecast,test_mean_shift,1,2,True,0.12110180683326027,0.1358235420405821,0.07230168960486621,0.0001,0.004384971706481053,0.9751933459731166,0.8667069591863118,0.7987701906564848,0.9700329495524875,0.9630077324292354,0.674601813022884,1.0271626370065257e-33,0.00016696993045557068,0.07629138523941438,2.7755575615628914e-16
17,101,mlp_ae,reconstruction,reconstruction,test_variance_shift,0,2,True,0.10328631542164016,0.07222811620326058,0.04673241219840459,0.0001,0.0004053032213174111,0.9721018946900803,1.0455512523517414,0.6481757777962729,0.9594083142539293,1.018036745710906,0.6136658021964772,0.0,0.0002523911805065139,0.027713362290135563,4.440892098500626e-16
17,101,mlp_ae,reconstruction,forecast,test_variance_shift,0,2,True,0.10328631542164016,0.10838756014654366,0.07230168960486621,0.0001,0.0004053032213174111,0.9721018946900803,1.0455512523517414,0.6481757777962729,0.9594083142539293,1.018036745710906,0.6136658021964772,0.0,0.0002523911805065139,0.027713362290135563,2.7755575615628914e-16
17,101,mlp_ae,reconstruction,reconstruction,test_variance_shift,1,2,True,0.09061463157388418,0.07137644625419556,0.04673241219840459,0.0001,0.0005888884464903715,0.9780866886085384,1.1143375189538296,0.6264464766716131,0.9821566010656774,1.0730657589925767,0.6401202445156368,1.0271626370065257e-33,0.0002580627491189777,0.04449447144396173,1.1102230246251565e-15
17,101,mlp_ae,reconstruction,forecast,test_variance_shift,1,2,True,0.09061463157388418,0.10806549236174148,0.07230168960486621,0.0001,0.0005888884464903715,0.9780866886085384,1.1143375189538296,0.6264464766716131,0.9821566010656774,1.0730657589925767,0.6401202445156368,1.0271626370065257e-33,0.0002580627491189777,0.04449447144396173,8.881784197001252e-16
17,101,mlp_ae,reconstruction,reconstruction,test_persistence_shift,0,2,True,0.04412738835611805,0.029779512322030032,0.04673241219840459,0.0001,5.1908626189064475e-06,0.9823138005264873,0.9905222390700708,0.34982987702498264,0.9790617911074432,0.9905222390700708,0.35430068124577674,0.0,2.7570410325509918e-06,0.02201020677264834,7.771561172376096e-16
17,101,mlp_ae,reconstruction,forecast,test_persistence_shift,0,2,True,0.04412738835611805,0.062110543283714285,0.07230168960486621,0.0001,5.1908626189064475e-06,0.9823138005264873,0.9905222390700708,0.34982987702498264,0.9790617911074432,0.9905222390700708,0.35430068124577674,0.0,2.7570410325509918e-06,0.02201020677264834,5.551115123125783e-16
17,101,mlp_ae,reconstruction,reconstruction,test_persistence_shift,1,2,True,0.043288772921268974,0.029025100591260684,0.04673241219840459,0.0001,0.0015385906129945146,0.9888710665654411,1.059308505672159,0.2065707936697266,0.9860831712111384,1.100580265633412,0.09878134505479572,2.311115933264683e-33,4.449203804395368e-06,0.007914294974518607,2.4424906541753444e-15
17,101,mlp_ae,reconstruction,forecast,test_persistence_shift,1,2,True,0.043288772921268974,0.07090372949423716,0.07230168960486621,0.0001,0.0015385906129945146,0.9888710665654411,1.059308505672159,0.2065707936697266,0.9860831712111384,1.100580265633412,0.09878134505479572,2.311115933264683e-33,4.449203804395368e-06,0.007914294974518607,1.9984014443252818e-15
17,101,mlp_ae,reconstruction,reconstruction,test_noise_shift,0,2,True,0.0884490450447344,0.07536081400607368,0.04673241219840459,0.0001,0.0005568788822116498,0.9831339659214833,1.1556092789150825,0.2328609926795605,0.9906036227317643,1.1280947722742471,0.17428479279998482,0.0,0.0009401536452943648,0.003120518805461879,4.440892098500626e-16
17,101,mlp_ae,reconstruction,forecast,test_noise_shift,0,2,True,0.0884490450447344,0.11263877724241317,0.07230168960486621,0.0001,0.0005568788822116498,0.9831339659214833,1.1556092789150825,0.2328609926795605,0.9906036227317643,1.1280947722742471,0.17428479279998482,0.0,0.0009401536452943648,0.003120518805461879,3.3306690738754696e-16
17,101,mlp_ae,reconstruction,reconstruction,test_noise_shift,1,2,True,0.09350591680381164,0.07805963722872601,0.04673241219840459,0.0001,0.003334810654197651,0.9787760484044372,1.1280947722742471,0.30117976770697863,0.9742031615384652,1.2106382921967531,0.413786836527845,1.6434602192104412e-32,5.8566458066259946e-05,0.018596934117193254,1.609823385706477e-15
17,101,mlp_ae,reconstruction,forecast,test_noise_shift,1,2,True,0.09350591680381164,0.11080821166760951,0.07230168960486621,0.0001,0.003334810654197651,0.9787760484044372,1.1280947722742471,0.30117976770697863,0.9742031615384652,1.2106382921967531,0.413786836527845,1.6434602192104412e-32,5.8566458066259946e-05,0.018596934117193254,8.881784197001252e-16
17,101,mlp_ae,reconstruction,reconstruction,test_combined_shift,0,2,True,0.14369991235262772,0.1272676375241963,0.04673241219840459,0.0001,0.000289491431173159,0.9894638031178637,1.0730657589925767,0.31977615586526437,0.993573678737147,1.0455512523517414,0.30033031926974324,4.108650548026103e-33,2.0003457827822875e-05,0.020462161560718537,6.106226635438361e-16
17,101,mlp_ae,reconstruction,forecast,test_combined_shift,0,2,True,0.14369991235262772,0.18155389770024963,0.07230168960486621,0.0001,0.000289491431173159,0.9894638031178637,1.0730657589925767,0.31977615586526437,0.993573678737147,1.0455512523517414,0.30033031926974324,4.108650548026103e-33,2.0003457827822875e-05,0.020462161560718537,6.661338147750939e-16
17,101,mlp_ae,reconstruction,reconstruction,test_combined_shift,1,2,True,0.16654570260665946,0.13254603112748745,0.04673241219840459,0.0001,0.0006491782695718538,0.9868385395298443,1.018036745710906,0.5470130228928483,0.9925061194467617,0.9905222390700708,0.4789434916497922,0.0,4.8440132961680595e-06,0.02397977272935627,6.661338147750939e-16
17,101,mlp_ae,reconstruction,forecast,test_combined_shift,1,2,True,0.16654570260665946,0.1999161783891852,0.07230168960486621,0.0001,0.0006491782695718538,0.9868385395298443,1.018036745710906,0.5470130228928483,0.9925061194467617,0.9905222390700708,0.4789434916497922,0.0,4.8440132961680595e-06,0.02397977272935627,4.440892098500626e-16
17,101,untrained_mlp_ae,reconstruction,reconstruction,test_id,0,2,True,0.17875342730008065,0.01215245088830386,0.01050056709273873,0.0001,0.001499638286448982,0.9791877959034078,0.9905222390700708,0.5983473014859901,0.9850892597759306,1.0455512523517414,0.5225608836855962,1.0271626370065257e-33,1.027160599022279e-05,0.026310010593128944,1.3322676295501878e-15
17,101,untrained_mlp_ae,reconstruction,forecast,test_id,0,2,True,0.17875342730008065,0.05595657592014664,0.05769110383297885,0.0001,0.001499638286448982,0.9791877959034078,0.9905222390700708,0.5983473014859901,0.9850892597759306,1.0455512523517414,0.5225608836855962,1.0271626370065257e-33,1.027160599022279e-05,0.026310010593128944,8.881784197001252e-16
17,101,untrained_mlp_ae,reconstruction,reconstruction,test_id,1,2,True,0.16134316267095147,0.010770328479157322,0.01050056709273873,0.0001,0.001515147196943076,0.984264657566112,1.0455512523517414,0.47432061420604765,0.9850116153905479,1.100580265633412,0.39643117096542724,4.108650548026103e-33,0.0010436958648866368,0.019292277607260228,8.881784197001252e-16
17,101,untrained_mlp_ae,reconstruction,forecast,test_id,1,2,True,0.16134316267095147,0.05058139346647304,0.05769110383297885,0.0001,0.001515147196943076,0.984264657566112,1.0455512523517414,0.47432061420604765,0.9850116153905479,1.100580265633412,0.39643117096542724,4.108650548026103e-33,0.0010436958648866368,0.019292277607260228,5.273559366969494e-16
17,101,untrained_mlp_ae,reconstruction,reconstruction,test_mean_shift,0,2,True,0.31367600482907954,0.01530116549351595,0.01050056709273873,0.0001,0.0011354776513609938,0.9696053643649218,0.8116779459046413,0.8183801644579971,0.9723933747624108,0.8529497058658942,0.7360320793119006,0.0,0.0037964922320374446,0.0730563994161339,8.881784197001252e-16
17,101,untrained_mlp_ae,reconstruction,forecast,test_mean_shift,0,2,True,0.31367600482907954,0.07717674487560161,0.05769110383297885,0.0001,0.0011354776513609938,0.9696053643649218,0.8116779459046413,0.8183801644579971,0.9723933747624108,0.8529497058658942,0.7360320793119006,0.0,0.0037964922320374446,0.0730563994161339,4.440892098500626e-16
17,101,untrained_mlp_ae,reconstruction,reconstruction,test_mean_shift,1,2,True,0.27270683634384163,0.010593467208171784,0.01050056709273873,0.0001,0.00014959858474831823,0.9751933459731166,0.8667069591863118,0.7987701906564848,0.9680302880333082,0.8804642125067295,0.7699102297227788,1.0271626370065257e-33,0.0004471086431735518,0.09805334380159071,8.326672684688674e-16
17,101,untrained_mlp_ae,reconstruction,forecast,test_mean_shift,1,2,True,0.27270683634384163,0.06553087911840533,0.05769110383297885,0.0001,0.00014959858474831823,0.9751933459731166,0.8667069591863118,0.7987701906564848,0.9680302880333082,0.8804642125067295,0.7699102297227788,1.0271626370065257e-33,0.0004471086431735518,0.09805334380159071,4.85722573273506e-16
17,101,untrained_mlp_ae,reconstruction,reconstruction,test_variance_shift,0,2,True,0.22483726201778795,0.0160403654656133,0.01050056709273873,0.0001,0.0004267808038621183,0.9721018946900803,1.0455512523517414,0.6481757777962729,0.9789090357147774,1.0730657589925765,0.6044970796944438,0.0,0.00032086674206191506,0.03514231993760355,8.881784197001252e-16
17,101,untrained_mlp_ae,reconstruction,forecast,test_variance_shift,0,2,True,0.22483726201778795,0.08371903130290874,0.05769110383297885,0.0001,0.0004267808038621183,0.9721018946900803,1.0455512523517414,0.6481757777962729,0.9789090357147774,1.0730657589925765,0.6044970796944438,0.0,0.00032086674206191506,0.03514231993760355,4.440892098500626e-16
17,101,untrained_mlp_ae,reconstruction,reconstruction,test_variance_shift,1,2,True,0.23820751520310254,0.016537765020111308,0.01050056709273873,0.0001,0.0013386529521433044,0.9780866886085384,1.1143375189538296,0.6264464766716131,0.9539311298091557,1.0730657589925767,0.7096116055471269,3.697785493223493e-32,0.0010542208337709403,0.04049103925777322,1.7763568394002505e-15
17,101,untrained_mlp_ae,reconstruction,forecast,test_variance_shift,1,2,True,0.23820751520310254,0.08315826791976363,0.05769110383297885,0.0001,0.0013386529521433044,0.9780866886085384,1.1143375189538296,0.6264464766716131,0.9539311298091557,1.0730657589925767,0.7096116055471269,3.697785493223493e-32,0.0010542208337709403,0.04049103925777322,1.3322676295501878e-15
17,101,untrained_mlp_ae,reconstruction,reconstruction,test_persistence_shift,0,2,True,0.19866034461981533,0.00966153561724359,0.01050056709273873,0.0001,0.0012356783521215063,0.9823138005264873,0.9905222390700708,0.34982987702498264,0.9886764870141735,1.0455512523517414,0.2992983433348343,0.0,1.8698867275725787e-05,0.010502399476895671,1.1102230246251565e-15
17,101,untrained_mlp_ae,reconstruction,forecast,test_persistence_shift,0,2,True,0.19866034461981533,0.06441285552052353,0.05769110383297885,0.0001,0.0012356783521215063,0.9823138005264873,0.9905222390700708,0.34982987702498264,0.9886764870141735,1.0455512523517414,0.2992983433348343,0.0,1.8698867275725787e-05,0.010502399476895671,5.689893001203927e-16
17,101,untrained_mlp_ae,reconstruction,reconstruction,test_persistence_shift,1,2,True,0.1904465556277906,0.008066432962213873,0.01050056709273873,0.0001,0.0024278371216762498,0.9888710665654411,1.059308505672159,0.2065707936697266,0.981780547656464,1.0455512523517414,0.038714022728450044,1.966053484895303e-34,0.0010743472953310387,0.004482783360553813,5.773159728050814e-15
17,101,untrained_mlp_ae,reconstruction,forecast,test_persistence_shift,1,2,True,0.1904465556277906,0.06461239247416585,0.05769110383297885,0.0001,0.0024278371216762498,0.9888710665654411,1.059308505672159,0.2065707936697266,0.981780547656464,1.0455512523517414,0.038714022728450044,1.966053484895303e-34,0.0010743472953310387,0.004482783360553813,3.552713678800501e-15
17,101,untrained_mlp_ae,reconstruction,reconstruction,test_noise_shift,0,2,True,0.2196322668383462,0.12410127693063626,0.01050056709273873,0.0001,2.9399247357677863e-05,0.9831339659214833,1.1556092789150825,0.2328609926795605,0.9873154809673801,1.1556092789150825,0.21604282702524824,0.0,0.000421486613499302,0.003577112561623052,8.881784197001252e-16
17,101,untrained_mlp_ae,reconstruction,forecast,test_noise_shift,0,2,True,0.2196322668383462,0.1371970049417695,0.05769110383297885,0.0001,2.9399247357677863e-05,0.9831339659214833,1.1556092789150825,0.2328609926795605,0.9873154809673801,1.1556092789150825,0.21604282702524824,0.0,0.000421486613499302,0.003577112561623052,8.881784197001252e-16
17,101,untrained_mlp_ae,reconstruction,reconstruction,test_noise_shift,1,2,True,0.24295376160980625,0.11520003515485927,0.01050056709273873,0.0001,0.002010054695702193,0.9787760484044372,1.1280947722742471,0.30117976770697863,0.9963308805700373,1.1831237855559178,0.19737611359037427,5.7777898331617076e-34,0.00011114968118224124,0.005359305887404873,2.6645352591003757e-15
17,101,untrained_mlp_ae,reconstruction,forecast,test_noise_shift,1,2,True,0.24295376160980625,0.13994207394719482,0.05769110383297885,0.0001,0.002010054695702193,0.9787760484044372,1.1280947722742471,0.30117976770697863,0.9963308805700373,1.1831237855559178,0.19737611359037427,5.7777898331617076e-34,0.00011114968118224124,0.005359305887404873,1.3322676295501878e-15
17,101,untrained_mlp_ae,reconstruction,reconstruction,test_combined_shift,0,2,True,0.35980245906991437,0.09511345410354377,0.01050056709273873,0.0001,0.004121311602042635,0.9894638031178637,1.0730657589925767,0.31977615586526437,0.991987428854935,1.1831237855559178,0.2884841819262486,0.0,0.0010236151865069076,0.005301639543974706,9.992007221626409e-16
17,101,untrained_mlp_ae,reconstruction,forecast,test_combined_shift,0,2,True,0.35980245906991437,0.1560200742420235,0.05769110383297885,0.0001,0.004121311602042635,0.9894638031178637,1.0730657589925767,0.31977615586526437,0.991987428854935,1.1831237855559178,0.2884841819262486,0.0,0.0010236151865069076,0.005301639543974706,7.771561172376096e-16
17,101,untrained_mlp_ae,reconstruction,reconstruction,test_combined_shift,1,2,True,0.4165121354808095,0.0968084861851378,0.01050056709273873,0.0001,0.005886670571800268,0.9868385395298443,1.018036745710906,0.5470130228928483,0.9923249447859604,1.100580265633412,0.3390084230247749,2.5679065925163143e-34,0.0010138871162351565,0.01564102755008888,1.1102230246251565e-15
17,101,untrained_mlp_ae,reconstruction,forecast,test_combined_shift,1,2,True,0.4165121354808095,0.17184674596620889,0.05769110383297885,0.0001,0.005886670571800268,0.9868385395298443,1.018036745710906,0.5470130228928483,0.9923249447859604,1.100580265633412,0.3390084230247749,2.5679065925163143e-34,0.0010138871162351565,0.01564102755008888,8.881784197001252e-16
17,101,mlp_te,forecast,reconstruction,test_id,0,2,True,0.07087017842303357,0.034166284096365136,0.04319255855634194,0.0001,0.0012644578888385482,0.9791877959034078,0.9905222390700708,0.5983473014859901,0.9657497075033046,0.9354932257884001,0.6467042717762129,0.0,5.969013622564228e-06,0.07361913433149804,1.3322676295501878e-15
17,101,mlp_te,forecast,forecast,test_id,0,2,True,0.07087017842303357,0.05960703777286571,0.07065853003894944,0.0001,0.0012644578888385482,0.9791877959034078,0.9905222390700708,0.5983473014859901,0.9657497075033046,0.9354932257884001,0.6467042717762129,0.0,5.969013622564228e-06,0.07361913433149804,6.661338147750939e-16
17,101,mlp_te,forecast,reconstruction,test_id,1,2,True,0.06489201840164,0.032109942976738574,0.04319255855634194,0.0001,0.0013716088496603309,0.984264657566112,1.0455512523517414,0.47432061420604765,0.9873399544822914,1.100580265633412,0.40867987091031566,9.244463733058732e-33,4.2628392991348717e-07,0.0120040066821077,8.881784197001252e-16
17,101,mlp_te,forecast,forecast,test_id,1,2,True,0.06489201840164,0.058487386706622145,0.07065853003894944,0.0001,0.0013716088496603309,0.984264657566112,1.0455512523517414,0.47432061420604765,0.9873399544822914,1.100580265633412,0.40867987091031566,9.244463733058732e-33,4.2628392991348717e-07,0.0120040066821077,4.440892098500626e-16
17,101,mlp_te,forecast,reconstruction,test_mean_shift,0,2,True,0.1646350094503041,0.12342438217807321,0.04319255855634194,0.0001,0.011685662051981826,0.9696053643649218,0.8116779459046413,0.8183801644579971,0.9815309478156076,0.9630077324292354,0.5991628081585748,9.244463733058732e-33,0.0004348877308370117,0.04426922661336046,4.440892098500626e-16
17,101,mlp_te,forecast,forecast,test_mean_shift,0,2,True,0.1646350094503041,0.15527739549897165,0.07065853003894944,0.0001,0.011685662051981826,0.9696053643649218,0.8116779459046413,0.8183801644579971,0.9815309478156076,0.9630077324292354,0.5991628081585748,9.244463733058732e-33,0.0004348877308370117,0.04426922661336046,4.440892098500626e-16
17,101,mlp_te,forecast,reconstruction,test_mean_shift,1,2,True,0.1351707504023938,0.09541298292376905,0.04319255855634194,0.0001,0.002662283638114374,0.9751933459731166,0.8667069591863118,0.7987701906564848,0.9695027540452169,0.9354932257884001,0.6852286985965391,2.5679065925163147e-32,0.0026115492418122468,0.0829888459590696,8.881784197001252e-16
17,101,mlp_te,forecast,forecast,test_mean_shift,1,2,True,0.1351707504023938,0.12363359231483047,0.07065853003894944,0.0001,0.002662283638114374,0.9751933459731166,0.8667069591863118,0.7987701906564848,0.9695027540452169,0.9354932257884001,0.6852286985965391,2.5679065925163147e-32,0.0026115492418122468,0.0829888459590696,4.440892098500626e-16
17,101,mlp_te,forecast,reconstruction,test_variance_shift,0,2,True,0.12472345312794438,0.07398614910438572,0.04319255855634194,0.0001,0.0003608298030190118,0.9721018946900803,1.0455512523517414,0.6481757777962729,0.9712605475673842,1.0730657589925767,0.6121350525878315,0.0,0.00025295360257217764,0.023574774759032666,1.3322676295501878e-15
17,101,mlp_te,forecast,forecast,test_variance_shift,0,2,True,0.12472345312794438,0.10926633706180051,0.07065853003894944,0.0001,0.0003608298030190118,0.9721018946900803,1.0455512523517414,0.6481757777962729,0.9712605475673842,1.0730657589925767,0.6121350525878315,0.0,0.00025295360257217764,0.023574774759032666,6.661338147750939e-16
17,101,mlp_te,forecast,reconstruction,test_variance_shift,1,2,True,0.11524120245317374,0.05648675711501297,0.04319255855634194,0.0001,0.0001176662015522603,0.9780866886085384,1.1143375189538296,0.6264464766716131,0.9782431309050893,1.100580265633412,0.6520364834353864,1.6434602192104412e-32,2.7415920486687796e-06,0.04429859727218021,1.7763568394002505e-15
17,101,mlp_te,forecast,forecast,test_variance_shift,1,2,True,0.11524120245317374,0.10076061747107276,0.07065853003894944,0.0001,0.0001176662015522603,0.9780866886085384,1.1143375189538296,0.6264464766716131,0.9782431309050893,1.100580265633412,0.6520364834353864,1.6434602192104412e-32,2.7415920486687796e-06,0.04429859727218021,1.1102230246251565e-15
17,101,mlp_te,forecast,reconstruction,test_persistence_shift,0,2,True,0.06139518402528142,0.028139809667687796,0.04319255855634194,0.0001,0.0002971146263790297,0.9823138005264873,0.9905222390700708,0.34982987702498264,0.9780640564126608,0.9630077324292354,0.3713923887910562,4.108650548026103e-33,3.9899716448368185e-06,0.02235362544357447,1.3322676295501878e-15
17,101,mlp_te,forecast,forecast,test_persistence_shift,0,2,True,0.06139518402528142,0.06025060774133039,0.07065853003894944,0.0001,0.0002971146263790297,0.9823138005264873,0.9905222390700708,0.34982987702498264,0.9780640564126608,0.9630077324292354,0.3713923887910562,4.108650548026103e-33,3.9899716448368185e-06,0.02235362544357447,8.881784197001252e-16
17,101,mlp_te,forecast,reconstruction,test_persistence_shift,1,2,True,0.06699426291193064,0.03316707541088056,0.04319255855634194,0.0001,0.003215541831833691,0.9888710665654411,1.059308505672159,0.2065707936697266,0.9875789301320912,1.1280947722742471,0.06637941867275855,7.864213939581212e-34,0.0002557452876961346,0.003366760071160513,4.440892098500626e-15
17,101,mlp_te,forecast,forecast,test_persistence_shift,1,2,True,0.06699426291193064,0.07378794069223824,0.07065853003894944,0.0001,0.003215541831833691,0.9888710665654411,1.059308505672159,0.2065707936697266,0.9875789301320912,1.1280947722742471,0.06637941867275855,7.864213939581212e-34,0.0002557452876961346,0.003366760071160513,2.220446049250313e-15
17,101,mlp_te,forecast,reconstruction,test_noise_shift,0,2,True,0.11009012344489542,0.07636321925807925,0.04319255855634194,0.0001,0.00027644883514182586,0.9831339659214833,1.1556092789150825,0.2328609926795605,0.991297910123883,1.1556092789150825,0.17762707120061494,0.0,0.000648522413244455,0.007205551980376091,4.440892098500626e-16
17,101,mlp_te,forecast,forecast,test_noise_shift,0,2,True,0.11009012344489542,0.11214299366723002,0.07065853003894944,0.0001,0.00027644883514182586,0.9831339659214833,1.1556092789150825,0.2328609926795605,0.991297910123883,1.1556092789150825,0.17762707120061494,0.0,0.000648522413244455,0.007205551980376091,4.440892098500626e-16
17,101,mlp_te,forecast,reconstruction,test_noise_shift,1,2,True,0.110159705576488,0.08160330165779647,0.04319255855634194,0.0001,0.002002156469238405,0.9787760484044372,1.1280947722742471,0.30117976770697863,0.9714033638544664,1.1831237855559178,0.4093263465245732,0.0,7.76511625028219e-05,0.017385240821376453,2.6645352591003757e-15
17,101,mlp_te,forecast,forecast,test_noise_shift,1,2,True,0.110159705576488,0.10888627664477143,0.07065853003894944,0.0001,0.002002156469238405,0.9787760484044372,1.1280947722742471,0.30117976770697863,0.9714033638544664,1.1831237855559178,0.4093263465245732,0.0,7.76511625028219e-05,0.017385240821376453,1.7763568394002505e-15
17,101,mlp_te,forecast,reconstruction,test_combined_shift,0,2,True,0.18948634070820178,0.13303910433872693,0.04319255855634194,0.0001,9.554007754656331e-05,0.9894638031178637,1.0730657589925767,0.31977615586526437,0.9947352403785048,1.0730657589925767,0.28759963138875727,2.311115933264683e-33,2.444396060632309e-05,0.01933105946111271,8.881784197001252e-16
17,101,mlp_te,forecast,forecast,test_combined_shift,0,2,True,0.18948634070820178,0.1856853801594992,0.07065853003894944,0.0001,9.554007754656331e-05,0.9894638031178637,1.0730657589925767,0.31977615586526437,0.9947352403785048,1.0730657589925767,0.28759963138875727,2.311115933264683e-33,2.444396060632309e-05,0.01933105946111271,4.440892098500626e-16
17,101,mlp_te,forecast,reconstruction,test_combined_shift,1,2,True,0.20817321842574235,0.16778207872943077,0.04319255855634194,0.0001,0.0013734295596891004,0.9868385395298443,1.018036745710906,0.5470130228928483,0.99354021932892,0.9630077324292354,0.48229258209757314,9.244463733058732e-33,1.6998332341837975e-05,0.024140509893801895,1.3322676295501878e-15
17,101,mlp_te,forecast,forecast,test_combined_shift,1,2,True,0.20817321842574235,0.22157807322602735,0.07065853003894944,0.0001,0.0013734295596891004,0.9868385395298443,1.018036745710906,0.5470130228928483,0.99354021932892,0.9630077324292354,0.48229258209757314,9.244463733058732e-33,1.6998332341837975e-05,0.024140509893801895,6.661338147750939e-16
17,101,untrained_mlp_te,forecast,reconstruction,test_id,0,2,True,0.17936773535403627,0.01215245088830386,0.01050056709273873,0.0001,0.001499638286448982,0.9791877959034078,0.9905222390700708,0.5983473014859901,0.9850892597759306,1.0455512523517414,0.5225608836855962,1.0271626370065257e-33,1.027160599022279e-05,0.026310010593128944,1.3322676295501878e-15
17,101,untrained_mlp_te,forecast,forecast,test_id,0,2,True,0.17936773535403627,0.05595657592014664,0.05769110383297885,0.0001,0.001499638286448982,0.9791877959034078,0.9905222390700708,0.5983473014859901,0.9850892597759306,1.0455512523517414,0.5225608836855962,1.0271626370065257e-33,1.027160599022279e-05,0.026310010593128944,8.881784197001252e-16
17,101,untrained_mlp_te,forecast,reconstruction,test_id,1,2,True,0.16362827848554276,0.010770328479157322,0.01050056709273873,0.0001,0.001515147196943076,0.984264657566112,1.0455512523517414,0.47432061420604765,0.9850116153905479,1.100580265633412,0.39643117096542724,4.108650548026103e-33,0.0010436958648866368,0.019292277607260228,8.881784197001252e-16
17,101,untrained_mlp_te,forecast,forecast,test_id,1,2,True,0.16362827848554276,0.05058139346647304,0.05769110383297885,0.0001,0.001515147196943076,0.984264657566112,1.0455512523517414,0.47432061420604765,0.9850116153905479,1.100580265633412,0.39643117096542724,4.108650548026103e-33,0.0010436958648866368,0.019292277607260228,5.273559366969494e-16
17,101,untrained_mlp_te,forecast,reconstruction,test_mean_shift,0,2,True,0.31643061491995866,0.01530116549351595,0.01050056709273873,0.0001,0.0011354776513609938,0.9696053643649218,0.8116779459046413,0.8183801644579971,0.9723933747624108,0.8529497058658942,0.7360320793119006,0.0,0.0037964922320374446,0.0730563994161339,8.881784197001252e-16
17,101,untrained_mlp_te,forecast,forecast,test_mean_shift,0,2,True,0.31643061491995866,0.07717674487560161,0.05769110383297885,0.0001,0.0011354776513609938,0.9696053643649218,0.8116779459046413,0.8183801644579971,0.9723933747624108,0.8529497058658942,0.7360320793119006,0.0,0.0037964922320374446,0.0730563994161339,4.440892098500626e-16
17,101,untrained_mlp_te,forecast,reconstruction,test_mean_shift,1,2,True,0.27600252980780854,0.010593467208171784,0.01050056709273873,0.0001,0.00014959858474831823,0.9751933459731166,0.8667069591863118,0.7987701906564848,0.9680302880333082,0.8804642125067295,0.7699102297227788,1.0271626370065257e-33,0.0004471086431735518,0.09805334380159071,8.326672684688674e-16
17,101,untrained_mlp_te,forecast,forecast,test_mean_shift,1,2,True,0.27600252980780854,0.06553087911840533,0.05769110383297885,0.0001,0.00014959858474831823,0.9751933459731166,0.8667069591863118,0.7987701906564848,0.9680302880333082,0.8804642125067295,0.7699102297227788,1.0271626370065257e-33,0.0004471086431735518,0.09805334380159071,4.85722573273506e-16
17,101,untrained_mlp_te,forecast,reconstruction,test_variance_shift,0,2,True,0.22611999068280084,0.0160403654656133,0.01050056709273873,0.0001,0.0004267808038621183,0.9721018946900803,1.0455512523517414,0.6481757777962729,0.9789090357147774,1.0730657589925765,0.6044970796944438,0.0,0.00032086674206191506,0.03514231993760355,8.881784197001252e-16
17,101,untrained_mlp_te,forecast,forecast,test_variance_shift,0,2,True,0.22611999068280084,0.08371903130290874,0.05769110383297885,0.0001,0.0004267808038621183,0.9721018946900803,1.0455512523517414,0.6481757777962729,0.9789090357147774,1.0730657589925765,0.6044970796944438,0.0,0.00032086674206191506,0.03514231993760355,4.440892098500626e-16
17,101,untrained_mlp_te,forecast,reconstruction,test_variance_shift,1,2,True,0.24017151087666913,0.016537765020111308,0.01050056709273873,0.0001,0.0013386529521433044,0.9780866886085384,1.1143375189538296,0.6264464766716131,0.9539311298091557,1.0730657589925767,0.7096116055471269,3.697785493223493e-32,0.0010542208337709403,0.04049103925777322,1.7763568394002505e-15
17,101,untrained_mlp_te,forecast,forecast,test_variance_shift,1,2,True,0.24017151087666913,0.08315826791976363,0.05769110383297885,0.0001,0.0013386529521433044,0.9780866886085384,1.1143375189538296,0.6264464766716131,0.9539311298091557,1.0730657589925767,0.7096116055471269,3.697785493223493e-32,0.0010542208337709403,0.04049103925777322,1.3322676295501878e-15
17,101,untrained_mlp_te,forecast,reconstruction,test_persistence_shift,0,2,True,0.19911656448173723,0.00966153561724359,0.01050056709273873,0.0001,0.0012356783521215063,0.9823138005264873,0.9905222390700708,0.34982987702498264,0.9886764870141735,1.0455512523517414,0.2992983433348343,0.0,1.8698867275725787e-05,0.010502399476895671,1.1102230246251565e-15
17,101,untrained_mlp_te,forecast,forecast,test_persistence_shift,0,2,True,0.19911656448173723,0.06441285552052353,0.05769110383297885,0.0001,0.0012356783521215063,0.9823138005264873,0.9905222390700708,0.34982987702498264,0.9886764870141735,1.0455512523517414,0.2992983433348343,0.0,1.8698867275725787e-05,0.010502399476895671,5.689893001203927e-16
17,101,untrained_mlp_te,forecast,reconstruction,test_persistence_shift,1,2,True,0.19229625175466278,0.008066432962213873,0.01050056709273873,0.0001,0.0024278371216762498,0.9888710665654411,1.059308505672159,0.2065707936697266,0.981780547656464,1.0455512523517414,0.038714022728450044,1.966053484895303e-34,0.0010743472953310387,0.004482783360553813,5.773159728050814e-15
17,101,untrained_mlp_te,forecast,forecast,test_persistence_shift,1,2,True,0.19229625175466278,0.06461239247416585,0.05769110383297885,0.0001,0.0024278371216762498,0.9888710665654411,1.059308505672159,0.2065707936697266,0.981780547656464,1.0455512523517414,0.038714022728450044,1.966053484895303e-34,0.0010743472953310387,0.004482783360553813,3.552713678800501e-15
17,101,untrained_mlp_te,forecast,reconstruction,test_noise_shift,0,2,True,0.22120863589037604,0.12410127693063626,0.01050056709273873,0.0001,2.9399247357677863e-05,0.9831339659214833,1.1556092789150825,0.2328609926795605,0.9873154809673801,1.1556092789150825,0.21604282702524824,0.0,0.000421486613499302,0.003577112561623052,8.881784197001252e-16
17,101,untrained_mlp_te,forecast,forecast,test_noise_shift,0,2,True,0.22120863589037604,0.1371970049417695,0.05769110383297885,0.0001,2.9399247357677863e-05,0.9831339659214833,1.1556092789150825,0.2328609926795605,0.9873154809673801,1.1556092789150825,0.21604282702524824,0.0,0.000421486613499302,0.003577112561623052,8.881784197001252e-16
17,101,untrained_mlp_te,forecast,reconstruction,test_noise_shift,1,2,True,0.24401642746997504,0.11520003515485927,0.01050056709273873,0.0001,0.002010054695702193,0.9787760484044372,1.1280947722742471,0.30117976770697863,0.9963308805700373,1.1831237855559178,0.19737611359037427,5.7777898331617076e-34,0.00011114968118224124,0.005359305887404873,2.6645352591003757e-15
17,101,untrained_mlp_te,forecast,forecast,test_noise_shift,1,2,True,0.24401642746997504,0.13994207394719482,0.05769110383297885,0.0001,0.002010054695702193,0.9787760484044372,1.1280947722742471,0.30117976770697863,0.9963308805700373,1.1831237855559178,0.19737611359037427,5.7777898331617076e-34,0.00011114968118224124,0.005359305887404873,1.3322676295501878e-15
17,101,untrained_mlp_te,forecast,reconstruction,test_combined_shift,0,2,True,0.3634274522988913,0.09511345410354377,0.01050056709273873,0.0001,0.004121311602042635,0.9894638031178637,1.0730657589925767,0.31977615586526437,0.991987428854935,1.1831237855559178,0.2884841819262486,0.0,0.0010236151865069076,0.005301639543974706,9.992007221626409e-16
17,101,untrained_mlp_te,forecast,forecast,test_combined_shift,0,2,True,0.3634274522988913,0.1560200742420235,0.05769110383297885,0.0001,0.004121311602042635,0.9894638031178637,1.0730657589925767,0.31977615586526437,0.991987428854935,1.1831237855559178,0.2884841819262486,0.0,0.0010236151865069076,0.005301639543974706,7.771561172376096e-16
17,101,untrained_mlp_te,forecast,reconstruction,test_combined_shift,1,2,True,0.41672586478115575,0.0968084861851378,0.01050056709273873,0.0001,0.005886670571800268,0.9868385395298443,1.018036745710906,0.5470130228928483,0.9923249447859604,1.100580265633412,0.3390084230247749,2.5679065925163143e-34,0.0010138871162351565,0.01564102755008888,1.1102230246251565e-15
17,101,untrained_mlp_te,forecast,forecast,test_combined_shift,1,2,True,0.41672586478115575,0.17184674596620889,0.05769110383297885,0.0001,0.005886670571800268,0.9868385395298443,1.018036745710906,0.5470130228928483,0.9923249447859604,1.100580265633412,0.3390084230247749,2.5679065925163143e-34,0.0010138871162351565,0.01564102755008888,8.881784197001252e-16
17,101,gru_te,forecast,reconstruction,test_id,0,2,True,0.08515706308349273,0.022500515838910457,0.020687856162607838,0.0001,0.02822746665037887,0.9791877959034078,0.9905222390700708,0.5983473014859901,0.9153704145189454,0.7428916793025531,0.8761158933288588,5.033096921331976e-32,0.0010127306427029001,0.14599549887663987,9.159339953157541e-16
17,101,gru_te,forecast,forecast,test_id,0,2,True,0.08515706308349273,0.05630836604019156,0.057999552554244674,0.0001,0.02822746665037887,0.9791877959034078,0.9905222390700708,0.5983473014859901,0.9153704145189454,0.7428916793025531,0.8761158933288588,5.033096921331976e-32,0.0010127306427029001,0.14599549887663987,4.3021142204224816e-16
17,101,gru_te,forecast,reconstruction,test_id,1,2,True,0.0749675863158315,0.01985275219252352,0.020687856162607838,0.0001,0.02970508784925467,0.984264657566112,1.0455512523517414,0.47432061420604765,0.9392909877686672,0.8254351992250589,0.8674697244868463,4.108650548026103e-33,0.0002993342025982274,0.11276063732429664,3.469446951953614e-16
17,101,gru_te,forecast,forecast,test_id,1,2,True,0.0749675863158315,0.05041120617885093,0.057999552554244674,0.0001,0.02970508784925467,0.984264657566112,1.0455512523517414,0.47432061420604765,0.9392909877686672,0.8254351992250589,0.8674697244868463,4.108650548026103e-33,0.0002993342025982274,0.11276063732429664,2.7755575615628914e-16
17,101,gru_te,forecast,reconstruction,test_mean_shift,0,2,True,0.18760182073946416,0.01898891594165492,0.020687856162607838,0.0001,0.01837291957509821,0.9696053643649218,0.8116779459046413,0.8183801644579971,0.8903502336731265,0.6053191460983766,0.9765374118649881,1.6434602192104412e-32,0.0005514792213921152,0.16838361733057083,4.440892098500626e-16
17,101,gru_te,forecast,forecast,test_mean_shift,0,2,True,0.18760182073946416,0.06688779614070428,0.057999552554244674,0.0001,0.01837291957509821,0.9696053643649218,0.8116779459046413,0.8183801644579971,0.8903502336731265,0.6053191460983766,0.9765374118649881,1.6434602192104412e-32,0.0005514792213921152,0.16838361733057083,3.3306690738754696e-16
17,101,gru_te,forecast,reconstruction,test_mean_shift,1,2,True,0.15739676892692814,0.021315472378547792,0.020687856162607838,0.0001,0.03148251254874602,0.9751933459731166,0.8667069591863118,0.7987701906564848,0.9127450428701638,0.5778046394575413,0.9670936499975413,1.0271626370065257e-33,0.002883794689386168,0.2185480102033255,2.220446049250313e-16
17,101,gru_te,forecast,forecast,test_mean_shift,1,2,True,0.15739676892692814,0.06444836115650868,0.057999552554244674,0.0001,0.03148251254874602,0.9751933459731166,0.8667069591863118,0.7987701906564848,0.9127450428701638,0.5778046394575413,0.9670936499975413,1.0271626370065257e-33,0.002883794689386168,0.2185480102033255,2.220446049250313e-16
17,101,gru_te,forecast,reconstruction,test_variance_shift,0,2,True,0.14926523022554342,0.037266912792067494,0.020687856162607838,0.0001,0.037333193135341086,0.9721018946900803,1.0455512523517414,0.6481757777962729,0.90597066645278,0.7428916793025531,0.9013430971685202,9.244463733058732e-33,0.0002858035631881866,0.17783368204361896,5.828670879282072e-16
17,101,gru_te,forecast,forecast,test_variance_shift,0,2,True,0.14926523022554342,0.09053847993776387,0.057999552554244674,0.0001,0.037333193135341086,0.9721018946900803,1.0455512523517414,0.6481757777962729,0.90597066645278,0.7428916793025531,0.9013430971685202,9.244463733058732e-33,0.0002858035631881866,0.17783368204361896,3.677613769070831e-16
17,101,gru_te,forecast,reconstruction,test_variance_shift,1,2,True,0.13949417155931187,0.03804310187630742,0.020687856162607838,0.0001,0.02406550610866152,0.9780866886085384,1.1143375189538296,0.6264464766716131,0.9389029038069222,0.8804642125067295,0.8791472947637275,1.6434602192104412e-32,0.0010842555202717026,0.10170314065424106,1.1102230246251565e-15
17,101,gru_te,forecast,forecast,test_variance_shift,1,2,True,0.13949417155931187,0.09161919886421017,0.057999552554244674,0.0001,0.02406550610866152,0.9780866886085384,1.1143375189538296,0.6264464766716131,0.9389029038069222,0.8804642125067295,0.8791472947637275,1.6434602192104412e-32,0.0010842555202717026,0.10170314065424106,4.440892098500626e-16
17,101,gru_te,forecast,reconstruction,test_persistence_shift,0,2,True,0.07834818986022138,0.0191862959546874,0.020687856162607838,0.0001,0.020713878004285768,0.9823138005264873,0.9905222390700708,0.34982987702498264,0.960777916413027,0.9354932257884001,0.8341836626220589,3.697785493223493e-32,0.004044440593516554,0.07797733062757141,6.661338147750939e-16
17,101,gru_te,forecast,forecast,test_persistence_shift,0,2,True,0.07834818986022138,0.049862221707685166,0.057999552554244674,0.0001,0.020713878004285768,0.9823138005264873,0.9905222390700708,0.34982987702498264,0.960777916413027,0.9354932257884001,0.8341836626220589,3.697785493223493e-32,0.004044440593516554,0.07797733062757141,3.885780586188048e-16
17,101,gru_te,forecast,reconstruction,test_persistence_shift,1,2,True,0.0678363820106977,0.01913488584218234,0.020687856162607838,0.0001,0.05023608873395779,0.9888710665654411,1.059308505672159,0.2065707936697266,0.9418690104508497,0.8804642125067295,0.8892531260177436,1.6434602192104412e-32,0.006559095317764769,0.07692126995032146,2.6367796834847468e-15
17,101,gru_te,forecast,forecast,test_persistence_shift,1,2,True,0.0678363820106977,0.052676352726733336,0.057999552554244674,0.0001,0.05023608873395779,0.9888710665654411,1.059308505672159,0.2065707936697266,0.9418690104508497,0.8804642125067295,0.8892531260177436,1.6434602192104412e-32,0.006559095317764769,0.07692126995032146,1.5543122344752192e-15
17,101,gru_te,forecast,reconstruction,test_noise_shift,0,2,True,0.11390744581523662,0.0713081945157627,0.020687856162607838,0.0001,0.06049269499056143,0.9831339659214833,1.1556092789150825,0.2328609926795605,0.9561350326290892,0.8254351992250589,0.768525886707919,0.0,0.0026713309261977656,0.07405844451550239,3.3306690738754696e-16
17,101,gru_te,forecast,forecast,test_noise_shift,0,2,True,0.11390744581523662,0.10855851051479554,0.057999552554244674,0.0001,0.06049269499056143,0.9831339659214833,1.1556092789150825,0.2328609926795605,0.9561350326290892,0.8254351992250589,0.768525886707919,0.0,0.0026713309261977656,0.07405844451550239,1.6653345369377348e-16
17,101,gru_te,forecast,reconstruction,test_noise_shift,1,2,True,0.12803319926160772,0.0693632165899423,0.020687856162607838,0.0001,0.026348163645777856,0.9787760484044372,1.1280947722742471,0.30117976770697863,0.9534324689222853,0.9905222390700708,0.7889337713774813,4.108650548026103e-33,0.002484214994071605,0.07719692250715073,1.3322676295501878e-15
17,101,gru_te,forecast,forecast,test_noise_shift,1,2,True,0.12803319926160772,0.11257030300133453,0.057999552554244674,0.0001,0.026348163645777856,0.9787760484044372,1.1280947722742471,0.30117976770697863,0.9534324689222853,0.9905222390700708,0.7889337713774813,4.108650548026103e-33,0.002484214994071605,0.07719692250715073,8.881784197001252e-16
17,101,gru_te,forecast,reconstruction,test_combined_shift,0,2,True,0.20298024022662225,0.06401463772842121,0.020687856162607838,0.0001,0.04427730211220213,0.9894638031178637,1.0730657589925767,0.31977615586526437,0.9392847305308387,0.8529497058658941,0.8920099897718026,1.0271626370065257e-33,0.0023031277514807525,0.11204620718009206,6.661338147750939e-16
17,101,gru_te,forecast,forecast,test_combined_shift,0,2,True,0.20298024022662225,0.11761874739228036,0.057999552554244674,0.0001,0.04427730211220213,0.9894638031178637,1.0730657589925767,0.31977615586526437,0.9392847305308387,0.8529497058658941,0.8920099897718026,1.0271626370065257e-33,0.0023031277514807525,0.11204620718009206,2.7755575615628914e-16
17,101,gru_te,forecast,reconstruction,test_combined_shift,1,2,True,0.22957683302037277,0.063545420870719,0.020687856162607838,0.0001,0.030179777369309286,0.9868385395298443,1.018036745710906,0.5470130228928483,0.9665028537004412,0.7704061859433884,0.8864531375463849,3.697785493223493e-32,0.00036993200958330155,0.12242918438427874,4.440892098500626e-16
17,101,gru_te,forecast,forecast,test_combined_shift,1,2,True,0.22957683302037277,0.12371791951329557,0.057999552554244674,0.0001,0.030179777369309286,0.9868385395298443,1.018036745710906,0.5470130228928483,0.9665028537004412,0.7704061859433884,0.8864531375463849,3.697785493223493e-32,0.00036993200958330155,0.12242918438427874,2.220446049250313e-16
17,101,untrained_gru_te,forecast,reconstruction,test_id,0,2,True,0.26671094287841274,0.021567150164009934,0.020124056253933133,0.0001,0.02281609499546459,0.9791877959034078,0.9905222390700708,0.5983473014859901,0.9347641008882158,0.7704061859433884,0.8668523737920643,1.0271626370065257e-33,6.65671292924157e-05,0.11738618341088512,4.440892098500626e-16
17,101,untrained_gru_te,forecast,forecast,test_id,0,2,True,0.26671094287841274,0.05639494601820768,0.058019892100415006,0.0001,0.02281609499546459,0.9791877959034078,0.9905222390700708,0.5983473014859901,0.9347641008882158,0.7704061859433884,0.8668523737920643,1.0271626370065257e-33,6.65671292924157e-05,0.11738618341088512,4.440892098500626e-16
17,101,untrained_gru_te,forecast,reconstruction,test_id,1,2,True,0.24242439692955928,0.018899602799326513,0.020124056253933133,0.0001,0.01957470943022246,0.984264657566112,1.0455512523517414,0.47432061420604765,0.9533921074922106,0.8804642125067295,0.823704547539069,4.108650548026103e-33,0.0002872548379623361,0.0886411750003611,2.220446049250313e-16
17,101,untrained_gru_te,forecast,forecast,test_id,1,2,True,0.24242439692955928,0.04989922294662943,0.058019892100415006,0.0001,0.01957470943022246,0.984264657566112,1.0455512523517414,0.47432061420604765,0.9533921074922106,0.8804642125067295,0.823704547539069,4.108650548026103e-33,0.0002872548379623361,0.0886411750003611,2.220446049250313e-16
17,101,untrained_gru_te,forecast,reconstruction,test_mean_shift,0,2,True,0.3724128058301153,0.017459791768111455,0.020124056253933133,0.0001,0.007136065057364263,0.9696053643649218,0.8116779459046413,0.8183801644579971,0.9255640607047215,0.6878626660208824,0.9470399516692198,4.108650548026103e-33,0.0014660905119641295,0.1219352368344289,8.881784197001252e-16
17,101,untrained_gru_te,forecast,forecast,test_mean_shift,0,2,True,0.3724128058301153,0.06623481667084029,0.058019892100415006,0.0001,0.007136065057364263,0.9696053643649218,0.8116779459046413,0.8183801644579971,0.9255640607047215,0.6878626660208824,0.9470399516692198,4.108650548026103e-33,0.0014660905119641295,0.1219352368344289,4.440892098500626e-16
17,101,untrained_gru_te,forecast,reconstruction,test_mean_shift,1,2,True,0.3484165763691142,0.019735026546047623,0.020124056253933133,0.0001,0.010263392186079377,0.9751933459731166,0.8667069591863118,0.7987701906564848,0.9205228332377643,0.7153771726617177,0.9387788661864334,4.108650548026103e-33,0.00039526752582400476,0.1755688100393653,2.220446049250313e-16
17,101,untrained_gru_te,forecast,forecast,test_mean_shift,1,2,True,0.3484165763691142,0.06276342930480132,0.058019892100415006,0.0001,0.010263392186079377,0.9751933459731166,0.8667069591863118,0.7987701906564848,0.9205228332377643,0.7153771726617177,0.9387788661864334,4.108650548026103e-33,0.00039526752582400476,0.1755688100393653,2.220446049250313e-16
17,101,untrained_gru_te,forecast,reconstruction,test_variance_shift,0,2,True,0.32120688326207286,0.03569381694450566,0.020124056253933133,0.0001,0.0415692678562068,0.9721018946900803,1.0455512523517414,0.6481757777962729,0.9261009476247495,0.7153771726617177,0.8812147748637931,1.6434602192104412e-32,0.001021267231282657,0.13362007660421113,4.440892098500626e-16
17,101,untrained_gru_te,forecast,forecast,test_variance_shift,0,2,True,0.32120688326207286,0.09172287305228173,0.058019892100415006,0.0001,0.0415692678562068,0.9721018946900803,1.0455512523517414,0.6481757777962729,0.9261009476247495,0.7153771726617177,0.8812147748637931,1.6434602192104412e-32,0.001021267231282657,0.13362007660421113,2.220446049250313e-16
17,101,untrained_gru_te,forecast,reconstruction,test_variance_shift,1,2,True,0.3105326842968489,0.03342334564235797,0.020124056253933133,0.0001,0.012844375135728647,0.9780866886085384,1.1143375189538296,0.6264464766716131,0.937812403805184,0.9630077324292354,0.8631775739206649,1.0271626370065257e-33,0.0010102492114771571,0.08210312897774763,6.661338147750939e-16
17,101,untrained_gru_te,forecast,forecast,test_variance_shift,1,2,True,0.3105326842968489,0.0889565306859798,0.058019892100415006,0.0001,0.012844375135728647,0.9780866886085384,1.1143375189538296,0.6264464766716131,0.937812403805184,0.9630077324292354,0.8631775739206649,1.0271626370065257e-33,0.0010102492114771571,0.08210312897774763,5.551115123125783e-16
17,101,untrained_gru_te,forecast,reconstruction,test_persistence_shift,0,2,True,0.23143922937151262,0.019288298394382695,0.020124056253933133,0.0001,0.03469962103172625,0.9823138005264873,0.9905222390700708,0.34982987702498264,0.970981896050889,0.7979206925842236,0.8670342672901649,2.5679065925163147e-32,0.0004356937665603554,0.09526510188032393,8.881784197001252e-16
17,101,untrained_gru_te,forecast,forecast,test_persistence_shift,0,2,True,0.23143922937151262,0.04989333976916061,0.058019892100415006,0.0001,0.03469962103172625,0.9823138005264873,0.9905222390700708,0.34982987702498264,0.970981896050889,0.7979206925842236,0.8670342672901649,2.5679065925163147e-32,0.0004356937665603554,0.09526510188032393,4.440892098500626e-16
17,101,untrained_gru_te,forecast,reconstruction,test_persistence_shift,1,2,True,0.2535151396445006,0.018942885463114328,0.020124056253933133,0.0001,0.023227865671400273,0.9888710665654411,1.059308505672159,0.2065707936697266,0.9610343557877565,0.9905222390700708,0.7132350378165849,1.0271626370065257e-33,1.9017409192300782e-05,0.052499816148744764,2.4424906541753444e-15
17,101,untrained_gru_te,forecast,forecast,test_persistence_shift,1,2,True,0.2535151396445006,0.053276371574242844,0.058019892100415006,0.0001,0.023227865671400273,0.9888710665654411,1.059308505672159,0.2065707936697266,0.9610343557877565,0.9905222390700708,0.7132350378165849,1.0271626370065257e-33,1.9017409192300782e-05,0.052499816148744764,1.5543122344752192e-15
17,101,untrained_gru_te,forecast,reconstruction,test_noise_shift,0,2,True,0.29835498825595413,0.06038531442540328,0.020124056253933133,0.0001,0.05018735500277797,0.9831339659214833,1.1556092789150825,0.2328609926795605,0.9625679829639349,0.8529497058658941,0.7167464675390846,1.0271626370065257e-33,0.0010194898569311417,0.07187872658593354,4.440892098500626e-16
17,101,untrained_gru_te,forecast,forecast,test_noise_shift,0,2,True,0.29835498825595413,0.10328106706556119,0.058019892100415006,0.0001,0.05018735500277797,0.9831339659214833,1.1556092789150825,0.2328609926795605,0.9625679829639349,0.8529497058658941,0.7167464675390846,1.0271626370065257e-33,0.0010194898569311417,0.07187872658593354,2.220446049250313e-16
17,101,untrained_gru_te,forecast,reconstruction,test_noise_shift,1,2,True,0.28278459009413925,0.05823766343114418,0.020124056253933133,0.0001,0.03515773780966449,0.9787760484044372,1.1280947722742471,0.30117976770697863,0.9298244738832064,0.9079787191475648,0.7686233683127304,9.244463733058732e-33,0.0024057549256273733,0.06628134434444156,1.3322676295501878e-15
17,101,untrained_gru_te,forecast,forecast,test_noise_shift,1,2,True,0.28278459009413925,0.10644111923786297,0.058019892100415006,0.0001,0.03515773780966449,0.9787760484044372,1.1280947722742471,0.30117976770697863,0.9298244738832064,0.9079787191475648,0.7686233683127304,9.244463733058732e-33,0.0024057549256273733,0.06628134434444156,7.771561172376096e-16
17,101,untrained_gru_te,forecast,reconstruction,test_combined_shift,0,2,True,0.5227676222034381,0.05446882955146235,0.020124056253933133,0.0001,0.0285266851742926,0.9894638031178637,1.0730657589925767,0.31977615586526437,0.9684091591019021,0.9079787191475649,0.8009539889517456,9.244463733058732e-33,0.006608655594888879,0.07594935169783663,3.3306690738754696e-16
17,101,untrained_gru_te,forecast,forecast,test_combined_shift,0,2,True,0.5227676222034381,0.11276341174629874,0.058019892100415006,0.0001,0.0285266851742926,0.9894638031178637,1.0730657589925767,0.31977615586526437,0.9684091591019021,0.9079787191475649,0.8009539889517456,9.244463733058732e-33,0.006608655594888879,0.07594935169783663,2.220446049250313e-16
17,101,untrained_gru_te,forecast,reconstruction,test_combined_shift,1,2,True,0.47630674200828066,0.05917543930147365,0.020124056253933133,0.0001,0.040129333990899886,0.9868385395298443,1.018036745710906,0.5470130228928483,0.9712351355313158,0.7153771726617177,0.8848989124948936,3.697785493223493e-32,0.001030841647537136,0.12480228589641396,4.440892098500626e-16
17,101,untrained_gru_te,forecast,forecast,test_combined_shift,1,2,True,0.47630674200828066,0.11978906462883959,0.058019892100415006,0.0001,0.040129333990899886,0.9868385395298443,1.018036745710906,0.5470130228928483,0.9712351355313158,0.7153771726617177,0.8848989124948936,3.697785493223493e-32,0.001030841647537136,0.12480228589641396,4.440892098500626e-16
17,101,qae,reconstruction,reconstruction,test_id,0,2,True,0.47160232602035895,0.002692391791366093,0.0026658346568233567,0.001,2.2523686978773605e-05,0.9791877959034078,0.9905222390700708,0.5983473014859901,0.9848063332036701,0.9905222390700708,0.6103478180651849,0.0,0.00035673539795326843,0.050617369027208765,4.440892098500626e-16
17,101,qae,reconstruction,forecast,test_id,0,2,True,0.47160232602035895,0.04990899006320787,0.05336998545421719,0.0001,2.2523686978773605e-05,0.9791877959034078,0.9905222390700708,0.5983473014859901,0.9848063332036701,0.9905222390700708,0.6103478180651849,0.0,0.00035673539795326843,0.050617369027208765,2.7755575615628914e-16
17,101,qae,reconstruction,reconstruction,test_id,1,2,True,0.466333671637607,0.0025815524170195955,0.0026658346568233567,0.001,0.0010157136686200336,0.984264657566112,1.0455512523517414,0.47432061420604765,0.9858723560701734,1.100580265633412,0.4824111045807666,4.108650548026103e-33,0.0023175375856025783,0.015676847144544825,2.7755575615628914e-16
17,101,qae,reconstruction,forecast,test_id,1,2,True,0.466333671637607,0.04619986128157215,0.05336998545421719,0.0001,0.0010157136686200336,0.984264657566112,1.0455512523517414,0.47432061420604765,0.9858723560701734,1.100580265633412,0.4824111045807666,4.108650548026103e-33,0.0023175375856025783,0.015676847144544825,1.1102230246251565e-16
17,101,qae,reconstruction,reconstruction,test_mean_shift,0,2,True,0.4177059677300549,0.004137420030022854,0.0026658346568233567,0.001,8.19137382700514e-05,0.9696053643649218,0.8116779459046413,0.8183801644579971,0.9765233875140186,0.7979206925842236,0.8125081455218651,9.244463733058732e-33,0.004150800557100204,0.10865777929292113,2.220446049250313e-16
17,101,qae,reconstruction,forecast,test_mean_shift,0,2,True,0.4177059677300549,0.06066623709933971,0.05336998545421719,0.0001,8.19137382700514e-05,0.9696053643649218,0.8116779459046413,0.8183801644579971,0.9765233875140186,0.7979206925842236,0.8125081455218651,9.244463733058732e-33,0.004150800557100204,0.10865777929292113,2.220446049250313e-16
17,101,qae,reconstruction,reconstruction,test_mean_shift,1,2,True,0.4391907245572511,0.0029405325122474806,0.0026658346568233567,0.001,0.0005926055850758828,0.9751933459731166,0.8667069591863118,0.7987701906564848,0.971206449813361,0.9079787191475648,0.7834648655779783,1.6434602192104412e-32,0.00018652435242360872,0.08645589319586243,2.220446049250313e-16
17,101,qae,reconstruction,forecast,test_mean_shift,1,2,True,0.4391907245572511,0.05596700516343377,0.05336998545421719,0.0001,0.0005926055850758828,0.9751933459731166,0.8667069591863118,0.7987701906564848,0.971206449813361,0.9079787191475648,0.7834648655779783,1.6434602192104412e-32,0.00018652435242360872,0.08645589319586243,1.1102230246251565e-16
17,101,qae,reconstruction,reconstruction,test_variance_shift,0,2,True,0.5228177755940852,0.004474306516464176,0.0026658346568233567,0.001,0.0010118206116559907,0.9721018946900803,1.0455512523517414,0.6481757777962729,0.9706156176117188,0.9905222390700708,0.6526748944473609,2.5679065925163147e-32,0.0022971286580623904,0.04475782951363703,4.440892098500626e-16
17,101,qae,reconstruction,forecast,test_variance_shift,0,2,True,0.5228177755940852,0.07379610192777765,0.05336998545421719,0.0001,0.0010118206116559907,0.9721018946900803,1.0455512523517414,0.6481757777962729,0.9706156176117188,0.9905222390700708,0.6526748944473609,2.5679065925163147e-32,0.0022971286580623904,0.04475782951363703,1.1102230246251565e-16
17,101,qae,reconstruction,reconstruction,test_variance_shift,1,2,True,0.4456095968072052,0.004820172318800157,0.0026658346568233567,0.001,8.540775138341823e-05,0.9780866886085384,1.1143375189538296,0.6264464766716131,0.9830703900948049,1.100580265633412,0.613465882736989,4.108650548026103e-33,0.0011113621030755074,0.04255275997521376,6.106226635438361e-16
17,101,qae,reconstruction,forecast,test_variance_shift,1,2,True,0.4456095968072052,0.08165862530267917,0.05336998545421719,0.0001,8.540775138341823e-05,0.9780866886085384,1.1143375189538296,0.6264464766716131,0.9830703900948049,1.100580265633412,0.613465882736989,4.108650548026103e-33,0.0011113621030755074,0.04255275997521376,3.3306690738754696e-16
17,101,qae,reconstruction,reconstruction,test_persistence_shift,0,2,True,0.3406467513847984,0.0024972255147634806,0.0026658346568233567,0.001,8.159508848202456e-05,0.9823138005264873,0.9905222390700708,0.34982987702498264,0.9891548721607902,0.9905222390700708,0.3779713058686224,0.0,0.00010447549019849702,0.025902179384191953,4.85722573273506e-16
17,101,qae,reconstruction,forecast,test_persistence_shift,0,2,True,0.3406467513847984,0.060824051304751374,0.05336998545421719,0.0001,8.159508848202456e-05,0.9823138005264873,0.9905222390700708,0.34982987702498264,0.9891548721607902,0.9905222390700708,0.3779713058686224,0.0,0.00010447549019849702,0.025902179384191953,3.3306690738754696e-16
17,101,qae,reconstruction,reconstruction,test_persistence_shift,1,2,True,0.39559898155921025,0.002172047983997485,0.0026658346568233567,0.001,0.0004661213219959662,0.9888710665654411,1.059308505672159,0.2065707936697266,0.9898505097846215,1.0455512523517414,0.13705410105432206,5.7777898331617076e-34,0.0010622340479021772,0.011035562566184869,7.771561172376096e-16
17,101,qae,reconstruction,forecast,test_persistence_shift,1,2,True,0.39559898155921025,0.0668234679994457,0.05336998545421719,0.0001,0.0004661213219959662,0.9888710665654411,1.059308505672159,0.2065707936697266,0.9898505097846215,1.0455512523517414,0.13705410105432206,5.7777898331617076e-34,0.0010622340479021772,0.011035562566184869,5.551115123125783e-16
17,101,qae,reconstruction,reconstruction,test_noise_shift,0,2,True,0.45374961693894084,0.07214707075454747,0.0026658346568233567,0.001,0.0003057158325594955,0.9831339659214833,1.1556092789150825,0.2328609926795605,0.9867717248369374,1.1831237855559178,0.2086233251298189,0.0,0.0002678053101824743,0.0010230554728547434,2.220446049250313e-16
17,101,qae,reconstruction,forecast,test_noise_shift,0,2,True,0.45374961693894084,0.11337801382263944,0.05336998545421719,0.0001,0.0003057158325594955,0.9831339659214833,1.1556092789150825,0.2328609926795605,0.9867717248369374,1.1831237855559178,0.2086233251298189,0.0,0.0002678053101824743,0.0010230554728547434,1.1102230246251565e-16
17,101,qae,reconstruction,reconstruction,test_noise_shift,1,2,True,0.38715930027308926,0.07496387681669237,0.0026658346568233567,0.001,0.00028181621108464797,0.9787760484044372,1.1280947722742471,0.30117976770697863,0.9805829963795853,1.100580265633412,0.31963354743694106,1.0271626370065257e-33,0.0003138557060814918,0.016368440627780947,9.992007221626409e-16
17,101,qae,reconstruction,forecast,test_noise_shift,1,2,True,0.38715930027308926,0.1210489512394116,0.05336998545421719,0.0001,0.00028181621108464797,0.9787760484044372,1.1280947722742471,0.30117976770697863,0.9805829963795853,1.100580265633412,0.31963354743694106,1.0271626370065257e-33,0.0003138557060814918,0.016368440627780947,5.551115123125783e-16
17,101,qae,reconstruction,reconstruction,test_combined_shift,0,2,True,0.5477988305777316,0.06880221078738703,0.0026658346568233567,0.001,0.001354597395249342,0.9894638031178637,1.0730657589925767,0.31977615586526437,0.9839807325658714,1.100580265633412,0.2052915709224638,5.7777898331617076e-34,0.0002569197022376156,0.0027988286739188597,4.440892098500626e-16
17,101,qae,reconstruction,forecast,test_combined_shift,0,2,True,0.5477988305777316,0.14473910751989524,0.05336998545421719,0.0001,0.001354597395249342,0.9894638031178637,1.0730657589925767,0.31977615586526437,0.9839807325658714,1.100580265633412,0.2052915709224638,5.7777898331617076e-34,0.0002569197022376156,0.0027988286739188597,3.3306690738754696e-16
17,101,qae,reconstruction,reconstruction,test_combined_shift,1,2,True,0.3884826792565567,0.05552530181605285,0.0026658346568233567,0.001,0.00030713906022359244,0.9868385395298443,1.018036745710906,0.5470130228928483,0.9838490375791599,0.9905222390700708,0.5220785501236831,4.108650548026103e-33,0.000254266474542914,0.04635360075855938,4.440892098500626e-16
17,101,qae,reconstruction,forecast,test_combined_shift,1,2,True,0.3884826792565567,0.13963537034020918,0.05336998545421719,0.0001,0.00030713906022359244,0.9868385395298443,1.018036745710906,0.5470130228928483,0.9838490375791599,0.9905222390700708,0.5220785501236831,4.108650548026103e-33,0.000254266474542914,0.04635360075855938,2.220446049250313e-16
17,101,untrained_qae,reconstruction,reconstruction,test_id,0,2,True,0.5683917043778316,0.00281817334750342,0.0027833475469257758,0.001,2.929863181769932e-06,0.9791877959034078,0.9905222390700708,0.5983473014859901,0.9799322929261771,0.9905222390700708,0.6040867487515018,4.108650548026103e-33,0.0002877872986776234,0.049601876279918224,4.440892098500626e-16
17,101,untrained_qae,reconstruction,forecast,test_id,0,2,True,0.5683917043778316,0.05030756193698732,0.0533349325570676,0.0001,2.929863181769932e-06,0.9791877959034078,0.9905222390700708,0.5983473014859901,0.9799322929261771,0.9905222390700708,0.6040867487515018,4.108650548026103e-33,0.0002877872986776234,0.049601876279918224,2.7755575615628914e-16
17,101,untrained_qae,reconstruction,reconstruction,test_id,1,2,True,0.5658657132684124,0.002571640537278728,0.0027833475469257758,0.001,0.0022804613231655196,0.984264657566112,1.0455512523517414,0.47432061420604765,0.9871436729419056,1.1280947722742471,0.48318911098180384,4.108650548026103e-33,0.004084142043707791,0.01634379734068048,2.220446049250313e-16
17,101,untrained_qae,reconstruction,forecast,test_id,1,2,True,0.5658657132684124,0.04612084533986126,0.0533349325570676,0.0001,0.0022804613231655196,0.984264657566112,1.0455512523517414,0.47432061420604765,0.9871436729419056,1.1280947722742471,0.48318911098180384,4.108650548026103e-33,0.004084142043707791,0.01634379734068048,1.1102230246251565e-16
17,101,untrained_qae,reconstruction,reconstruction,test_mean_shift,0,2,True,0.5032109634566531,0.004125597244072389,0.0027833475469257758,0.001,0.0005774830241316702,0.9696053643649218,0.8116779459046413,0.8183801644579971,0.974626424020649,0.7704061859433883,0.8144406913818842,1.6434602192104412e-32,0.0023487696781812253,0.10940596524095454,2.220446049250313e-16
17,101,untrained_qae,reconstruction,forecast,test_mean_shift,0,2,True,0.5032109634566531,0.06084692022952257,0.0533349325570676,0.0001,0.0005774830241316702,0.9696053643649218,0.8116779459046413,0.8183801644579971,0.974626424020649,0.7704061859433883,0.8144406913818842,1.6434602192104412e-32,0.0023487696781812253,0.10940596524095454,2.220446049250313e-16
17,101,untrained_qae,reconstruction,reconstruction,test_mean_shift,1,2,True,0.528929887104286,0.003232415001602643,0.0027833475469257758,0.001,0.0005916078039313379,0.9751933459731166,0.8667069591863118,0.7987701906564848,0.972959095054839,0.9079787191475648,0.7824639508288722,4.108650548026103e-33,0.0004741094180320291,0.08612974732853722,2.220446049250313e-16
17,101,untrained_qae,reconstruction,forecast,test_mean_shift,1,2,True,0.528929887104286,0.0565197321088949,0.0533349325570676,0.0001,0.0005916078039313379,0.9751933459731166,0.8667069591863118,0.7987701906564848,0.972959095054839,0.9079787191475648,0.7824639508288722,4.108650548026103e-33,0.0004741094180320291,0.08612974732853722,2.220446049250313e-16
17,101,untrained_qae,reconstruction,reconstruction,test_variance_shift,0,2,True,0.6286878514601475,0.005572095115197121,0.0027833475469257758,0.001,0.0002645985108119422,0.9721018946900803,1.0455512523517414,0.6481757777962729,0.971179032747859,1.018036745710906,0.6601583956376054,1.0271626370065257e-33,0.001044819882751944,0.04579756174016878,4.440892098500626e-16
17,101,untrained_qae,reconstruction,forecast,test_variance_shift,0,2,True,0.6286878514601475,0.0737297383176842,0.0533349325570676,0.0001,0.0002645985108119422,0.9721018946900803,1.0455512523517414,0.6481757777962729,0.971179032747859,1.018036745710906,0.6601583956376054,1.0271626370065257e-33,0.001044819882751944,0.04579756174016878,1.1102230246251565e-16
17,101,untrained_qae,reconstruction,reconstruction,test_variance_shift,1,2,True,0.5420125522127535,0.005467227621985414,0.0027833475469257758,0.001,0.0016193683220011407,0.9780866886085384,1.1143375189538296,0.6264464766716131,0.9848898949348734,1.0455512523517414,0.608527673516136,0.0,0.0001266686392172811,0.04322647862008077,6.106226635438361e-16
17,101,untrained_qae,reconstruction,forecast,test_variance_shift,1,2,True,0.5420125522127535,0.08283587293433996,0.0533349325570676,0.0001,0.0016193683220011407,0.9780866886085384,1.1143375189538296,0.6264464766716131,0.9848898949348734,1.0455512523517414,0.608527673516136,0.0,0.0001266686392172811,0.04322647862008077,3.885780586188048e-16
17,101,untrained_qae,reconstruction,reconstruction,test_persistence_shift,0,2,True,0.42475979989294343,0.0024978851590771885,0.0027833475469257758,0.001,0.0001634726026159758,0.9823138005264873,0.9905222390700708,0.34982987702498264,0.9859166683923578,0.9905222390700708,0.3935305475456511,1.0271626370065257e-33,0.00012157402804995934,0.026507813391554325,6.661338147750939e-16
17,101,untrained_qae,reconstruction,forecast,test_persistence_shift,0,2,True,0.42475979989294343,0.06059759353581202,0.0533349325570676,0.0001,0.0001634726026159758,0.9823138005264873,0.9905222390700708,0.34982987702498264,0.9859166683923578,0.9905222390700708,0.3935305475456511,1.0271626370065257e-33,0.00012157402804995934,0.026507813391554325,3.885780586188048e-16
17,101,untrained_qae,reconstruction,reconstruction,test_persistence_shift,1,2,True,0.4800878482506197,0.00217870799000869,0.0027833475469257758,0.001,0.0009390077040479424,0.9888710665654411,1.059308505672159,0.2065707936697266,0.9898505097846215,1.018036745710906,0.13985630850121308,0.0,0.0023170624793829894,0.008284823859415034,1.1102230246251565e-15
17,101,untrained_qae,reconstruction,forecast,test_persistence_shift,1,2,True,0.4800878482506197,0.0669074257506282,0.0533349325570676,0.0001,0.0009390077040479424,0.9888710665654411,1.059308505672159,0.2065707936697266,0.9898505097846215,1.018036745710906,0.13985630850121308,0.0,0.0023170624793829894,0.008284823859415034,6.661338147750939e-16
17,101,untrained_qae,reconstruction,reconstruction,test_noise_shift,0,2,True,0.5473881755254455,0.07275848360368772,0.0027833475469257758,0.001,0.0010798126564729987,0.9831339659214833,1.1556092789150825,0.2328609926795605,0.9854494311331483,1.2106382921967531,0.2041636556938205,2.5679065925163143e-34,0.001037563528351146,0.0015633700937791575,2.220446049250313e-16
17,101,untrained_qae,reconstruction,forecast,test_noise_shift,0,2,True,0.5473881755254455,0.11410569249835614,0.0533349325570676,0.0001,0.0010798126564729987,0.9831339659214833,1.1556092789150825,0.2328609926795605,0.9854494311331483,1.2106382921967531,0.2041636556938205,2.5679065925163143e-34,0.001037563528351146,0.0015633700937791575,1.1102230246251565e-16
17,101,untrained_qae,reconstruction,reconstruction,test_noise_shift,1,2,True,0.47342701199308296,0.0725200106187049,0.0027833475469257758,0.001,0.001057158527517722,0.9787760484044372,1.1280947722742471,0.30117976770697863,0.9774917035905981,1.0730657589925765,0.3249817624299464,2.311115933264683e-33,6.0344477618397425e-05,0.019677604823491544,8.881784197001252e-16
17,101,untrained_qae,reconstruction,forecast,test_noise_shift,1,2,True,0.47342701199308296,0.12054341922442896,0.0533349325570676,0.0001,0.001057158527517722,0.9787760484044372,1.1280947722742471,0.30117976770697863,0.9774917035905981,1.0730657589925765,0.3249817624299464,2.311115933264683e-33,6.0344477618397425e-05,0.019677604823491544,5.551115123125783e-16
17,101,untrained_qae,reconstruction,reconstruction,test_combined_shift,0,2,True,0.6263634968176949,0.06881258467462166,0.0027833475469257758,0.001,0.0032313024076682986,0.9894638031178637,1.0730657589925767,0.31977615586526437,0.9871029289987376,1.1556092789150827,0.21253995273961473,6.419766481290786e-35,0.0010266584870321617,0.0016704530716899514,4.440892098500626e-16
17,101,untrained_qae,reconstruction,forecast,test_combined_shift,0,2,True,0.6263634968176949,0.14363983565233102,0.0533349325570676,0.0001,0.0032313024076682986,0.9894638031178637,1.0730657589925767,0.31977615586526437,0.9871029289987376,1.1556092789150827,0.21253995273961473,6.419766481290786e-35,0.0010266584870321617,0.0016704530716899514,2.220446049250313e-16
17,101,untrained_qae,reconstruction,reconstruction,test_combined_shift,1,2,True,0.44842478703068583,0.053130090624637395,0.0027833475469257758,0.001,0.0002543524346705833,0.9868385395298443,1.018036745710906,0.5470130228928483,0.988820930910088,1.0455512523517414,0.5441290307023496,1.0271626370065257e-33,2.132632184746957e-05,0.03492071174730103,4.440892098500626e-16
17,101,untrained_qae,reconstruction,forecast,test_combined_shift,1,2,True,0.44842478703068583,0.13804916205422615,0.0533349325570676,0.0001,0.0002543524346705833,0.9868385395298443,1.018036745710906,0.5470130228928483,0.988820930910088,1.0455512523517414,0.5441290307023496,1.0271626370065257e-33,2.132632184746957e-05,0.03492071174730103,2.220446049250313e-16
17,101,qte,forecast,reconstruction,test_id,0,2,True,0.49909532595849976,0.0026655256775979246,0.0026342220531398028,0.001,2.2151473154740162e-05,0.9791877959034078,0.9905222390700708,0.5983473014859901,0.9848723266696189,0.9905222390700708,0.6100332810225493,0.0,0.0003547451209546184,0.04728269491511899,4.440892098500626e-16
17,101,qte,forecast,forecast,test_id,0,2,True,0.49909532595849976,0.04991620740251367,0.05330785906400456,0.0001,2.2151473154740162e-05,0.9791877959034078,0.9905222390700708,0.5983473014859901,0.9848723266696189,0.9905222390700708,0.6100332810225493,0.0,0.0003547451209546184,0.04728269491511899,2.220446049250313e-16
17,101,qte,forecast,reconstruction,test_id,1,2,True,0.48808158278237934,0.0025611955836904354,0.0026342220531398028,0.001,0.0010161640386979892,0.984264657566112,1.0455512523517414,0.47432061420604765,0.9860936710455828,1.100580265633412,0.4825557882859557,9.244463733058732e-33,0.002312324093668048,0.015739126796672245,2.220446049250313e-16
17,101,qte,forecast,forecast,test_id,1,2,True,0.48808158278237934,0.04619937968374373,0.05330785906400456,0.0001,0.0010161640386979892,0.984264657566112,1.0455512523517414,0.47432061420604765,0.9860936710455828,1.100580265633412,0.4825557882859557,9.244463733058732e-33,0.002312324093668048,0.015739126796672245,1.1102230246251565e-16
17,101,qte,forecast,reconstruction,test_mean_shift,0,2,True,0.44335509743190726,0.004011573859899722,0.0026342220531398028,0.001,8.285119016365735e-05,0.9696053643649218,0.8116779459046413,0.8183801644579971,0.9768643798969683,0.7979206925842236,0.8132427545758336,0.0,0.004174186942492396,0.10881010636301018,2.220446049250313e-16
17,101,qte,forecast,forecast,test_mean_shift,0,2,True,0.44335509743190726,0.06046751638816884,0.05330785906400456,0.0001,8.285119016365735e-05,0.9696053643649218,0.8116779459046413,0.8183801644579971,0.9768643798969683,0.7979206925842236,0.8132427545758336,0.0,0.004174186942492396,0.10881010636301018,2.220446049250313e-16
17,101,qte,forecast,reconstruction,test_mean_shift,1,2,True,0.46031167718794663,0.002874041032942554,0.0026342220531398028,0.001,0.0005877541013368224,0.9751933459731166,0.8667069591863118,0.7987701906564848,0.972980440643631,0.9079787191475648,0.7839368250621341,4.108650548026103e-33,0.00020527090958519307,0.08643500952192062,2.220446049250313e-16
17,101,qte,forecast,forecast,test_mean_shift,1,2,True,0.46031167718794663,0.055873246791442115,0.05330785906400456,0.0001,0.0005877541013368224,0.9751933459731166,0.8667069591863118,0.7987701906564848,0.972980440643631,0.9079787191475648,0.7839368250621341,4.108650548026103e-33,0.00020527090958519307,0.08643500952192062,1.1102230246251565e-16
17,101,qte,forecast,reconstruction,test_variance_shift,0,2,True,0.5646650222256181,0.004529074600238528,0.0026342220531398028,0.001,0.00025513829720308237,0.9721018946900803,1.0455512523517414,0.6481757777962729,0.9716693920525223,1.018036745710906,0.6538958328271904,4.108650548026103e-33,0.001038612033774572,0.044913262622786186,2.220446049250313e-16
17,101,qte,forecast,forecast,test_variance_shift,0,2,True,0.5646650222256181,0.07365878598635979,0.05330785906400456,0.0001,0.00025513829720308237,0.9721018946900803,1.0455512523517414,0.6481757777962729,0.9716693920525223,1.018036745710906,0.6538958328271904,4.108650548026103e-33,0.001038612033774572,0.044913262622786186,2.220446049250313e-16
17,101,qte,forecast,reconstruction,test_variance_shift,1,2,True,0.4878636223224624,0.00473818695717184,0.0026342220531398028,0.001,8.666054886830249e-05,0.9780866886085384,1.1143375189538296,0.6264464766716131,0.9838432321161557,1.100580265633412,0.6141856717179932,4.108650548026103e-33,0.001112885839251531,0.04263499956104372,4.440892098500626e-16
17,101,qte,forecast,forecast,test_variance_shift,1,2,True,0.4878636223224624,0.08159701504347582,0.05330785906400456,0.0001,8.666054886830249e-05,0.9780866886085384,1.1143375189538296,0.6264464766716131,0.9838432321161557,1.100580265633412,0.6141856717179932,4.108650548026103e-33,0.001112885839251531,0.04263499956104372,3.3306690738754696e-16
17,101,qte,forecast,reconstruction,test_persistence_shift,0,2,True,0.37904043191582537,0.0024817649750031737,0.0026342220531398028,0.001,9.383581633255103e-05,0.9823138005264873,0.9905222390700708,0.34982987702498264,0.988936333864977,0.9905222390700708,0.380661646431116,2.5679065925163143e-34,0.00010408012024439238,0.02601786016111668,5.551115123125783e-16
17,101,qte,forecast,forecast,test_persistence_shift,0,2,True,0.37904043191582537,0.0607396096329935,0.05330785906400456,0.0001,9.383581633255103e-05,0.9823138005264873,0.9905222390700708,0.34982987702498264,0.988936333864977,0.9905222390700708,0.380661646431116,2.5679065925163143e-34,0.00010408012024439238,0.02601786016111668,3.3306690738754696e-16
17,101,qte,forecast,reconstruction,test_persistence_shift,1,2,True,0.439077030307121,0.002146680040381781,0.0026342220531398028,0.001,0.0004411224435242593,0.9888710665654411,1.059308505672159,0.2065707936697266,0.9898505097846215,1.0455512523517414,0.13924632552831342,7.767917442361852e-33,0.0010625186498879875,0.01108230837635063,8.881784197001252e-16
17,101,qte,forecast,forecast,test_persistence_shift,1,2,True,0.439077030307121,0.06680052378758075,0.05330785906400456,0.0001,0.0004411224435242593,0.9888710665654411,1.059308505672159,0.2065707936697266,0.9898505097846215,1.0455512523517414,0.13924632552831342,7.767917442361852e-33,0.0010625186498879875,0.01108230837635063,4.996003610813204e-16
17,101,qte,forecast,reconstruction,test_noise_shift,0,2,True,0.5225427964104417,0.07206652900644626,0.0026342220531398028,0.001,0.00030269873262444566,0.9831339659214833,1.1556092789150825,0.2328609926795605,0.9852923903767268,1.1831237855559178,0.2086627013303125,1.0271626370065257e-33,0.0002666565929355594,0.0009999292970900508,2.220446049250313e-16
17,101,qte,forecast,forecast,test_noise_shift,0,2,True,0.5225427964104417,0.11338314052908419,0.05330785906400456,0.0001,0.00030269873262444566,0.9831339659214833,1.1556092789150825,0.2328609926795605,0.9852923903767268,1.1831237855559178,0.2086627013303125,1.0271626370065257e-33,0.0002666565929355594,0.0009999292970900508,2.220446049250313e-16
17,101,qte,forecast,reconstruction,test_noise_shift,1,2,True,0.46259718459181653,0.07478482133715,0.0026342220531398028,0.001,0.0002855697426715978,0.9787760484044372,1.1280947722742471,0.30117976770697863,0.9792006492472668,1.100580265633412,0.321127786801666,1.0271626370065257e-33,0.00032709905459622285,0.01649994901615931,6.661338147750939e-16
17,101,qte,forecast,forecast,test_noise_shift,1,2,True,0.46259718459181653,0.12105307632510826,0.05330785906400456,0.0001,0.0002855697426715978,0.9787760484044372,1.1280947722742471,0.30117976770697863,0.9792006492472668,1.100580265633412,0.321127786801666,1.0271626370065257e-33,0.00032709905459622285,0.01649994901615931,3.3306690738754696e-16
17,101,qte,forecast,reconstruction,test_combined_shift,0,2,True,0.6247701630876511,0.06858459621780796,0.0026342220531398028,0.001,0.0013666344931475471,0.9894638031178637,1.0730657589925767,0.31977615586526437,0.9843623336145959,1.100580265633412,0.2045922956649516,2.311115933264683e-33,0.0002561705269105598,0.0027160177504542203,3.3306690738754696e-16
17,101,qte,forecast,forecast,test_combined_shift,0,2,True,0.6247701630876511,0.14497280258948186,0.05330785906400456,0.0001,0.0013666344931475471,0.9894638031178637,1.0730657589925767,0.31977615586526437,0.9843623336145959,1.100580265633412,0.2045922956649516,2.311115933264683e-33,0.0002561705269105598,0.0027160177504542203,2.220446049250313e-16
17,101,qte,forecast,reconstruction,test_combined_shift,1,2,True,0.47160740296689807,0.05504778539115933,0.0026342220531398028,0.001,0.00028286708876750665,0.9868385395298443,1.018036745710906,0.5470130228928483,0.9877893239445942,0.9905222390700708,0.5279710482462295,0.0,0.0002617661848684605,0.04682992694692517,3.3306690738754696e-16
17,101,qte,forecast,forecast,test_combined_shift,1,2,True,0.47160740296689807,0.13932412983576573,0.05330785906400456,0.0001,0.00028286708876750665,0.9868385395298443,1.018036745710906,0.5470130228928483,0.9877893239445942,0.9905222390700708,0.5279710482462295,0.0,0.0002617661848684605,0.04682992694692517,2.220446049250313e-16
17,101,untrained_qte,forecast,reconstruction,test_id,0,2,True,0.595453361354781,0.00281817334750342,0.0027833475469257758,0.001,2.929863181769932e-06,0.9791877959034078,0.9905222390700708,0.5983473014859901,0.9799322929261771,0.9905222390700708,0.6040867487515018,4.108650548026103e-33,0.0002877872986776234,0.049601876279918224,4.440892098500626e-16
17,101,untrained_qte,forecast,forecast,test_id,0,2,True,0.595453361354781,0.05030756193698732,0.0533349325570676,0.0001,2.929863181769932e-06,0.9791877959034078,0.9905222390700708,0.5983473014859901,0.9799322929261771,0.9905222390700708,0.6040867487515018,4.108650548026103e-33,0.0002877872986776234,0.049601876279918224,2.7755575615628914e-16
17,101,untrained_qte,forecast,reconstruction,test_id,1,2,True,0.5866901020503835,0.002571640537278728,0.0027833475469257758,0.001,0.0022804613231655196,0.984264657566112,1.0455512523517414,0.47432061420604765,0.9871436729419056,1.1280947722742471,0.48318911098180384,4.108650548026103e-33,0.004084142043707791,0.01634379734068048,2.220446049250313e-16
17,101,untrained_qte,forecast,forecast,test_id,1,2,True,0.5866901020503835,0.04612084533986126,0.0533349325570676,0.0001,0.0022804613231655196,0.984264657566112,1.0455512523517414,0.47432061420604765,0.9871436729419056,1.1280947722742471,0.48318911098180384,4.108650548026103e-33,0.004084142043707791,0.01634379734068048,1.1102230246251565e-16
17,101,untrained_qte,forecast,reconstruction,test_mean_shift,0,2,True,0.5302376979300296,0.004125597244072389,0.0027833475469257758,0.001,0.0005774830241316702,0.9696053643649218,0.8116779459046413,0.8183801644579971,0.974626424020649,0.7704061859433883,0.8144406913818842,1.6434602192104412e-32,0.0023487696781812253,0.10940596524095454,2.220446049250313e-16
17,101,untrained_qte,forecast,forecast,test_mean_shift,0,2,True,0.5302376979300296,0.06084692022952257,0.0533349325570676,0.0001,0.0005774830241316702,0.9696053643649218,0.8116779459046413,0.8183801644579971,0.974626424020649,0.7704061859433883,0.8144406913818842,1.6434602192104412e-32,0.0023487696781812253,0.10940596524095454,2.220446049250313e-16
17,101,untrained_qte,forecast,reconstruction,test_mean_shift,1,2,True,0.5489211801083397,0.003232415001602643,0.0027833475469257758,0.001,0.0005916078039313379,0.9751933459731166,0.8667069591863118,0.7987701906564848,0.972959095054839,0.9079787191475648,0.7824639508288722,4.108650548026103e-33,0.0004741094180320291,0.08612974732853722,2.220446049250313e-16
17,101,untrained_qte,forecast,forecast,test_mean_shift,1,2,True,0.5489211801083397,0.0565197321088949,0.0533349325570676,0.0001,0.0005916078039313379,0.9751933459731166,0.8667069591863118,0.7987701906564848,0.972959095054839,0.9079787191475648,0.7824639508288722,4.108650548026103e-33,0.0004741094180320291,0.08612974732853722,2.220446049250313e-16
17,101,untrained_qte,forecast,reconstruction,test_variance_shift,0,2,True,0.6687056023326458,0.005572095115197121,0.0027833475469257758,0.001,0.0002645985108119422,0.9721018946900803,1.0455512523517414,0.6481757777962729,0.971179032747859,1.018036745710906,0.6601583956376054,1.0271626370065257e-33,0.001044819882751944,0.04579756174016878,4.440892098500626e-16
17,101,untrained_qte,forecast,forecast,test_variance_shift,0,2,True,0.6687056023326458,0.0737297383176842,0.0533349325570676,0.0001,0.0002645985108119422,0.9721018946900803,1.0455512523517414,0.6481757777962729,0.971179032747859,1.018036745710906,0.6601583956376054,1.0271626370065257e-33,0.001044819882751944,0.04579756174016878,1.1102230246251565e-16
17,101,untrained_qte,forecast,reconstruction,test_variance_shift,1,2,True,0.5858640596326559,0.005467227621985414,0.0027833475469257758,0.001,0.0016193683220011407,0.9780866886085384,1.1143375189538296,0.6264464766716131,0.9848898949348734,1.0455512523517414,0.608527673516136,0.0,0.0001266686392172811,0.04322647862008077,6.106226635438361e-16
17,101,untrained_qte,forecast,forecast,test_variance_shift,1,2,True,0.5858640596326559,0.08283587293433996,0.0533349325570676,0.0001,0.0016193683220011407,0.9780866886085384,1.1143375189538296,0.6264464766716131,0.9848898949348734,1.0455512523517414,0.608527673516136,0.0,0.0001266686392172811,0.04322647862008077,3.885780586188048e-16
17,101,untrained_qte,forecast,reconstruction,test_persistence_shift,0,2,True,0.46245911472818935,0.0024978851590771885,0.0027833475469257758,0.001,0.0001634726026159758,0.9823138005264873,0.9905222390700708,0.34982987702498264,0.9859166683923578,0.9905222390700708,0.3935305475456511,1.0271626370065257e-33,0.00012157402804995934,0.026507813391554325,6.661338147750939e-16
17,101,untrained_qte,forecast,forecast,test_persistence_shift,0,2,True,0.46245911472818935,0.06059759353581202,0.0533349325570676,0.0001,0.0001634726026159758,0.9823138005264873,0.9905222390700708,0.34982987702498264,0.9859166683923578,0.9905222390700708,0.3935305475456511,1.0271626370065257e-33,0.00012157402804995934,0.026507813391554325,3.885780586188048e-16
17,101,untrained_qte,forecast,reconstruction,test_persistence_shift,1,2,True,0.5251299143975082,0.00217870799000869,0.0027833475469257758,0.001,0.0009390077040479424,0.9888710665654411,1.059308505672159,0.2065707936697266,0.9898505097846215,1.018036745710906,0.13985630850121308,0.0,0.0023170624793829894,0.008284823859415034,1.1102230246251565e-15
17,101,untrained_qte,forecast,forecast,test_persistence_shift,1,2,True,0.5251299143975082,0.0669074257506282,0.0533349325570676,0.0001,0.0009390077040479424,0.9888710665654411,1.059308505672159,0.2065707936697266,0.9898505097846215,1.018036745710906,0.13985630850121308,0.0,0.0023170624793829894,0.008284823859415034,6.661338147750939e-16
17,101,untrained_qte,forecast,reconstruction,test_noise_shift,0,2,True,0.6186807392255215,0.07275848360368772,0.0027833475469257758,0.001,0.0010798126564729987,0.9831339659214833,1.1556092789150825,0.2328609926795605,0.9854494311331483,1.2106382921967531,0.2041636556938205,2.5679065925163143e-34,0.001037563528351146,0.0015633700937791575,2.220446049250313e-16
17,101,untrained_qte,forecast,forecast,test_noise_shift,0,2,True,0.6186807392255215,0.11410569249835614,0.0533349325570676,0.0001,0.0010798126564729987,0.9831339659214833,1.1556092789150825,0.2328609926795605,0.9854494311331483,1.2106382921967531,0.2041636556938205,2.5679065925163143e-34,0.001037563528351146,0.0015633700937791575,1.1102230246251565e-16
17,101,untrained_qte,forecast,reconstruction,test_noise_shift,1,2,True,0.5453391428163032,0.0725200106187049,0.0027833475469257758,0.001,0.001057158527517722,0.9787760484044372,1.1280947722742471,0.30117976770697863,0.9774917035905981,1.0730657589925765,0.3249817624299464,2.311115933264683e-33,6.0344477618397425e-05,0.019677604823491544,8.881784197001252e-16
17,101,untrained_qte,forecast,forecast,test_noise_shift,1,2,True,0.5453391428163032,0.12054341922442896,0.0533349325570676,0.0001,0.001057158527517722,0.9787760484044372,1.1280947722742471,0.30117976770697863,0.9774917035905981,1.0730657589925765,0.3249817624299464,2.311115933264683e-33,6.0344477618397425e-05,0.019677604823491544,5.551115123125783e-16
17,101,untrained_qte,forecast,reconstruction,test_combined_shift,0,2,True,0.7038078440832827,0.06881258467462166,0.0027833475469257758,0.001,0.0032313024076682986,0.9894638031178637,1.0730657589925767,0.31977615586526437,0.9871029289987376,1.1556092789150827,0.21253995273961473,6.419766481290786e-35,0.0010266584870321617,0.0016704530716899514,4.440892098500626e-16
17,101,untrained_qte,forecast,forecast,test_combined_shift,0,2,True,0.7038078440832827,0.14363983565233102,0.0533349325570676,0.0001,0.0032313024076682986,0.9894638031178637,1.0730657589925767,0.31977615586526437,0.9871029289987376,1.1556092789150827,0.21253995273961473,6.419766481290786e-35,0.0010266584870321617,0.0016704530716899514,2.220446049250313e-16
17,101,untrained_qte,forecast,reconstruction,test_combined_shift,1,2,True,0.5295112409405835,0.053130090624637395,0.0027833475469257758,0.001,0.0002543524346705833,0.9868385395298443,1.018036745710906,0.5470130228928483,0.988820930910088,1.0455512523517414,0.5441290307023496,1.0271626370065257e-33,2.132632184746957e-05,0.03492071174730103,4.440892098500626e-16
17,101,untrained_qte,forecast,forecast,test_combined_shift,1,2,True,0.5295112409405835,0.13804916205422615,0.0533349325570676,0.0001,0.0002543524346705833,0.9868385395298443,1.018036745710906,0.5470130228928483,0.988820930910088,1.0455512523517414,0.5441290307023496,1.0271626370065257e-33,2.132632184746957e-05,0.03492071174730103,2.220446049250313e-16
17,101,qte_noent,forecast,reconstruction,test_id,0,2,True,0.4086611085653166,0.0026890160144729456,0.0027721715058190034,0.001,2.358105325268459e-05,0.9791877959034078,0.9905222390700708,0.5983473014859901,0.9816540495953616,0.9905222390700708,0.6144296834594389,1.6434602192104412e-32,0.0003472178249572428,0.047547078892629324,2.220446049250313e-16
17,101,qte_noent,forecast,forecast,test_id,0,2,True,0.4086611085653166,0.04971828172037412,0.05338385518282622,0.0001,2.358105325268459e-05,0.9791877959034078,0.9905222390700708,0.5983473014859901,0.9816540495953616,0.9905222390700708,0.6144296834594389,1.6434602192104412e-32,0.0003472178249572428,0.047547078892629324,2.7755575615628914e-16
17,101,qte_noent,forecast,reconstruction,test_id,1,2,True,0.3997446360082818,0.0025509239996278697,0.0027721715058190034,0.001,0.0010166800295253549,0.984264657566112,1.0455512523517414,0.47432061420604765,0.9877808216756528,1.100580265633412,0.480479956955581,6.419766481290787e-33,0.0010553478273334978,0.01551274135995702,2.220446049250313e-16
17,101,qte_noent,forecast,forecast,test_id,1,2,True,0.3997446360082818,0.04624440361476726,0.05338385518282622,0.0001,0.0010166800295253549,0.984264657566112,1.0455512523517414,0.47432061420604765,0.9877808216756528,1.100580265633412,0.480479956955581,6.419766481290787e-33,0.0010553478273334978,0.01551274135995702,1.1102230246251565e-16
17,101,qte_noent,forecast,reconstruction,test_mean_shift,0,2,True,0.37725604162198495,0.0043840900385010316,0.0027721715058190034,0.001,0.0005758204057600026,0.9696053643649218,0.8116779459046413,0.8183801644579971,0.9706160522285685,0.7704061859433884,0.8087715106453115,0.0,0.002326493815360748,0.1345273155170539,2.220446049250313e-16
17,101,qte_noent,forecast,forecast,test_mean_shift,0,2,True,0.37725604162198495,0.06127666904535535,0.05338385518282622,0.0001,0.0005758204057600026,0.9696053643649218,0.8116779459046413,0.8183801644579971,0.9706160522285685,0.7704061859433884,0.8087715106453115,0.0,0.002326493815360748,0.1345273155170539,1.1102230246251565e-16
17,101,qte_noent,forecast,reconstruction,test_mean_shift,1,2,True,0.3859598311278855,0.003137688495475244,0.0027721715058190034,0.001,0.0005996508221242217,0.9751933459731166,0.8667069591863118,0.7987701906564848,0.9723484722708171,0.9079787191475648,0.780061797920459,4.108650548026103e-33,0.00043360122825851646,0.085456090956008,4.440892098500626e-16
17,101,qte_noent,forecast,forecast,test_mean_shift,1,2,True,0.3859598311278855,0.056427051021459375,0.05338385518282622,0.0001,0.0005996508221242217,0.9751933459731166,0.8667069591863118,0.7987701906564848,0.9723484722708171,0.9079787191475648,0.780061797920459,4.108650548026103e-33,0.00043360122825851646,0.085456090956008,1.1102230246251565e-16
17,101,qte_noent,forecast,reconstruction,test_variance_shift,0,2,True,0.4753611081756122,0.00571074429322633,0.0027721715058190034,0.001,0.00027156868480089717,0.9721018946900803,1.0455512523517414,0.6481757777962729,0.9756974378174637,1.018036745710906,0.6615518831088438,1.0271626370065257e-33,0.0002906349924426199,0.045291605190096534,3.3306690738754696e-16
17,101,qte_noent,forecast,forecast,test_variance_shift,0,2,True,0.4753611081756122,0.07299226078506081,0.05338385518282622,0.0001,0.00027156868480089717,0.9721018946900803,1.0455512523517414,0.6481757777962729,0.9756974378174637,1.018036745710906,0.6615518831088438,1.0271626370065257e-33,0.0002906349924426199,0.045291605190096534,1.6653345369377348e-16
17,101,qte_noent,forecast,reconstruction,test_variance_shift,1,2,True,0.41062576984260407,0.005640910202533948,0.0027721715058190034,0.001,8.313271652729083e-05,0.9780866886085384,1.1143375189538296,0.6264464766716131,0.9838432321161557,1.100580265633412,0.6160544917785058,1.0271626370065257e-33,0.0003545055067682278,0.0398124092579943,6.661338147750939e-16
17,101,qte_noent,forecast,forecast,test_variance_shift,1,2,True,0.41062576984260407,0.08216967800333967,0.05338385518282622,0.0001,8.313271652729083e-05,0.9780866886085384,1.1143375189538296,0.6264464766716131,0.9838432321161557,1.100580265633412,0.6160544917785058,1.0271626370065257e-33,0.0003545055067682278,0.0398124092579943,3.885780586188048e-16
17,101,qte_noent,forecast,reconstruction,test_persistence_shift,0,2,True,0.3055129063725239,0.0026247193340779404,0.0027721715058190034,0.001,2.288132896888814e-05,0.9823138005264873,0.9905222390700708,0.34982987702498264,0.9869296798776571,0.9905222390700708,0.36359034863348627,9.244463733058732e-33,9.422259018553826e-05,0.02504743114508126,6.661338147750939e-16
17,101,qte_noent,forecast,forecast,test_persistence_shift,0,2,True,0.3055129063725239,0.06121268941663607,0.05338385518282622,0.0001,2.288132896888814e-05,0.9823138005264873,0.9905222390700708,0.34982987702498264,0.9869296798776571,0.9905222390700708,0.36359034863348627,9.244463733058732e-33,9.422259018553826e-05,0.02504743114508126,3.3306690738754696e-16
17,101,qte_noent,forecast,reconstruction,test_persistence_shift,1,2,True,0.35958822436644733,0.002131584224160076,0.0027721715058190034,0.001,0.00042976164666835864,0.9888710665654411,1.059308505672159,0.2065707936697266,0.9915327296703625,1.0455512523517414,0.14045155378907354,4.108650548026103e-33,0.0010613348761862034,0.006042690467513189,1.2212453270876722e-15
17,101,qte_noent,forecast,forecast,test_persistence_shift,1,2,True,0.35958822436644733,0.0671871886017299,0.05338385518282622,0.0001,0.00042976164666835864,0.9888710665654411,1.059308505672159,0.2065707936697266,0.9915327296703625,1.0455512523517414,0.14045155378907354,4.108650548026103e-33,0.0010613348761862034,0.006042690467513189,7.771561172376096e-16
17,101,qte_noent,forecast,reconstruction,test_noise_shift,0,2,True,0.44227577341376006,0.07313355432299232,0.0027721715058190034,0.001,0.0003204381493512683,0.9831339659214833,1.1556092789150825,0.2328609926795605,0.9852923903767268,1.1831237855559178,0.20460448360740224,2.5679065925163143e-34,0.0002741498992345984,0.0017260841598451114,4.440892098500626e-16
17,101,qte_noent,forecast,forecast,test_noise_shift,0,2,True,0.44227577341376006,0.11405216131847146,0.05338385518282622,0.0001,0.0003204381493512683,0.9831339659214833,1.1556092789150825,0.2328609926795605,0.9852923903767268,1.1831237855559178,0.20460448360740224,2.5679065925163143e-34,0.0002741498992345984,0.0017260841598451114,1.1102230246251565e-16
17,101,qte_noent,forecast,reconstruction,test_noise_shift,1,2,True,0.38503372743331754,0.07292891932724736,0.0027721715058190034,0.001,0.00105004072774282,0.9787760484044372,1.1280947722742471,0.30117976770697863,0.9785376141865876,1.0730657589925765,0.3232589913887962,0.0,6.402424618812175e-05,0.01681556000803625,8.881784197001252e-16
17,101,qte_noent,forecast,forecast,test_noise_shift,1,2,True,0.38503372743331754,0.12048718927566462,0.05338385518282622,0.0001,0.00105004072774282,0.9787760484044372,1.1280947722742471,0.30117976770697863,0.9785376141865876,1.0730657589925765,0.3232589913887962,0.0,6.402424618812175e-05,0.01681556000803625,4.440892098500626e-16
17,101,qte_noent,forecast,reconstruction,test_combined_shift,0,2,True,0.5353343237339406,0.06870847077279049,0.0027721715058190034,0.001,0.0009329987001844242,0.9894638031178637,1.0730657589925767,0.31977615586526437,0.98777513231504,1.100580265633412,0.2294634454467548,3.145685575832485e-33,0.00025820504422712615,0.003223768876951279,4.440892098500626e-16
17,101,qte_noent,forecast,forecast,test_combined_shift,0,2,True,0.5353343237339406,0.14309898622481354,0.05338385518282622,0.0001,0.0009329987001844242,0.9894638031178637,1.0730657589925767,0.31977615586526437,0.98777513231504,1.100580265633412,0.2294634454467548,3.145685575832485e-33,0.00025820504422712615,0.003223768876951279,2.220446049250313e-16
17,101,qte_noent,forecast,reconstruction,test_combined_shift,1,2,True,0.4025178228367205,0.053303073457527106,0.0027721715058190034,0.001,0.0002875885797068634,0.9868385395298443,1.018036745710906,0.5470130228928483,0.9887989743614247,0.9905222390700708,0.5268264571915562,1.6434602192104412e-32,0.002275294926346692,0.04659003373514786,4.440892098500626e-16
17,101,qte_noent,forecast,forecast,test_combined_shift,1,2,True,0.4025178228367205,0.1402763490976638,0.05338385518282622,0.0001,0.0002875885797068634,0.9868385395298443,1.018036745710906,0.5470130228928483,0.9887989743614247,0.9905222390700708,0.5268264571915562,1.6434602192104412e-32,0.002275294926346692,0.04659003373514786,2.220446049250313e-16
17,101,untrained_qte_noent,forecast,reconstruction,test_id,0,2,True,0.5866614810796427,0.002661470819946755,0.0027171791609421738,0.001,2.8493087236611747e-05,0.9791877959034078,0.9905222390700708,0.5983473014859901,0.9816540495953616,0.9905222390700708,0.616168283999506,4.108650548026103e-33,0.0003247692163472539,0.0479615336711832,4.440892098500626e-16
17,101,untrained_qte_noent,forecast,forecast,test_id,0,2,True,0.5866614810796427,0.04963683888702052,0.053157489768796556,0.0001,2.8493087236611747e-05,0.9791877959034078,0.9905222390700708,0.5983473014859901,0.9816540495953616,0.9905222390700708,0.616168283999506,4.108650548026103e-33,0.0003247692163472539,0.0479615336711832,2.220446049250313e-16
17,101,untrained_qte_noent,forecast,reconstruction,test_id,1,2,True,0.5796594937980756,0.00251011587051904,0.0027171791609421738,0.001,0.0010159987872504445,0.984264657566112,1.0455512523517414,0.47432061420604765,0.9860936710455828,1.100580265633412,0.48243449581449194,2.5679065925163147e-32,0.001063297712810795,0.015491016562727075,2.220446049250313e-16
17,101,untrained_qte_noent,forecast,forecast,test_id,1,2,True,0.5796594937980756,0.04624257978382532,0.053157489768796556,0.0001,0.0010159987872504445,0.984264657566112,1.0455512523517414,0.47432061420604765,0.9860936710455828,1.100580265633412,0.48243449581449194,2.5679065925163147e-32,0.001063297712810795,0.015491016562727075,1.1102230246251565e-16
17,101,untrained_qte_noent,forecast,reconstruction,test_mean_shift,0,2,True,0.5251195510443176,0.0039121976668890805,0.0027171791609421738,0.001,0.0005701875924730439,0.9696053643649218,0.8116779459046413,0.8183801644579971,0.9706160522285685,0.7704061859433884,0.8134069895517091,4.108650548026103e-33,0.0022903758413923064,0.13537085899108664,2.220446049250313e-16
17,101,untrained_qte_noent,forecast,forecast,test_mean_shift,0,2,True,0.5251195510443176,0.06058007001193657,0.053157489768796556,0.0001,0.0005701875924730439,0.9696053643649218,0.8116779459046413,0.8183801644579971,0.9706160522285685,0.7704061859433884,0.8134069895517091,4.108650548026103e-33,0.0022903758413923064,0.13537085899108664,2.220446049250313e-16
17,101,untrained_qte_noent,forecast,reconstruction,test_mean_shift,1,2,True,0.5425197216385248,0.002851382305267307,0.0027171791609421738,0.001,0.0005884867310607089,0.9751933459731166,0.8667069591863118,0.7987701906564848,0.9723484722708171,0.9079787191475648,0.7840720660821309,2.5679065925163147e-32,0.0004860848691811364,0.08591379789017545,2.220446049250313e-16
17,101,untrained_qte_noent,forecast,forecast,test_mean_shift,1,2,True,0.5425197216385248,0.056022707190371376,0.053157489768796556,0.0001,0.0005884867310607089,0.9751933459731166,0.8667069591863118,0.7987701906564848,0.9723484722708171,0.9079787191475648,0.7840720660821309,2.5679065925163147e-32,0.0004860848691811364,0.08591379789017545,2.220446049250313e-16
17,101,untrained_qte_noent,forecast,reconstruction,test_variance_shift,0,2,True,0.6589204373003419,0.006061722416019852,0.0027171791609421738,0.001,0.00027760896192162914,0.9721018946900803,1.0455512523517414,0.6481757777962729,0.9756974378174637,1.018036745710906,0.6640314871396537,0.0,0.0023552997581037173,0.04573901124355123,2.220446049250313e-16
17,101,untrained_qte_noent,forecast,forecast,test_variance_shift,0,2,True,0.6589204373003419,0.07261787008956312,0.053157489768796556,0.0001,0.00027760896192162914,0.9721018946900803,1.0455512523517414,0.6481757777962729,0.9756974378174637,1.018036745710906,0.6640314871396537,0.0,0.0023552997581037173,0.04573901124355123,2.220446049250313e-16
17,101,untrained_qte_noent,forecast,reconstruction,test_variance_shift,1,2,True,0.5783865226758105,0.005227071161583227,0.0027171791609421738,0.001,8.19808937296903e-05,0.9780866886085384,1.1143375189538296,0.6264464766716131,0.9838432321161557,1.100580265633412,0.6167422777635443,0.0,0.0003587532225217054,0.04019108190459339,6.661338147750939e-16
17,101,untrained_qte_noent,forecast,forecast,test_variance_shift,1,2,True,0.5783865226758105,0.08183162180668407,0.053157489768796556,0.0001,8.19808937296903e-05,0.9780866886085384,1.1143375189538296,0.6264464766716131,0.9838432321161557,1.100580265633412,0.6167422777635443,0.0,0.0003587532225217054,0.04019108190459339,3.3306690738754696e-16
17,101,untrained_qte_noent,forecast,reconstruction,test_persistence_shift,0,2,True,0.45758699891147797,0.002585943427457369,0.0027171791609421738,0.001,4.963682672088381e-05,0.9823138005264873,0.9905222390700708,0.34982987702498264,0.9869296798776571,0.9905222390700708,0.3724222773381938,1.0271626370065257e-33,0.00013926693877209425,0.025530569042224848,8.881784197001252e-16
17,101,untrained_qte_noent,forecast,forecast,test_persistence_shift,0,2,True,0.45758699891147797,0.06075124891346794,0.053157489768796556,0.0001,4.963682672088381e-05,0.9823138005264873,0.9905222390700708,0.34982987702498264,0.9869296798776571,0.9905222390700708,0.3724222773381938,1.0271626370065257e-33,0.00013926693877209425,0.025530569042224848,4.440892098500626e-16
17,101,untrained_qte_noent,forecast,reconstruction,test_persistence_shift,1,2,True,0.5192612228862552,0.0021549128386266587,0.0027171791609421738,0.001,0.0004494248308931155,0.9888710665654411,1.059308505672159,0.2065707936697266,0.9915327296703625,1.0455512523517414,0.13869066334359637,2.5679065925163143e-34,0.0010609109837223585,0.006001372102899229,1.3322676295501878e-15
17,101,untrained_qte_noent,forecast,forecast,test_persistence_shift,1,2,True,0.5192612228862552,0.067154890491568,0.053157489768796556,0.0001,0.0004494248308931155,0.9888710665654411,1.059308505672159,0.2065707936697266,0.9915327296703625,1.0455512523517414,0.13869066334359637,2.5679065925163143e-34,0.0010609109837223585,0.006001372102899229,7.216449660063518e-16
17,101,untrained_qte_noent,forecast,reconstruction,test_noise_shift,0,2,True,0.61176678267848,0.07332844378431191,0.0027171791609421738,0.001,0.0003201047412681583,0.9831339659214833,1.1556092789150825,0.2328609926795605,0.9864619078997363,1.1831237855559178,0.20513440253181353,4.108650548026103e-33,0.00028041677230127314,0.0016407325765656355,2.220446049250313e-16
17,101,untrained_qte_noent,forecast,forecast,test_noise_shift,0,2,True,0.61176678267848,0.11422899489466404,0.053157489768796556,0.0001,0.0003201047412681583,0.9831339659214833,1.1556092789150825,0.2328609926795605,0.9864619078997363,1.1831237855559178,0.20513440253181353,4.108650548026103e-33,0.00028041677230127314,0.0016407325765656355,2.220446049250313e-16
17,101,untrained_qte_noent,forecast,reconstruction,test_noise_shift,1,2,True,0.5402502067008287,0.07249617928285941,0.0027171791609421738,0.001,0.0010476175224403118,0.9787760484044372,1.1280947722742471,0.30117976770697863,0.9763802994370836,1.0730657589925765,0.32205277912862784,0.0,9.439318670298685e-05,0.016940687584492856,1.3322676295501878e-15
17,101,untrained_qte_noent,forecast,forecast,test_noise_shift,1,2,True,0.5402502067008287,0.12068606003913922,0.053157489768796556,0.0001,0.0010476175224403118,0.9787760484044372,1.1280947722742471,0.30117976770697863,0.9763802994370836,1.0730657589925765,0.32205277912862784,0.0,9.439318670298685e-05,0.016940687584492856,6.661338147750939e-16
17,101,untrained_qte_noent,forecast,reconstruction,test_combined_shift,0,2,True,0.6891598907965796,0.06897944079104039,0.0027171791609421738,0.001,0.0009568092302712632,0.9894638031178637,1.0730657589925767,0.31977615586526437,0.987265545303637,1.100580265633412,0.22793831447714355,5.7777898331617076e-34,0.0002551544582023796,0.0031962221920109786,4.440892098500626e-16
17,101,untrained_qte_noent,forecast,forecast,test_combined_shift,0,2,True,0.6891598907965796,0.14336991740467184,0.053157489768796556,0.0001,0.0009568092302712632,0.9894638031178637,1.0730657589925767,0.31977615586526437,0.987265545303637,1.100580265633412,0.22793831447714355,5.7777898331617076e-34,0.0002551544582023796,0.0031962221920109786,2.220446049250313e-16
17,101,untrained_qte_noent,forecast,reconstruction,test_combined_shift,1,2,True,0.5226827718752831,0.05268995421741353,0.0027171791609421738,0.001,0.00026186000573086423,0.9868385395298443,1.018036745710906,0.5470130228928483,0.9887989743614247,0.9905222390700708,0.5370754906488456,1.0271626370065257e-33,0.00025665521157481886,0.04729803770797408,4.440892098500626e-16
17,101,untrained_qte_noent,forecast,forecast,test_combined_shift,1,2,True,0.5226827718752831,0.14071236369245174,0.053157489768796556,0.0001,0.00026186000573086423,0.9868385395298443,1.018036745710906,0.5470130228928483,0.9887989743614247,0.9905222390700708,0.5370754906488456,1.0271626370065257e-33,0.00025665521157481886,0.04729803770797408,2.220446049250313e-16
17,101,pca,reconstruction,reconstruction,test_id,0,2,True,0.0008509732197909394,0.0008510077630861637,0.0008988268690822266,0.0001,0.0010246734032860628,0.9791877959034078,0.9905222390700708,0.5983473014859901,0.9771809171405889,1.0455512523517414,0.5854166642649944,9.244463733058732e-33,0.001024481127343129,0.03713854393604626,2.220446049250313e-16
17,101,pca,reconstruction,forecast,test_id,0,2,True,0.0008509732197909394,0.0502450386942296,0.05295857520504946,0.0001,0.0010246734032860628,0.9791877959034078,0.9905222390700708,0.5983473014859901,0.9771809171405889,1.0455512523517414,0.5854166642649944,9.244463733058732e-33,0.001024481127343129,0.03713854393604626,2.220446049250313e-16
17,101,pca,reconstruction,reconstruction,test_id,1,2,True,0.0008210594255127809,0.0008210864809214592,0.0008988268690822266,0.0001,0.0002860965592637694,0.984264657566112,1.0455512523517414,0.47432061420604765,0.9875971893980947,1.0730657589925765,0.4933085928969533,1.0271626370065257e-33,0.0002552873393047899,0.01987381259585709,2.220446049250313e-16
17,101,pca,reconstruction,forecast,test_id,1,2,True,0.0008210594255127809,0.047181164281275084,0.05295857520504946,0.0001,0.0002860965592637694,0.984264657566112,1.0455512523517414,0.47432061420604765,0.9875971893980947,1.0730657589925765,0.4933085928969533,1.0271626370065257e-33,0.0002552873393047899,0.01987381259585709,1.1102230246251565e-16
17,101,pca,reconstruction,reconstruction,test_mean_shift,0,2,True,0.001497998827024532,0.0014980844578817384,0.0008988268690822266,0.0001,0.0005892230311928475,0.9696053643649218,0.8116779459046413,0.8183801644579971,0.9718617005397959,0.8529497058658942,0.8029892749001825,0.0,0.0024942843355831973,0.08227153346295,2.220446049250313e-16
17,101,pca,reconstruction,forecast,test_mean_shift,0,2,True,0.001497998827024532,0.05988270703222508,0.05295857520504946,0.0001,0.0005892230311928475,0.9696053643649218,0.8116779459046413,0.8183801644579971,0.9718617005397959,0.8529497058658942,0.8029892749001825,0.0,0.0024942843355831973,0.08227153346295,1.1102230246251565e-16
17,101,pca,reconstruction,reconstruction,test_mean_shift,1,2,True,0.0009380529493780992,0.0009381257130336997,0.0008988268690822266,0.0001,0.0001594034596167206,0.9751933459731166,0.8667069591863118,0.7987701906564848,0.9685775690078035,0.8529497058658942,0.7674537505603785,0.0,0.0004306092848256217,0.09044823442664363,2.220446049250313e-16
17,101,pca,reconstruction,forecast,test_mean_shift,1,2,True,0.0009380529493780992,0.05477892008063689,0.05295857520504946,0.0001,0.0001594034596167206,0.9751933459731166,0.8667069591863118,0.7987701906564848,0.9685775690078035,0.8529497058658942,0.7674537505603785,0.0,0.0004306092848256217,0.09044823442664363,1.1102230246251565e-16
17,101,pca,reconstruction,reconstruction,test_variance_shift,0,2,True,0.0018654115261632633,0.0018654712568090715,0.0008988268690822266,0.0001,0.0003411404730609343,0.9721018946900803,1.0455512523517414,0.6481757777962729,0.9883902822103161,1.018036745710906,0.6461149279862578,0.0,0.0010612853024525597,0.050226258434808206,2.220446049250313e-16
17,101,pca,reconstruction,forecast,test_variance_shift,0,2,True,0.0018654115261632633,0.07720088535696497,0.05295857520504946,0.0001,0.0003411404730609343,0.9721018946900803,1.0455512523517414,0.6481757777962729,0.9883902822103161,1.018036745710906,0.6461149279862578,0.0,0.0010612853024525597,0.050226258434808206,1.1102230246251565e-16
17,101,pca,reconstruction,reconstruction,test_variance_shift,1,2,True,0.001572253688803647,0.0015723137784447003,0.0008988268690822266,0.0001,6.723525244359115e-05,0.9780866886085384,1.1143375189538296,0.6264464766716131,0.9811468392321813,1.100580265633412,0.6229369373461449,4.108650548026103e-33,0.00014551793651314252,0.03757649811192427,3.3306690738754696e-16
17,101,pca,reconstruction,forecast,test_variance_shift,1,2,True,0.001572253688803647,0.07790041149708694,0.05295857520504946,0.0001,6.723525244359115e-05,0.9780866886085384,1.1143375189538296,0.6264464766716131,0.9811468392321813,1.100580265633412,0.6229369373461449,4.108650548026103e-33,0.00014551793651314252,0.03757649811192427,2.220446049250313e-16
17,101,pca,reconstruction,reconstruction,test_persistence_shift,0,2,True,0.0007758159206318826,0.0007758470971748807,0.0008988268690822266,0.0001,0.0002560725920521571,0.9823138005264873,0.9905222390700708,0.34982987702498264,0.9796469561884373,0.9630077324292354,0.3538585948083529,1.0271626370065257e-33,0.0010177901105890882,0.021017451470305898,4.440892098500626e-16
17,101,pca,reconstruction,forecast,test_persistence_shift,0,2,True,0.0007758159206318826,0.06161835432858096,0.05295857520504946,0.0001,0.0002560725920521571,0.9823138005264873,0.9905222390700708,0.34982987702498264,0.9796469561884373,0.9630077324292354,0.3538585948083529,1.0271626370065257e-33,0.0010177901105890882,0.021017451470305898,3.3306690738754696e-16
17,101,pca,reconstruction,reconstruction,test_persistence_shift,1,2,True,0.0007080202586874638,0.0007080475762785608,0.0008988268690822266,0.0001,0.0005755033501906253,0.9888710665654411,1.059308505672159,0.2065707936697266,0.9848355012795094,1.018036745710906,0.201330147489881,5.200010849845537e-33,0.0023743581587714457,0.009641855746401909,8.881784197001252e-16
17,101,pca,reconstruction,forecast,test_persistence_shift,1,2,True,0.0007080202586874638,0.0664343965953587,0.05295857520504946,0.0001,0.0005755033501906253,0.9888710665654411,1.059308505672159,0.2065707936697266,0.9848355012795094,1.018036745710906,0.201330147489881,5.200010849845537e-33,0.0023743581587714457,0.009641855746401909,5.551115123125783e-16
17,101,pca,reconstruction,reconstruction,test_noise_shift,0,2,True,0.02511608585380568,0.025116122549848553,0.0008988268690822266,0.0001,0.0013646598234234497,0.9831339659214833,1.1556092789150825,0.2328609926795605,0.9844974829638837,1.1280947722742471,0.34836116091938363,6.419766481290787e-33,0.0022923518058021084,0.00602474881769328,1.1102230246251565e-16
17,101,pca,reconstruction,forecast,test_noise_shift,0,2,True,0.02511608585380568,0.09955081778949655,0.05295857520504946,0.0001,0.0013646598234234497,0.9831339659214833,1.1556092789150825,0.2328609926795605,0.9844974829638837,1.1280947722742471,0.34836116091938363,6.419766481290787e-33,0.0022923518058021084,0.00602474881769328,1.1102230246251565e-16
17,101,pca,reconstruction,reconstruction,test_noise_shift,1,2,True,0.026237039434667472,0.02623708032951073,0.0008988268690822266,0.0001,0.0007104438791577539,0.9787760484044372,1.1280947722742471,0.30117976770697863,0.9821255180438145,1.1556092789150825,0.3750191776428545,9.244463733058732e-33,0.0002743450039082493,0.02005307045047333,4.440892098500626e-16
17,101,pca,reconstruction,forecast,test_noise_shift,1,2,True,0.026237039434667472,0.10732612935342202,0.05295857520504946,0.0001,0.0007104438791577539,0.9787760484044372,1.1280947722742471,0.30117976770697863,0.9821255180438145,1.1556092789150825,0.3750191776428545,9.244463733058732e-33,0.0002743450039082493,0.02005307045047333,3.3306690738754696e-16
17,101,pca,reconstruction,reconstruction,test_combined_shift,0,2,True,0.022878184231368157,0.022878275361343625,0.0008988268690822266,0.0001,0.002528375137793568,0.9894638031178637,1.0730657589925767,0.31977615586526437,0.9887300469539528,1.018036745710906,0.4547782997374021,2.0800043399382147e-32,0.0010600914087501169,0.024888534420100705,2.220446049250313e-16
17,101,pca,reconstruction,forecast,test_combined_shift,0,2,True,0.022878184231368157,0.12715016243467298,0.05295857520504946,0.0001,0.002528375137793568,0.9894638031178637,1.0730657589925767,0.31977615586526437,0.9887300469539528,1.018036745710906,0.4547782997374021,2.0800043399382147e-32,0.0010600914087501169,0.024888534420100705,2.220446049250313e-16
17,101,pca,reconstruction,reconstruction,test_combined_shift,1,2,True,0.020557781828051867,0.020557879956542475,0.0008988268690822266,0.0001,0.00013222719268335493,0.9868385395298443,1.018036745710906,0.5470130228928483,0.9872282872713976,1.018036745710906,0.58683912864011,4.108650548026103e-33,0.0002541347227536671,0.046100287007817674,3.3306690738754696e-16
17,101,pca,reconstruction,forecast,test_combined_shift,1,2,True,0.020557781828051867,0.13503539960343092,0.05295857520504946,0.0001,0.00013222719268335493,0.9868385395298443,1.018036745710906,0.5470130228928483,0.9872282872713976,1.018036745710906,0.58683912864011,4.108650548026103e-33,0.0002541347227536671,0.046100287007817674,2.220446049250313e-16
17,101,reduced_rank,forecast,reconstruction,test_id,0,2,True,0.05027790190243665,0.0009562114200492763,0.0010129719839551401,0.0001,0.0022932697220261664,0.9791877959034078,0.9905222390700708,0.5983473014859901,0.9759115307702548,1.0730657589925767,0.5834285117685036,0.0,0.0010094331401827798,0.037018038283343276,3.3306690738754696e-16
17,101,reduced_rank,forecast,forecast,test_id,0,2,True,0.05027790190243665,0.050267082982812,0.05304790835277894,0.0001,0.0022932697220261664,0.9791877959034078,0.9905222390700708,0.5983473014859901,0.9759115307702548,1.0730657589925767,0.5834285117685036,0.0,0.0010094331401827798,0.037018038283343276,2.220446049250313e-16
17,101,reduced_rank,forecast,reconstruction,test_id,1,2,True,0.04701607877779486,0.0009361088610697038,0.0010129719839551401,0.0001,0.001072018696400808,0.984264657566112,1.0455512523517414,0.47432061420604765,0.9898253884949706,1.100580265633412,0.49937591767537126,2.5679065925163143e-34,0.00028003616709240713,0.016950385993355615,2.220446049250313e-16
17,101,reduced_rank,forecast,forecast,test_id,1,2,True,0.04701607877779486,0.04705293577182527,0.05304790835277894,0.0001,0.001072018696400808,0.984264657566112,1.0455512523517414,0.47432061420604765,0.9898253884949706,1.100580265633412,0.49937591767537126,2.5679065925163143e-34,0.00028003616709240713,0.016950385993355615,1.1102230246251565e-16
17,101,reduced_rank,forecast,reconstruction,test_mean_shift,0,2,True,0.060019237026840075,0.0016719941883075644,0.0010129719839551401,0.0001,0.0019185333219356858,0.9696053643649218,0.8116779459046413,0.8183801644579971,0.9734320030401336,0.8804642125067296,0.7548378532251544,2.5679065925163147e-32,0.010322923955635801,0.06554070998917054,2.220446049250313e-16
17,101,reduced_rank,forecast,forecast,test_mean_shift,0,2,True,0.060019237026840075,0.05959877654693895,0.05304790835277894,0.0001,0.0019185333219356858,0.9696053643649218,0.8116779459046413,0.8183801644579971,0.9734320030401336,0.8804642125067296,0.7548378532251544,2.5679065925163147e-32,0.010322923955635801,0.06554070998917054,1.1102230246251565e-16
17,101,reduced_rank,forecast,reconstruction,test_mean_shift,1,2,True,0.05497238525287514,0.0010648570790958091,0.0010129719839551401,0.0001,0.0003412548796787089,0.9751933459731166,0.8667069591863118,0.7987701906564848,0.9686466780492449,0.8529497058658941,0.7424978614276877,1.6434602192104412e-32,0.000976767512314398,0.10069055183287368,1.1102230246251565e-16
17,101,reduced_rank,forecast,forecast,test_mean_shift,1,2,True,0.05497238525287514,0.05464533135541958,0.05304790835277894,0.0001,0.0003412548796787089,0.9751933459731166,0.8667069591863118,0.7987701906564848,0.9686466780492449,0.8529497058658941,0.7424978614276877,1.6434602192104412e-32,0.000976767512314398,0.10069055183287368,1.1102230246251565e-16
17,101,reduced_rank,forecast,reconstruction,test_variance_shift,0,2,True,0.07793226634646168,0.0021082051890630804,0.0010129719839551401,0.0001,0.002315528080063125,0.9721018946900803,1.0455512523517414,0.6481757777962729,0.9820867642052198,0.9630077324292354,0.636607901628562,4.108650548026103e-33,0.004060519597801195,0.04862686255843102,2.220446049250313e-16
17,101,reduced_rank,forecast,forecast,test_variance_shift,0,2,True,0.07793226634646168,0.07784844793145929,0.05304790835277894,0.0001,0.002315528080063125,0.9721018946900803,1.0455512523517414,0.6481757777962729,0.9820867642052198,0.9630077324292354,0.636607901628562,4.108650548026103e-33,0.004060519597801195,0.04862686255843102,1.1102230246251565e-16
17,101,reduced_rank,forecast,reconstruction,test_variance_shift,1,2,True,0.07843081504135258,0.0018115619772365262,0.0010129719839551401,0.0001,0.0005748923569025732,0.9780866886085384,1.1143375189538296,0.6264464766716131,0.9741182782535291,1.0730657589925767,0.6217260446309207,1.0271626370065257e-33,5.050946905597981e-05,0.04030490020990821,3.3306690738754696e-16
17,101,reduced_rank,forecast,forecast,test_variance_shift,1,2,True,0.07843081504135258,0.07836916837306769,0.05304790835277894,0.0001,0.0005748923569025732,0.9780866886085384,1.1143375189538296,0.6264464766716131,0.9741182782535291,1.0730657589925767,0.6217260446309207,1.0271626370065257e-33,5.050946905597981e-05,0.04030490020990821,2.220446049250313e-16
17,101,reduced_rank,forecast,reconstruction,test_persistence_shift,0,2,True,0.06121198604187635,0.0008805111685952682,0.0010129719839551401,0.0001,0.0002633662486021421,0.9823138005264873,0.9905222390700708,0.34982987702498264,0.9801963084773528,0.9630077324292354,0.36051947898945397,0.0,1.826147213950037e-05,0.021234308533418737,5.551115123125783e-16
17,101,reduced_rank,forecast,forecast,test_persistence_shift,0,2,True,0.06121198604187635,0.06132251568119549,0.05304790835277894,0.0001,0.0002633662486021421,0.9823138005264873,0.9905222390700708,0.34982987702498264,0.9801963084773528,0.9630077324292354,0.36051947898945397,0.0,1.826147213950037e-05,0.021234308533418737,2.7755575615628914e-16
17,101,reduced_rank,forecast,reconstruction,test_persistence_shift,1,2,True,0.06644964055205532,0.0008050345563584811,0.0010129719839551401,0.0001,0.003126264124938049,0.9888710665654411,1.059308505672159,0.2065707936697266,0.9876554527789925,0.9630077324292354,0.22691539794224752,1.0271626370065257e-33,0.0002909965125789565,0.013063251871267221,8.881784197001252e-16
17,101,reduced_rank,forecast,forecast,test_persistence_shift,1,2,True,0.06644964055205532,0.0666311090853947,0.05304790835277894,0.0001,0.003126264124938049,0.9888710665654411,1.059308505672159,0.2065707936697266,0.9876554527789925,0.9630077324292354,0.22691539794224752,1.0271626370065257e-33,0.0002909965125789565,0.013063251871267221,5.551115123125783e-16
17,101,reduced_rank,forecast,reconstruction,test_noise_shift,0,2,True,0.09875354035241428,0.02824640773328952,0.0010129719839551401,0.0001,0.002050091872783294,0.9831339659214833,1.1556092789150825,0.2328609926795605,0.9851084689327688,1.100580265633412,0.34454240838430605,4.108650548026103e-33,0.0010458377769856093,0.003932798182818115,2.220446049250313e-16
17,101,reduced_rank,forecast,forecast,test_noise_shift,0,2,True,0.09875354035241428,0.0989139107970761,0.05304790835277894,0.0001,0.002050091872783294,0.9831339659214833,1.1556092789150825,0.2328609926795605,0.9851084689327688,1.100580265633412,0.34454240838430605,4.108650548026103e-33,0.0010458377769856093,0.003932798182818115,1.1102230246251565e-16
17,101,reduced_rank,forecast,reconstruction,test_noise_shift,1,2,True,0.10738928267469242,0.02954580681257011,0.0010129719839551401,0.0001,0.0007317434130564576,0.9787760484044372,1.1280947722742471,0.30117976770697863,0.9825284321425265,1.1556092789150827,0.3766543138735615,1.0271626370065257e-33,0.001046247187782473,0.022033022361691527,5.551115123125783e-16
17,101,reduced_rank,forecast,forecast,test_noise_shift,1,2,True,0.10738928267469242,0.10755552211733856,0.05304790835277894,0.0001,0.0007317434130564576,0.9787760484044372,1.1280947722742471,0.30117976770697863,0.9825284321425265,1.1556092789150827,0.3766543138735615,1.0271626370065257e-33,0.001046247187782473,0.022033022361691527,3.3306690738754696e-16
17,101,reduced_rank,forecast,reconstruction,test_combined_shift,0,2,True,0.12846212880391378,0.025554229360957744,0.0010129719839551401,0.0001,0.0017986557071798612,0.9894638031178637,1.0730657589925767,0.31977615586526437,0.9915096170430311,1.0455512523517414,0.4559339127685654,2.311115933264683e-33,0.0002623122928260986,0.020858704416604198,2.220446049250313e-16
17,101,reduced_rank,forecast,forecast,test_combined_shift,0,2,True,0.12846212880391378,0.12827307274495475,0.05304790835277894,0.0001,0.0017986557071798612,0.9894638031178637,1.0730657589925767,0.31977615586526437,0.9915096170430311,1.0455512523517414,0.4559339127685654,2.311115933264683e-33,0.0002623122928260986,0.020858704416604198,2.220446049250313e-16
17,101,reduced_rank,forecast,reconstruction,test_combined_shift,1,2,True,0.13587981249265854,0.023448178372149176,0.0010129719839551401,0.0001,0.0024295106801873454,0.9868385395298443,1.018036745710906,0.5470130228928483,0.9752012225677889,0.9354932257884001,0.583873419705121,4.108650548026103e-33,0.0010275252838567721,0.05316082608445342,3.3306690738754696e-16
17,101,reduced_rank,forecast,forecast,test_combined_shift,1,2,True,0.13587981249265854,0.13566969480072047,0.05304790835277894,0.0001,0.0024295106801873454,0.9868385395298443,1.018036745710906,0.5470130228928483,0.9752012225677889,0.9354932257884001,0.583873419705121,4.108650548026103e-33,0.0010275252838567721,0.05316082608445342,2.220446049250313e-16
17,101,random_linear,reconstruction,reconstruction,test_id,0,2,True,0.033207902025140776,0.0015976643400691425,0.0015551203749782237,0.0001,6.603057021699341e-06,0.9791877959034078,0.9905222390700708,0.5983473014859901,0.9749377139526714,0.9905222390700708,0.6009900080358157,4.108650548026103e-33,0.002290704575228604,0.043990957092761074,3.3306690738754696e-16
17,101,random_linear,reconstruction,forecast,test_id,0,2,True,0.033207902025140776,0.050632462715556215,0.05299948650105063,0.0001,6.603057021699341e-06,0.9791877959034078,0.9905222390700708,0.5983473014859901,0.9749377139526714,0.9905222390700708,0.6009900080358157,4.108650548026103e-33,0.002290704575228604,0.043990957092761074,1.1102230246251565e-16
17,101,random_linear,reconstruction,reconstruction,test_id,1,2,True,0.028049484765040437,0.0015276827328086155,0.0015551203749782237,0.0001,0.0010651685511847348,0.984264657566112,1.0455512523517414,0.47432061420604765,0.988481826996419,1.100580265633412,0.4987770107350545,2.5679065925163143e-34,0.0002779177541202028,0.01669026715103313,2.220446049250313e-16
17,101,random_linear,reconstruction,forecast,test_id,1,2,True,0.028049484765040437,0.04632128595485518,0.05299948650105063,0.0001,0.0010651685511847348,0.984264657566112,1.0455512523517414,0.47432061420604765,0.988481826996419,1.100580265633412,0.4987770107350545,2.5679065925163143e-34,0.0002779177541202028,0.01669026715103313,1.1102230246251565e-16
17,101,random_linear,reconstruction,reconstruction,test_mean_shift,0,2,True,0.08552516120275933,0.0024819452006424555,0.0015551203749782237,0.0001,8.322988400623605e-05,0.9696053643649218,0.8116779459046413,0.8183801644579971,0.9763096335174105,0.7979206925842236,0.8262491944433394,1.0271626370065257e-33,0.010057578315434605,0.11366503489431695,4.440892098500626e-16
17,101,random_linear,reconstruction,forecast,test_mean_shift,0,2,True,0.08552516120275933,0.05864373894614433,0.05299948650105063,0.0001,8.322988400623605e-05,0.9696053643649218,0.8116779459046413,0.8183801644579971,0.9763096335174105,0.7979206925842236,0.8262491944433394,1.0271626370065257e-33,0.010057578315434605,0.11366503489431695,1.1102230246251565e-16
17,101,random_linear,reconstruction,reconstruction,test_mean_shift,1,2,True,0.07182802356291891,0.0015405723765374998,0.0015551203749782237,0.0001,9.779819080946931e-05,0.9751933459731166,0.8667069591863118,0.7987701906564848,0.9799657572592071,0.8529497058658941,0.8168097742462089,1.0271626370065257e-33,0.0005434547291020576,0.08813273110978208,2.220446049250313e-16
17,101,random_linear,reconstruction,forecast,test_mean_shift,1,2,True,0.07182802356291891,0.05463470639190688,0.05299948650105063,0.0001,9.779819080946931e-05,0.9751933459731166,0.8667069591863118,0.7987701906564848,0.9799657572592071,0.8529497058658941,0.8168097742462089,1.0271626370065257e-33,0.0005434547291020576,0.08813273110978208,1.1102230246251565e-16
17,101,random_linear,reconstruction,reconstruction,test_variance_shift,0,2,True,0.05758231084385671,0.0029198109578055403,0.0015551203749782237,0.0001,0.00025269545027020886,0.9721018946900803,1.0455512523517414,0.6481757777962729,0.9719588228569473,1.0730657589925767,0.6501935048071635,1.0271626370065257e-33,3.592482328987675e-05,0.03420894129376064,2.220446049250313e-16
17,101,random_linear,reconstruction,forecast,test_variance_shift,0,2,True,0.05758231084385671,0.07649765163706497,0.05299948650105063,0.0001,0.00025269545027020886,0.9721018946900803,1.0455512523517414,0.6481757777962729,0.9719588228569473,1.0730657589925767,0.6501935048071635,1.0271626370065257e-33,3.592482328987675e-05,0.03420894129376064,1.1102230246251565e-16
17,101,random_linear,reconstruction,reconstruction,test_variance_shift,1,2,True,0.05144911743305536,0.002466112559827808,0.0015551203749782237,0.0001,6.542354870895228e-05,0.9780866886085384,1.1143375189538296,0.6264464766716131,0.9806199786028305,1.1280947722742471,0.6249088564200074,4.108650548026103e-33,0.0010125124713647893,0.03556812905234125,4.440892098500626e-16
17,101,random_linear,reconstruction,forecast,test_variance_shift,1,2,True,0.05144911743305536,0.07700817970937233,0.05299948650105063,0.0001,6.542354870895228e-05,0.9780866886085384,1.1143375189538296,0.6264464766716131,0.9806199786028305,1.1280947722742471,0.6249088564200074,4.108650548026103e-33,0.0010125124713647893,0.03556812905234125,2.220446049250313e-16
17,101,random_linear,reconstruction,reconstruction,test_persistence_shift,0,2,True,0.02979733165041834,0.0014729824960154447,0.0015551203749782237,0.0001,0.00031181564753407514,0.9823138005264873,0.9905222390700708,0.34982987702498264,0.9710902096351537,0.9630077324292354,0.3353481817626693,2.5679065925163143e-34,0.0010663808052760167,0.025570371902822787,4.440892098500626e-16
17,101,random_linear,reconstruction,forecast,test_persistence_shift,0,2,True,0.02979733165041834,0.061384933268162516,0.05299948650105063,0.0001,0.00031181564753407514,0.9823138005264873,0.9905222390700708,0.34982987702498264,0.9710902096351537,0.9630077324292354,0.3353481817626693,2.5679065925163143e-34,0.0010663808052760167,0.025570371902822787,2.7755575615628914e-16
17,101,random_linear,reconstruction,reconstruction,test_persistence_shift,1,2,True,0.02741131710208125,0.001290294117029123,0.0015551203749782237,0.0001,0.00015159119427787134,0.9888710665654411,1.059308505672159,0.2065707936697266,0.9853078110835233,1.0455512523517414,0.23837109393762074,2.311115933264683e-33,0.0002927200971688427,0.013442727984074884,7.771561172376096e-16
17,101,random_linear,reconstruction,forecast,test_persistence_shift,1,2,True,0.02741131710208125,0.06703544564795884,0.05299948650105063,0.0001,0.00015159119427787134,0.9888710665654411,1.059308505672159,0.2065707936697266,0.9853078110835233,1.0455512523517414,0.23837109393762074,2.311115933264683e-33,0.0002927200971688427,0.013442727984074884,4.440892098500626e-16
17,101,random_linear,reconstruction,reconstruction,test_noise_shift,0,2,True,0.05047325115809111,0.04363225071022309,0.0015551203749782237,0.0001,0.00045941990885548824,0.9831339659214833,1.1556092789150825,0.2328609926795605,0.9901771266929887,1.1831237855559178,0.28067753949024604,4.108650548026103e-33,0.004038046199914354,0.007866402623261276,2.220446049250313e-16
17,101,random_linear,reconstruction,forecast,test_noise_shift,0,2,True,0.05047325115809111,0.10731616247378485,0.05299948650105063,0.0001,0.00045941990885548824,0.9831339659214833,1.1556092789150825,0.2328609926795605,0.9901771266929887,1.1831237855559178,0.28067753949024604,4.108650548026103e-33,0.004038046199914354,0.007866402623261276,1.1102230246251565e-16
17,101,random_linear,reconstruction,reconstruction,test_noise_shift,1,2,True,0.05538095388626784,0.04853038108519896,0.0015551203749782237,0.0001,0.0010265381172770212,0.9787760484044372,1.1280947722742471,0.30117976770697863,0.982425334777313,1.1280947722742471,0.4119280780471334,0.0,1.3456996328871137e-05,0.018127859659217826,6.661338147750939e-16
17,101,random_linear,reconstruction,forecast,test_noise_shift,1,2,True,0.05538095388626784,0.10540906971556206,0.05299948650105063,0.0001,0.0010265381172770212,0.9787760484044372,1.1280947722742471,0.30117976770697863,0.982425334777313,1.1280947722742471,0.4119280780471334,0.0,1.3456996328871137e-05,0.018127859659217826,4.440892098500626e-16
17,101,random_linear,reconstruction,reconstruction,test_combined_shift,0,2,True,0.09328976726886488,0.04217972351198248,0.0015551203749782237,0.0001,7.623316772172532e-05,0.9894638031178637,1.0730657589925767,0.31977615586526437,0.9951795304429796,1.0730657589925767,0.3477782960913328,1.0271626370065257e-33,0.0010316683459550484,0.011744558114973087,2.220446049250313e-16
17,101,random_linear,reconstruction,forecast,test_combined_shift,0,2,True,0.09328976726886488,0.1350496689455261,0.05299948650105063,0.0001,7.623316772172532e-05,0.9894638031178637,1.0730657589925767,0.31977615586526437,0.9951795304429796,1.0730657589925767,0.3477782960913328,1.0271626370065257e-33,0.0010316683459550484,0.011744558114973087,2.220446049250313e-16
17,101,random_linear,reconstruction,reconstruction,test_combined_shift,1,2,True,0.10841770978857515,0.03741171457561787,0.0015551203749782237,0.0001,0.00010838752701726051,0.9868385395298443,1.018036745710906,0.5470130228928483,0.9913979202261194,1.018036745710906,0.5819056942562286,0.0,0.0002593190211513953,0.044555478874031364,4.440892098500626e-16
17,101,random_linear,reconstruction,forecast,test_combined_shift,1,2,True,0.10841770978857515,0.13974486582448606,0.05299948650105063,0.0001,0.00010838752701726051,0.9868385395298443,1.018036745710906,0.5470130228928483,0.9913979202261194,1.018036745710906,0.5819056942562286,0.0,0.0002593190211513953,0.044555478874031364,2.220446049250313e-16
17,101,persistence,forecast,reconstruction,test_id,0,4,False,0.06337957064858608,3.450306305588912e-06,3.553634029577316e-06,0.0001,0.0,0.9791877959034078,0.9905222390700708,0.5983473014859901,0.9791877959034078,0.9905222390700708,0.5983473014859901,0.0,0.001357842444956059,0.04544015455440578,4.440892098500626e-16
17,101,persistence,forecast,forecast,test_id,0,4,False,0.06337957064858608,0.050292482136113,0.05305531420709509,0.001,0.0,0.9791877959034078,0.9905222390700708,0.5983473014859901,0.9791877959034078,0.9905222390700708,0.5983473014859901,0.0,0.001357842444956059,0.04544015455440578,2.220446049250313e-16
17,101,persistence,forecast,reconstruction,test_id,1,4,False,0.0616109785120222,3.3055423819431655e-06,3.553634029577316e-06,0.0001,0.0,0.984264657566112,1.0455512523517414,0.47432061420604765,0.984264657566112,1.0455512523517414,0.47432061420604765,0.0,0.00030094029222222236,0.019477124429638306,4.440892098500626e-16
17,101,persistence,forecast,forecast,test_id,1,4,False,0.0616109785120222,0.04703614769152312,0.05305531420709509,0.001,0.0,0.984264657566112,1.0455512523517414,0.47432061420604765,0.984264657566112,1.0455512523517414,0.47432061420604765,0.0,0.00030094029222222236,0.019477124429638306,2.7755575615628914e-16
17,101,persistence,forecast,reconstruction,test_mean_shift,0,4,False,0.046414105569391566,6.024752228883577e-06,3.553634029577316e-06,0.0001,0.0,0.9696053643649218,0.8116779459046413,0.8183801644579971,0.9696053643649218,0.8116779459046413,0.8183801644579971,4.108650548026103e-33,0.0004340593226815177,0.07866889167860343,3.3306690738754696e-16
17,101,persistence,forecast,forecast,test_mean_shift,0,4,False,0.046414105569391566,0.060029342129804264,0.05305531420709509,0.001,0.0,0.9696053643649218,0.8116779459046413,0.8183801644579971,0.9696053643649218,0.8116779459046413,0.8183801644579971,4.108650548026103e-33,0.0004340593226815177,0.07866889167860343,1.1102230246251565e-16
17,101,persistence,forecast,reconstruction,test_mean_shift,1,4,False,0.0471309337924103,3.744609390411524e-06,3.553634029577316e-06,0.0001,0.0,0.9751933459731166,0.8667069591863118,0.7987701906564848,0.9751933459731166,0.8667069591863118,0.7987701906564848,0.0,0.0016406301664595635,0.06661167151323544,5.551115123125783e-16
17,101,persistence,forecast,forecast,test_mean_shift,1,4,False,0.0471309337924103,0.05497641567956685,0.05305531420709509,0.001,0.0,0.9751933459731166,0.8667069591863118,0.7987701906564848,0.9751933459731166,0.8667069591863118,0.7987701906564848,0.0,0.0016406301664595635,0.06661167151323544,2.7755575615628914e-16
17,101,persistence,forecast,reconstruction,test_variance_shift,0,4,False,0.09166479739999428,7.131912298809973e-06,3.553634029577316e-06,0.0001,0.0,0.9721018946900803,1.0455512523517414,0.6481757777962729,0.9721018946900803,1.0455512523517414,0.6481757777962729,1.6434602192104412e-32,6.762759826959663e-05,0.0471384019581978,6.661338147750939e-16
17,101,persistence,forecast,forecast,test_variance_shift,0,4,False,0.09166479739999428,0.07783542578140643,0.05305531420709509,0.001,0.0,0.9721018946900803,1.0455512523517414,0.6481757777962729,0.9721018946900803,1.0455512523517414,0.6481757777962729,1.6434602192104412e-32,6.762759826959663e-05,0.0471384019581978,2.7755575615628914e-16
17,101,persistence,forecast,reconstruction,test_variance_shift,1,4,False,0.09355708816035854,6.130905566770292e-06,3.553634029577316e-06,0.0001,0.0,0.9780866886085384,1.1143375189538296,0.6264464766716131,0.9780866886085384,1.1143375189538296,0.6264464766716131,1.0271626370065257e-33,0.0006618027116849809,0.03189015424983808,6.661338147750939e-16
17,101,persistence,forecast,forecast,test_variance_shift,1,4,False,0.09355708816035854,0.07840619165480826,0.05305531420709509,0.001,0.0,0.9780866886085384,1.1143375189538296,0.6264464766716131,0.9780866886085384,1.1143375189538296,0.6264464766716131,1.0271626370065257e-33,0.0006618027116849809,0.03189015424983808,3.3306690738754696e-16
17,101,persistence,forecast,reconstruction,test_persistence_shift,0,4,False,0.08521843259173006,3.1276302449520802e-06,3.553634029577316e-06,0.0001,0.0,0.9823138005264873,0.9905222390700708,0.34982987702498264,0.9823138005264873,0.9905222390700708,0.34982987702498264,2.5679065925163143e-34,0.0014817693628663344,0.02850601418473285,2.7755575615628914e-16
17,101,persistence,forecast,forecast,test_persistence_shift,0,4,False,0.08521843259173006,0.06120984724511136,0.05305531420709509,0.001,0.0,0.9823138005264873,0.9905222390700708,0.34982987702498264,0.9823138005264873,0.9905222390700708,0.34982987702498264,2.5679065925163143e-34,0.0014817693628663344,0.02850601418473285,1.1102230246251565e-16
17,101,persistence,forecast,reconstruction,test_persistence_shift,1,4,False,0.09350028235449866,2.8323061747754444e-06,3.553634029577316e-06,0.0001,0.0,0.9888710665654411,1.059308505672159,0.2065707936697266,0.9888710665654411,1.059308505672159,0.2065707936697266,0.0,0.0006298627797137929,0.010084072250370169,3.3306690738754696e-16
17,101,persistence,forecast,forecast,test_persistence_shift,1,4,False,0.09350028235449866,0.0664514711373705,0.05305531420709509,0.001,0.0,0.9888710665654411,1.059308505672159,0.2065707936697266,0.9888710665654411,1.059308505672159,0.2065707936697266,0.0,0.0006298627797137929,0.010084072250370169,2.220446049250313e-16
17,101,persistence,forecast,reconstruction,test_noise_shift,0,4,False,0.15388899577919746,9.839915581411702e-05,3.553634029577316e-06,0.0001,0.0,0.9831339659214833,1.1556092789150825,0.2328609926795605,0.9831339659214833,1.1556092789150825,0.2328609926795605,5.7777898331617076e-34,0.000607499311323962,0.0061034042629645145,4.440892098500626e-16
17,101,persistence,forecast,forecast,test_noise_shift,0,4,False,0.15388899577919746,0.09916176597578713,0.05305531420709509,0.001,0.0,0.9831339659214833,1.1556092789150825,0.2328609926795605,0.9831339659214833,1.1556092789150825,0.2328609926795605,5.7777898331617076e-34,0.000607499311323962,0.0061034042629645145,1.6653345369377348e-16
17,101,persistence,forecast,reconstruction,test_noise_shift,1,4,False,0.16333020133238701,0.0001049350100657637,3.553634029577316e-06,0.0001,0.0,0.9787760484044372,1.1280947722742471,0.30117976770697863,0.9787760484044372,1.1280947722742471,0.30117976770697863,0.0,0.0016059043010045399,0.00635725915293802,8.881784197001252e-16
17,101,persistence,forecast,forecast,test_noise_shift,1,4,False,0.16333020133238701,0.10742949053129869,0.05305531420709509,0.001,0.0,0.9787760484044372,1.1280947722742471,0.30117976770697863,0.9787760484044372,1.1280947722742471,0.30117976770697863,0.0,0.0016059043010045399,0.00635725915293802,5.551115123125783e-16
17,101,persistence,forecast,reconstruction,test_combined_shift,0,4,False,0.16004780973906368,9.132783287484573e-05,3.553634029577316e-06,0.0001,0.0,0.9894638031178637,1.0730657589925767,0.31977615586526437,0.9894638031178637,1.0730657589925767,0.31977615586526437,2.311115933264683e-33,0.0001658638940843283,0.017423642992098472,7.771561172376096e-16
17,101,persistence,forecast,forecast,test_combined_shift,0,4,False,0.16004780973906368,0.12905941541378435,0.05305531420709509,0.001,0.0,0.9894638031178637,1.0730657589925767,0.31977615586526437,0.9894638031178637,1.0730657589925767,0.31977615586526437,2.311115933264683e-33,0.0001658638940843283,0.017423642992098472,4.440892098500626e-16
17,101,persistence,forecast,reconstruction,test_combined_shift,1,4,False,0.16976896646270814,8.203732248889289e-05,3.553634029577316e-06,0.0001,0.0,0.9868385395298443,1.018036745710906,0.5470130228928483,0.9868385395298443,1.018036745710906,0.5470130228928483,1.0271626370065257e-33,6.434099627800543e-05,0.030243431966642854,5.551115123125783e-16
17,101,persistence,forecast,forecast,test_combined_shift,1,4,False,0.16976896646270814,0.13609621149476547,0.05305531420709509,0.001,0.0,0.9868385395298443,1.018036745710906,0.5470130228928483,0.9868385395298443,1.018036745710906,0.5470130228928483,1.0271626370065257e-33,6.434099627800543e-05,0.030243431966642854,2.7755575615628914e-16
41,101,cae,reconstruction,reconstruction,test_id,0,2,True,0.03917588232313492,0.0024407940119778176,0.0025162950078245123,0.0001,6.351241136315698e-05,0.9753149293468062,1.1143375189538296,0.5343974984755111,0.9744335154700946,1.1280947722742471,0.5358093408821153,9.244463733058732e-33,0.00025545811200574774,0.023482066439398732,3.3306690738754696e-16
41,101,cae,reconstruction,forecast,test_id,0,2,True,0.03917588232313492,0.050713565212865186,0.04903941767595804,0.0001,6.351241136315698e-05,0.9753149293468062,1.1143375189538296,0.5343974984755111,0.9744335154700946,1.1280947722742471,0.5358093408821153,9.244463733058732e-33,0.00025545811200574774,0.023482066439398732,1.1102230246251565e-16
41,101,cae,reconstruction,reconstruction,test_id,1,2,True,0.039573588417921704,0.002163406431701403,0.0025162950078245123,0.0001,8.377966228397678e-05,0.9824387594145383,1.0868230123129943,0.5823317915647782,0.9774555718213291,1.0730657589925767,0.5945374966801211,4.108650548026103e-33,0.0010159425776266767,0.03468772051536101,4.440892098500626e-16
41,101,cae,reconstruction,forecast,test_id,1,2,True,0.039573588417921704,0.04922516965630395,0.04903941767595804,0.0001,8.377966228397678e-05,0.9824387594145383,1.0868230123129943,0.5823317915647782,0.9774555718213291,1.0730657589925767,0.5945374966801211,4.108650548026103e-33,0.0010159425776266767,0.03468772051536101,1.6653345369377348e-16
41,101,cae,reconstruction,reconstruction,test_mean_shift,0,2,True,0.13900186215394858,0.0036828688553063767,0.0025162950078245123,0.0001,0.00011565445603654119,0.9847609612180106,0.8667069591863118,0.7879068286782779,0.9815872692014932,0.8804642125067296,0.7636062913861297,4.108650548026103e-33,0.0009732953550041196,0.0900284801967537,3.3306690738754696e-16
41,101,cae,reconstruction,forecast,test_mean_shift,0,2,True,0.13900186215394858,0.08182025808083956,0.04903941767595804,0.0001,0.00011565445603654119,0.9847609612180106,0.8667069591863118,0.7879068286782779,0.9815872692014932,0.8804642125067296,0.7636062913861297,4.108650548026103e-33,0.0009732953550041196,0.0900284801967537,1.6653345369377348e-16
41,101,cae,reconstruction,reconstruction,test_mean_shift,1,2,True,0.10693156447982907,0.0027066914471637706,0.0025162950078245123,0.0001,0.0031082623434241607,0.9766111754481389,1.059308505672159,0.748281518098173,0.9744603068739317,0.9630077324292354,0.7618935521069456,4.108650548026103e-33,0.004911057870996153,0.06079955245099857,5.551115123125783e-16
41,101,cae,reconstruction,forecast,test_mean_shift,1,2,True,0.10693156447982907,0.0719857366556745,0.04903941767595804,0.0001,0.0031082623434241607,0.9766111754481389,1.059308505672159,0.748281518098173,0.9744603068739317,0.9630077324292354,0.7618935521069456,4.108650548026103e-33,0.004911057870996153,0.06079955245099857,3.3306690738754696e-16
41,101,cae,reconstruction,reconstruction,test_variance_shift,0,2,True,0.06848352741507008,0.00964022352160724,0.0025162950078245123,0.0001,0.002464901551433378,0.976370578201729,1.0730657589925767,0.650861087900665,0.982289113151154,0.9905222390700708,0.6976047684213698,1.0271626370065257e-33,0.0024059825031639095,0.0413016530444863,6.661338147750939e-16
41,101,cae,reconstruction,forecast,test_variance_shift,0,2,True,0.06848352741507008,0.08138434397280697,0.04903941767595804,0.0001,0.002464901551433378,0.976370578201729,1.0730657589925767,0.650861087900665,0.982289113151154,0.9905222390700708,0.6976047684213698,1.0271626370065257e-33,0.0024059825031639095,0.0413016530444863,3.3306690738754696e-16
41,101,cae,reconstruction,reconstruction,test_variance_shift,1,2,True,0.0853913810062653,0.008027564294076273,0.0025162950078245123,0.0001,0.001049373291299494,0.9776826890711345,1.0455512523517414,0.6726430753819193,0.987516347814626,0.9905222390700708,0.6822818983102131,1.0271626370065257e-33,0.0010321543496017295,0.053954032769023226,4.440892098500626e-16
41,101,cae,reconstruction,forecast,test_variance_shift,1,2,True,0.0853913810062653,0.09325147910639024,0.04903941767595804,0.0001,0.001049373291299494,0.9776826890711345,1.0455512523517414,0.6726430753819193,0.987516347814626,0.9905222390700708,0.6822818983102131,1.0271626370065257e-33,0.0010321543496017295,0.053954032769023226,2.220446049250313e-16
41,101,cae,reconstruction,reconstruction,test_persistence_shift,0,2,True,0.030303114411913325,0.0021511515947945157,0.0025162950078245123,0.0001,0.0022747165121881226,0.987216469775577,1.0730657589925765,0.3103609527819698,0.9897677935237011,0.9905222390700708,0.3144634410510684,4.108650548026103e-33,0.00025966464380650355,0.03085981520594822,1.1102230246251565e-16
41,101,cae,reconstruction,forecast,test_persistence_shift,0,2,True,0.030303114411913325,0.053553118946144666,0.04903941767595804,0.0001,0.0022747165121881226,0.987216469775577,1.0730657589925765,0.3103609527819698,0.9897677935237011,0.9905222390700708,0.3144634410510684,4.108650548026103e-33,0.00025966464380650355,0.03085981520594822,1.1102230246251565e-16
41,101,cae,reconstruction,reconstruction,test_persistence_shift,1,2,True,0.03825038455586762,0.0021813802410633994,0.0025162950078245123,0.0001,8.16417807414452e-05,0.9895423075823906,1.0317939990313238,0.28017709866952106,0.9918203884218296,1.018036745710906,0.2943860635848371,0.0,0.0002568297021206478,0.016820634705634278,1.1102230246251565e-16
41,101,cae,reconstruction,forecast,test_persistence_shift,1,2,True,0.03825038455586762,0.06768356504859922,0.04903941767595804,0.0001,8.16417807414452e-05,0.9895423075823906,1.0317939990313238,0.28017709866952106,0.9918203884218296,1.018036745710906,0.2943860635848371,0.0,0.0002568297021206478,0.016820634705634278,1.6653345369377348e-16
41,101,cae,reconstruction,reconstruction,test_noise_shift,0,2,True,0.05889410735779026,0.06613681961096966,0.0025162950078245123,0.0001,0.0004096303349317575,0.9852728857854907,1.1556092789150822,0.38452747816831134,0.9762665198496935,1.1831237855559178,0.4240611752753213,1.0271626370065257e-33,0.002403955219235005,0.025849009326741158,5.551115123125783e-16
41,101,cae,reconstruction,forecast,test_noise_shift,0,2,True,0.05889410735779026,0.10665793810110452,0.04903941767595804,0.0001,0.0004096303349317575,0.9852728857854907,1.1556092789150822,0.38452747816831134,0.9762665198496935,1.1831237855559178,0.4240611752753213,1.0271626370065257e-33,0.002403955219235005,0.025849009326741158,3.3306690738754696e-16
41,101,cae,reconstruction,reconstruction,test_noise_shift,1,2,True,0.05884550938395299,0.0708562628824328,0.0025162950078245123,0.0001,0.00255069039595345,0.9847715468996936,1.1831237855559178,0.2793730844979056,0.980559827464348,1.100580265633412,0.2220703820813117,1.0271626370065257e-33,0.0010096133658272772,0.00849422859690101,1.1102230246251565e-16
41,101,cae,reconstruction,forecast,test_noise_shift,1,2,True,0.05884550938395299,0.10695948425668356,0.04903941767595804,0.0001,0.00255069039595345,0.9847715468996936,1.1831237855559178,0.2793730844979056,0.980559827464348,1.100580265633412,0.2220703820813117,1.0271626370065257e-33,0.0010096133658272772,0.00849422859690101,1.1102230246251565e-16
41,101,cae,reconstruction,reconstruction,test_combined_shift,0,2,True,0.13576268573836475,0.050291943574053505,0.0025162950078245123,0.0001,0.004727989074930763,0.980480550272249,0.9354932257884001,0.5448365870307137,0.9854283264986292,1.0455512523517414,0.4543552624562178,4.108650548026103e-33,0.001110161457038309,0.030100745953840578,4.440892098500626e-16
41,101,cae,reconstruction,forecast,test_combined_shift,0,2,True,0.13576268573836475,0.14153662341770606,0.04903941767595804,0.0001,0.004727989074930763,0.980480550272249,0.9354932257884001,0.5448365870307137,0.9854283264986292,1.0455512523517414,0.4543552624562178,4.108650548026103e-33,0.001110161457038309,0.030100745953840578,2.220446049250313e-16
41,101,cae,reconstruction,reconstruction,test_combined_shift,1,2,True,0.11728281217426369,0.06992425465551519,0.0025162950078245123,0.0001,0.00017453436200133275,0.9859020599858369,0.9492504791088178,0.5520072494418563,0.9690556005699051,0.9354932257884001,0.5662252482080989,4.108650548026103e-33,0.0005151162821264619,0.030077619305456525,2.220446049250313e-16
41,101,cae,reconstruction,forecast,test_combined_shift,1,2,True,0.11728281217426369,0.13656743837426097,0.04903941767595804,0.0001,0.00017453436200133275,0.9859020599858369,0.9492504791088178,0.5520072494418563,0.9690556005699051,0.9354932257884001,0.5662252482080989,4.108650548026103e-33,0.0005151162821264619,0.030077619305456525,2.220446049250313e-16
41,101,untrained_cae,reconstruction,reconstruction,test_id,0,2,True,0.04658505417209944,0.0035908951207478577,0.0037500467238395676,0.0001,0.0005722986512296961,0.9753149293468062,1.1143375189538296,0.5343974984755111,0.9764430766036133,1.1556092789150827,0.5414018020545267,1.0271626370065257e-33,0.0063350358287020845,0.02169055734340726,2.220446049250313e-16
41,101,untrained_cae,reconstruction,forecast,test_id,0,2,True,0.04658505417209944,0.0508687842311771,0.04946743446154046,0.0001,0.0005722986512296961,0.9753149293468062,1.1143375189538296,0.5343974984755111,0.9764430766036133,1.1556092789150827,0.5414018020545267,1.0271626370065257e-33,0.0063350358287020845,0.02169055734340726,1.1102230246251565e-16
41,101,untrained_cae,reconstruction,reconstruction,test_id,1,2,True,0.047071997881081684,0.003109624321497109,0.0037500467238395676,0.0001,6.96482116365758e-05,0.9824387594145383,1.0868230123129943,0.5823317915647782,0.978028621851474,1.100580265633412,0.5832978198509704,9.244463733058732e-33,0.00027475557487263214,0.030218967694213766,4.440892098500626e-16
41,101,untrained_cae,reconstruction,forecast,test_id,1,2,True,0.047071997881081684,0.049374823984749044,0.04946743446154046,0.0001,6.96482116365758e-05,0.9824387594145383,1.0868230123129943,0.5823317915647782,0.978028621851474,1.100580265633412,0.5832978198509704,9.244463733058732e-33,0.00027475557487263214,0.030218967694213766,2.220446049250313e-16
41,101,untrained_cae,reconstruction,reconstruction,test_mean_shift,0,2,True,0.16502072974549298,0.0047893461902063774,0.0037500467238395676,0.0001,0.0007413183578517928,0.9847609612180106,0.8667069591863118,0.7879068286782779,0.9830296639030472,0.8804642125067295,0.6977581589323424,9.244463733058732e-33,0.0023011251923839276,0.07447749935958418,2.7755575615628914e-16
41,101,untrained_cae,reconstruction,forecast,test_mean_shift,0,2,True,0.16502072974549298,0.08376386926093699,0.04946743446154046,0.0001,0.0007413183578517928,0.9847609612180106,0.8667069591863118,0.7879068286782779,0.9830296639030472,0.8804642125067295,0.6977581589323424,9.244463733058732e-33,0.0023011251923839276,0.07447749935958418,2.220446049250313e-16
41,101,untrained_cae,reconstruction,reconstruction,test_mean_shift,1,2,True,0.12813412347105524,0.003966764372355372,0.0037500467238395676,0.0001,0.0030982622414585676,0.9766111754481389,1.059308505672159,0.748281518098173,0.979910635594446,0.9630077324292354,0.7419375887373875,1.0271626370065257e-33,0.004775809206572542,0.05723687329690441,3.3306690738754696e-16
41,101,untrained_cae,reconstruction,forecast,test_mean_shift,1,2,True,0.12813412347105524,0.07417042431708737,0.04946743446154046,0.0001,0.0030982622414585676,0.9766111754481389,1.059308505672159,0.748281518098173,0.979910635594446,0.9630077324292354,0.7419375887373875,1.0271626370065257e-33,0.004775809206572542,0.05723687329690441,3.3306690738754696e-16
41,101,untrained_cae,reconstruction,reconstruction,test_variance_shift,0,2,True,0.08800541671119494,0.011651280997107754,0.0037500467238395676,0.0001,0.0013671676552681183,0.976370578201729,1.0730657589925767,0.650861087900665,0.983116735434738,1.018036745710906,0.7149797287358415,0.0,0.001348258331940044,0.04419359693719799,8.881784197001252e-16
41,101,untrained_cae,reconstruction,forecast,test_variance_shift,0,2,True,0.08800541671119494,0.08115365954889732,0.04946743446154046,0.0001,0.0013671676552681183,0.976370578201729,1.0730657589925767,0.650861087900665,0.983116735434738,1.018036745710906,0.7149797287358415,0.0,0.001348258331940044,0.04419359693719799,4.440892098500626e-16
41,101,untrained_cae,reconstruction,reconstruction,test_variance_shift,1,2,True,0.09785002836622936,0.010629990016502822,0.0037500467238395676,0.0001,0.0002843308404607653,0.9776826890711345,1.0455512523517414,0.6726430753819193,0.983919224437112,1.0730657589925767,0.6877493750377102,9.244463733058732e-33,1.43127072750406e-05,0.048073877721391815,2.7755575615628914e-16
41,101,untrained_cae,reconstruction,forecast,test_variance_shift,1,2,True,0.09785002836622936,0.09262006030579624,0.04946743446154046,0.0001,0.0002843308404607653,0.9776826890711345,1.0455512523517414,0.6726430753819193,0.983919224437112,1.0730657589925767,0.6877493750377102,9.244463733058732e-33,1.43127072750406e-05,0.048073877721391815,1.1102230246251565e-16
41,101,untrained_cae,reconstruction,reconstruction,test_persistence_shift,0,2,True,0.03654115290565998,0.003058257493873296,0.0037500467238395676,0.0001,0.0022842317556186066,0.987216469775577,1.0730657589925765,0.3103609527819698,0.9903885632919673,0.9905222390700708,0.3211684332250684,1.0271626370065257e-33,0.0040611165521988,0.027017182122484783,1.1102230246251565e-16
41,101,untrained_cae,reconstruction,forecast,test_persistence_shift,0,2,True,0.03654115290565998,0.053542343840491356,0.04946743446154046,0.0001,0.0022842317556186066,0.987216469775577,1.0730657589925765,0.3103609527819698,0.9903885632919673,0.9905222390700708,0.3211684332250684,1.0271626370065257e-33,0.0040611165521988,0.027017182122484783,5.551115123125783e-17
41,101,untrained_cae,reconstruction,reconstruction,test_persistence_shift,1,2,True,0.04613691548189987,0.0031194796165521965,0.0037500467238395676,0.0001,0.00012832703371422173,0.9895423075823906,1.0317939990313238,0.28017709866952106,0.9858909734297676,1.0455512523517414,0.30718723314726215,4.108650548026103e-33,2.1002566366625846e-06,0.01579709309894685,1.1102230246251565e-16
41,101,untrained_cae,reconstruction,forecast,test_persistence_shift,1,2,True,0.04613691548189987,0.06783595862756776,0.04946743446154046,0.0001,0.00012832703371422173,0.9895423075823906,1.0317939990313238,0.28017709866952106,0.9858909734297676,1.0455512523517414,0.30718723314726215,4.108650548026103e-33,2.1002566366625846e-06,0.01579709309894685,1.1102230246251565e-16
41,101,untrained_cae,reconstruction,reconstruction,test_noise_shift,0,2,True,0.06607984691514321,0.09503353805117004,0.0037500467238395676,0.0001,2.2084876630395997e-05,0.9852728857854907,1.1556092789150822,0.38452747816831134,0.9853674735824681,1.1556092789150825,0.40080576837826287,2.5679065925163143e-34,0.002365914803003968,0.02442273851134033,6.661338147750939e-16
41,101,untrained_cae,reconstruction,forecast,test_noise_shift,0,2,True,0.06607984691514321,0.11361491833665235,0.04946743446154046,0.0001,2.2084876630395997e-05,0.9852728857854907,1.1556092789150822,0.38452747816831134,0.9853674735824681,1.1556092789150825,0.40080576837826287,2.5679065925163143e-34,0.002365914803003968,0.02442273851134033,3.3306690738754696e-16
41,101,untrained_cae,reconstruction,reconstruction,test_noise_shift,1,2,True,0.06440264162899903,0.1005956133999616,0.0037500467238395676,0.0001,0.0011140728049373173,0.9847715468996936,1.1831237855559178,0.2793730844979056,0.9827967362307342,1.2106382921967531,0.177760674587597,1.0271626370065257e-33,0.0011074474950109544,0.003036226764437482,2.220446049250313e-16
41,101,untrained_cae,reconstruction,forecast,test_noise_shift,1,2,True,0.06440264162899903,0.11492944409367208,0.04946743446154046,0.0001,0.0011140728049373173,0.9847715468996936,1.1831237855559178,0.2793730844979056,0.9827967362307342,1.2106382921967531,0.177760674587597,1.0271626370065257e-33,0.0011074474950109544,0.003036226764437482,1.1102230246251565e-16
41,101,untrained_cae,reconstruction,reconstruction,test_combined_shift,0,2,True,0.1561903818938855,0.07140697053047325,0.0037500467238395676,0.0001,0.003420427785455402,0.980480550272249,0.9354932257884001,0.5448365870307137,0.9792440642313145,0.9905222390700708,0.37475940271861974,1.258274230332994e-32,0.0010270790059873254,0.029360326542093567,6.661338147750939e-16
41,101,untrained_cae,reconstruction,forecast,test_combined_shift,0,2,True,0.1561903818938855,0.14870571715866676,0.04946743446154046,0.0001,0.003420427785455402,0.980480550272249,0.9354932257884001,0.5448365870307137,0.9792440642313145,0.9905222390700708,0.37475940271861974,1.258274230332994e-32,0.0010270790059873254,0.029360326542093567,2.7755575615628914e-16
41,101,untrained_cae,reconstruction,reconstruction,test_combined_shift,1,2,True,0.13997870667226625,0.09911495710829539,0.0037500467238395676,0.0001,0.0007028241132759962,0.9859020599858369,0.9492504791088178,0.5520072494418563,0.9773497761648704,0.9079787191475648,0.5155670183243489,0.0,0.0026865527776984504,0.03306014466529406,3.3306690738754696e-16
41,101,untrained_cae,reconstruction,forecast,test_combined_shift,1,2,True,0.13997870667226625,0.14540344441127542,0.04946743446154046,0.0001,0.0007028241132759962,0.9859020599858369,0.9492504791088178,0.5520072494418563,0.9773497761648704,0.9079787191475648,0.5155670183243489,0.0,0.0026865527776984504,0.03306014466529406,1.1102230246251565e-16
41,101,cte,forecast,reconstruction,test_id,0,2,True,0.0696482483104235,0.0041267604735142375,0.004334708582117142,0.0001,0.0006022727960512934,0.9753149293468062,1.1143375189538296,0.5343974984755111,0.9840048436575085,1.1556092789150825,0.523824777514991,9.244463733058732e-33,0.004086633872786867,0.02035190067032732,2.7755575615628914e-16
41,101,cte,forecast,forecast,test_id,0,2,True,0.0696482483104235,0.050953515946308967,0.049591524358526026,0.0001,0.0006022727960512934,0.9753149293468062,1.1143375189538296,0.5343974984755111,0.9840048436575085,1.1556092789150825,0.523824777514991,9.244463733058732e-33,0.004086633872786867,0.02035190067032732,1.6653345369377348e-16
41,101,cte,forecast,reconstruction,test_id,1,2,True,0.0670041848331959,0.0035567743499617488,0.004334708582117142,0.0001,7.03207375556861e-05,0.9824387594145383,1.0868230123129943,0.5823317915647782,0.9790377741887085,1.100580265633412,0.5886984212033233,4.108650548026103e-33,1.7212119035614252e-05,0.034438504367290124,4.440892098500626e-16
41,101,cte,forecast,forecast,test_id,1,2,True,0.0670041848331959,0.049464349317354404,0.049591524358526026,0.0001,7.03207375556861e-05,0.9824387594145383,1.0868230123129943,0.5823317915647782,0.9790377741887085,1.100580265633412,0.5886984212033233,4.108650548026103e-33,1.7212119035614252e-05,0.034438504367290124,2.220446049250313e-16
41,101,cte,forecast,reconstruction,test_mean_shift,0,2,True,0.1806748841651828,0.005495261360432117,0.004334708582117142,0.0001,0.0010973908068925792,0.9847609612180106,0.8667069591863118,0.7879068286782779,0.9851919784590883,0.8529497058658942,0.6765026164438477,1.0271626370065257e-33,0.002276923030459256,0.07892746597560783,4.440892098500626e-16
41,101,cte,forecast,forecast,test_mean_shift,0,2,True,0.1806748841651828,0.08531821316123485,0.049591524358526026,0.0001,0.0010973908068925792,0.9847609612180106,0.8667069591863118,0.7879068286782779,0.9851919784590883,0.8529497058658942,0.6765026164438477,1.0271626370065257e-33,0.002276923030459256,0.07892746597560783,2.220446049250313e-16
41,101,cte,forecast,reconstruction,test_mean_shift,1,2,True,0.14112081136496105,0.004780832241517567,0.004334708582117142,0.0001,0.0006484452971521468,0.9766111754481389,1.059308505672159,0.748281518098173,0.9766997620205914,1.018036745710906,0.7171707563861001,4.108650548026103e-33,0.0015000047727033417,0.05102159339342694,6.661338147750939e-16
41,101,cte,forecast,forecast,test_mean_shift,1,2,True,0.14112081136496105,0.07541695076327258,0.049591524358526026,0.0001,0.0006484452971521468,0.9766111754481389,1.059308505672159,0.748281518098173,0.9766997620205914,1.018036745710906,0.7171707563861001,4.108650548026103e-33,0.0015000047727033417,0.05102159339342694,3.3306690738754696e-16
41,101,cte,forecast,reconstruction,test_variance_shift,0,2,True,0.11265975517405231,0.012641393068912458,0.004334708582117142,0.0001,0.0005392275228160141,0.976370578201729,1.0730657589925767,0.650861087900665,0.9891539588685362,1.0455512523517414,0.7036709230258373,9.244463733058732e-33,0.0003915565573980881,0.04377777349265343,6.661338147750939e-16
41,101,cte,forecast,forecast,test_variance_shift,0,2,True,0.11265975517405231,0.08161553191586565,0.049591524358526026,0.0001,0.0005392275228160141,0.976370578201729,1.0730657589925767,0.650861087900665,0.9891539588685362,1.0455512523517414,0.7036709230258373,9.244463733058732e-33,0.0003915565573980881,0.04377777349265343,3.3306690738754696e-16
41,101,cte,forecast,reconstruction,test_variance_shift,1,2,True,0.13218665711698688,0.012389994947065353,0.004334708582117142,0.0001,0.000110413886655196,0.9776826890711345,1.0455512523517414,0.6726430753819193,0.9813496277162879,1.0455512523517414,0.7082966990933048,9.244463733058732e-33,0.0002648745109527655,0.05206778301439941,2.220446049250313e-16
41,101,cte,forecast,forecast,test_variance_shift,1,2,True,0.13218665711698688,0.09197494144567114,0.049591524358526026,0.0001,0.000110413886655196,0.9776826890711345,1.0455512523517414,0.6726430753819193,0.9813496277162879,1.0455512523517414,0.7082966990933048,9.244463733058732e-33,0.0002648745109527655,0.05206778301439941,1.1102230246251565e-16
41,101,cte,forecast,reconstruction,test_persistence_shift,0,2,True,0.05944117550007128,0.003500642773984341,0.004334708582117142,0.0001,0.00025869852733046073,0.987216469775577,1.0730657589925765,0.3103609527819698,0.9911162914334761,1.0455512523517414,0.3142795736308931,0.0,0.0023358708921475736,0.023409428197049578,2.220446049250313e-16
41,101,cte,forecast,forecast,test_persistence_shift,0,2,True,0.05944117550007128,0.053505635304142006,0.049591524358526026,0.0001,0.00025869852733046073,0.987216469775577,1.0730657589925765,0.3103609527819698,0.9911162914334761,1.0455512523517414,0.3142795736308931,0.0,0.0023358708921475736,0.023409428197049578,1.1102230246251565e-16
41,101,cte,forecast,reconstruction,test_persistence_shift,1,2,True,0.07854334705207847,0.0035609178274651093,0.004334708582117142,0.0001,8.093416073871698e-05,0.9895423075823906,1.0317939990313238,0.28017709866952106,0.9904360564493164,1.0455512523517414,0.265652405728618,2.311115933264683e-33,7.066944240384985e-06,0.011726331275841093,2.220446049250313e-16
41,101,cte,forecast,forecast,test_persistence_shift,1,2,True,0.07854334705207847,0.0679665004190388,0.049591524358526026,0.0001,8.093416073871698e-05,0.9895423075823906,1.0317939990313238,0.28017709866952106,0.9904360564493164,1.0455512523517414,0.265652405728618,2.311115933264683e-33,7.066944240384985e-06,0.011726331275841093,1.1102230246251565e-16
41,101,cte,forecast,reconstruction,test_noise_shift,0,2,True,0.12189245440391344,0.10806308723306883,0.004334708582117142,0.0001,0.0002807271296128231,0.9852728857854907,1.1556092789150822,0.38452747816831134,0.9761367398957121,1.1831237855559178,0.3871075180366616,2.5679065925163143e-34,0.0004732015335374657,0.022316756858090647,6.661338147750939e-16
41,101,cte,forecast,forecast,test_noise_shift,0,2,True,0.12189245440391344,0.11814022991701664,0.049591524358526026,0.0001,0.0002807271296128231,0.9852728857854907,1.1556092789150822,0.38452747816831134,0.9761367398957121,1.1831237855559178,0.3871075180366616,2.5679065925163143e-34,0.0004732015335374657,0.022316756858090647,3.3306690738754696e-16
41,101,cte,forecast,reconstruction,test_noise_shift,1,2,True,0.13214976103939197,0.11364543617341706,0.004334708582117142,0.0001,0.0010085525455683644,0.9847715468996936,1.1831237855559178,0.2793730844979056,0.9904981114422517,1.1831237855559178,0.16995893376327698,3.145685575832485e-33,0.00029926498441633457,0.0028059852441113167,2.220446049250313e-16
41,101,cte,forecast,forecast,test_noise_shift,1,2,True,0.13214976103939197,0.12018319399849,0.049591524358526026,0.0001,0.0010085525455683644,0.9847715468996936,1.1831237855559178,0.2793730844979056,0.9904981114422517,1.1831237855559178,0.16995893376327698,3.145685575832485e-33,0.00029926498441633457,0.0028059852441113167,1.1102230246251565e-16
41,101,cte,forecast,reconstruction,test_combined_shift,0,2,True,0.22731425456176968,0.08130937903368841,0.004334708582117142,0.0001,0.0036389884124331307,0.980480550272249,0.9354932257884001,0.5448365870307137,0.974354202723293,0.9630077324292354,0.34361645854133793,9.244463733058732e-33,0.004086709814462408,0.03583739222212742,6.661338147750939e-16
41,101,cte,forecast,forecast,test_combined_shift,0,2,True,0.22731425456176968,0.15210596181394828,0.049591524358526026,0.0001,0.0036389884124331307,0.980480550272249,0.9354932257884001,0.5448365870307137,0.974354202723293,0.9630077324292354,0.34361645854133793,9.244463733058732e-33,0.004086709814462408,0.03583739222212742,3.3306690738754696e-16
41,101,cte,forecast,reconstruction,test_combined_shift,1,2,True,0.20542871312909106,0.11170361907141335,0.004334708582117142,0.0001,0.0023482911693866355,0.9859020599858369,0.9492504791088178,0.5520072494418563,0.9810837181371145,1.018036745710906,0.4562971325902886,4.108650548026103e-33,0.00042869949774243277,0.014382325137292254,2.220446049250313e-16
41,101,cte,forecast,forecast,test_combined_shift,1,2,True,0.20542871312909106,0.15093725398538219,0.049591524358526026,0.0001,0.0023482911693866355,0.9859020599858369,0.9492504791088178,0.5520072494418563,0.9810837181371145,1.018036745710906,0.4562971325902886,4.108650548026103e-33,0.00042869949774243277,0.014382325137292254,2.220446049250313e-16
41,101,untrained_cte,forecast,reconstruction,test_id,0,2,True,0.07216798139806382,0.0035908951207478577,0.0037500467238395676,0.0001,0.0005722986512296961,0.9753149293468062,1.1143375189538296,0.5343974984755111,0.9764430766036133,1.1556092789150827,0.5414018020545267,1.0271626370065257e-33,0.0063350358287020845,0.02169055734340726,2.220446049250313e-16
41,101,untrained_cte,forecast,forecast,test_id,0,2,True,0.07216798139806382,0.0508687842311771,0.04946743446154046,0.0001,0.0005722986512296961,0.9753149293468062,1.1143375189538296,0.5343974984755111,0.9764430766036133,1.1556092789150827,0.5414018020545267,1.0271626370065257e-33,0.0063350358287020845,0.02169055734340726,1.1102230246251565e-16
41,101,untrained_cte,forecast,reconstruction,test_id,1,2,True,0.0700322158701916,0.003109624321497109,0.0037500467238395676,0.0001,6.96482116365758e-05,0.9824387594145383,1.0868230123129943,0.5823317915647782,0.978028621851474,1.100580265633412,0.5832978198509704,9.244463733058732e-33,0.00027475557487263214,0.030218967694213766,4.440892098500626e-16
41,101,untrained_cte,forecast,forecast,test_id,1,2,True,0.0700322158701916,0.049374823984749044,0.04946743446154046,0.0001,6.96482116365758e-05,0.9824387594145383,1.0868230123129943,0.5823317915647782,0.978028621851474,1.100580265633412,0.5832978198509704,9.244463733058732e-33,0.00027475557487263214,0.030218967694213766,2.220446049250313e-16
41,101,untrained_cte,forecast,reconstruction,test_mean_shift,0,2,True,0.19422386683230214,0.0047893461902063774,0.0037500467238395676,0.0001,0.0007413183578517928,0.9847609612180106,0.8667069591863118,0.7879068286782779,0.9830296639030472,0.8804642125067295,0.6977581589323424,9.244463733058732e-33,0.0023011251923839276,0.07447749935958418,2.7755575615628914e-16
41,101,untrained_cte,forecast,forecast,test_mean_shift,0,2,True,0.19422386683230214,0.08376386926093699,0.04946743446154046,0.0001,0.0007413183578517928,0.9847609612180106,0.8667069591863118,0.7879068286782779,0.9830296639030472,0.8804642125067295,0.6977581589323424,9.244463733058732e-33,0.0023011251923839276,0.07447749935958418,2.220446049250313e-16
41,101,untrained_cte,forecast,reconstruction,test_mean_shift,1,2,True,0.15246389637046465,0.003966764372355372,0.0037500467238395676,0.0001,0.0030982622414585676,0.9766111754481389,1.059308505672159,0.748281518098173,0.979910635594446,0.9630077324292354,0.7419375887373875,1.0271626370065257e-33,0.004775809206572542,0.05723687329690441,3.3306690738754696e-16
41,101,untrained_cte,forecast,forecast,test_mean_shift,1,2,True,0.15246389637046465,0.07417042431708737,0.04946743446154046,0.0001,0.0030982622414585676,0.9766111754481389,1.059308505672159,0.748281518098173,0.979910635594446,0.9630077324292354,0.7419375887373875,1.0271626370065257e-33,0.004775809206572542,0.05723687329690441,3.3306690738754696e-16
41,101,untrained_cte,forecast,reconstruction,test_variance_shift,0,2,True,0.12425247009234687,0.011651280997107754,0.0037500467238395676,0.0001,0.0013671676552681183,0.976370578201729,1.0730657589925767,0.650861087900665,0.983116735434738,1.018036745710906,0.7149797287358415,0.0,0.001348258331940044,0.04419359693719799,8.881784197001252e-16
41,101,untrained_cte,forecast,forecast,test_variance_shift,0,2,True,0.12425247009234687,0.08115365954889732,0.04946743446154046,0.0001,0.0013671676552681183,0.976370578201729,1.0730657589925767,0.650861087900665,0.983116735434738,1.018036745710906,0.7149797287358415,0.0,0.001348258331940044,0.04419359693719799,4.440892098500626e-16
41,101,untrained_cte,forecast,reconstruction,test_variance_shift,1,2,True,0.136108787882803,0.010629990016502822,0.0037500467238395676,0.0001,0.0002843308404607653,0.9776826890711345,1.0455512523517414,0.6726430753819193,0.983919224437112,1.0730657589925767,0.6877493750377102,9.244463733058732e-33,1.43127072750406e-05,0.048073877721391815,2.7755575615628914e-16
41,101,untrained_cte,forecast,forecast,test_variance_shift,1,2,True,0.136108787882803,0.09262006030579624,0.04946743446154046,0.0001,0.0002843308404607653,0.9776826890711345,1.0455512523517414,0.6726430753819193,0.983919224437112,1.0730657589925767,0.6877493750377102,9.244463733058732e-33,1.43127072750406e-05,0.048073877721391815,1.1102230246251565e-16
41,101,untrained_cte,forecast,reconstruction,test_persistence_shift,0,2,True,0.06245020358915673,0.003058257493873296,0.0037500467238395676,0.0001,0.0022842317556186066,0.987216469775577,1.0730657589925765,0.3103609527819698,0.9903885632919673,0.9905222390700708,0.3211684332250684,1.0271626370065257e-33,0.0040611165521988,0.027017182122484783,1.1102230246251565e-16
41,101,untrained_cte,forecast,forecast,test_persistence_shift,0,2,True,0.06245020358915673,0.053542343840491356,0.04946743446154046,0.0001,0.0022842317556186066,0.987216469775577,1.0730657589925765,0.3103609527819698,0.9903885632919673,0.9905222390700708,0.3211684332250684,1.0271626370065257e-33,0.0040611165521988,0.027017182122484783,5.551115123125783e-17
41,101,untrained_cte,forecast,reconstruction,test_persistence_shift,1,2,True,0.08248252313171504,0.0031194796165521965,0.0037500467238395676,0.0001,0.00012832703371422173,0.9895423075823906,1.0317939990313238,0.28017709866952106,0.9858909734297676,1.0455512523517414,0.30718723314726215,4.108650548026103e-33,2.1002566366625846e-06,0.01579709309894685,1.1102230246251565e-16
41,101,untrained_cte,forecast,forecast,test_persistence_shift,1,2,True,0.08248252313171504,0.06783595862756776,0.04946743446154046,0.0001,0.00012832703371422173,0.9895423075823906,1.0317939990313238,0.28017709866952106,0.9858909734297676,1.0455512523517414,0.30718723314726215,4.108650548026103e-33,2.1002566366625846e-06,0.01579709309894685,1.1102230246251565e-16
41,101,untrained_cte,forecast,reconstruction,test_noise_shift,0,2,True,0.12641291216412742,0.09503353805117004,0.0037500467238395676,0.0001,2.2084876630395997e-05,0.9852728857854907,1.1556092789150822,0.38452747816831134,0.9853674735824681,1.1556092789150825,0.40080576837826287,2.5679065925163143e-34,0.002365914803003968,0.02442273851134033,6.661338147750939e-16
41,101,untrained_cte,forecast,forecast,test_noise_shift,0,2,True,0.12641291216412742,0.11361491833665235,0.04946743446154046,0.0001,2.2084876630395997e-05,0.9852728857854907,1.1556092789150822,0.38452747816831134,0.9853674735824681,1.1556092789150825,0.40080576837826287,2.5679065925163143e-34,0.002365914803003968,0.02442273851134033,3.3306690738754696e-16
41,101,untrained_cte,forecast,reconstruction,test_noise_shift,1,2,True,0.1349665027163389,0.1005956133999616,0.0037500467238395676,0.0001,0.0011140728049373173,0.9847715468996936,1.1831237855559178,0.2793730844979056,0.9827967362307342,1.2106382921967531,0.177760674587597,1.0271626370065257e-33,0.0011074474950109544,0.003036226764437482,2.220446049250313e-16
41,101,untrained_cte,forecast,forecast,test_noise_shift,1,2,True,0.1349665027163389,0.11492944409367208,0.04946743446154046,0.0001,0.0011140728049373173,0.9847715468996936,1.1831237855559178,0.2793730844979056,0.9827967362307342,1.2106382921967531,0.177760674587597,1.0271626370065257e-33,0.0011074474950109544,0.003036226764437482,1.1102230246251565e-16
41,101,untrained_cte,forecast,reconstruction,test_combined_shift,0,2,True,0.23717622171481928,0.07140697053047325,0.0037500467238395676,0.0001,0.003420427785455402,0.980480550272249,0.9354932257884001,0.5448365870307137,0.9792440642313145,0.9905222390700708,0.37475940271861974,1.258274230332994e-32,0.0010270790059873254,0.029360326542093567,6.661338147750939e-16
41,101,untrained_cte,forecast,forecast,test_combined_shift,0,2,True,0.23717622171481928,0.14870571715866676,0.04946743446154046,0.0001,0.003420427785455402,0.980480550272249,0.9354932257884001,0.5448365870307137,0.9792440642313145,0.9905222390700708,0.37475940271861974,1.258274230332994e-32,0.0010270790059873254,0.029360326542093567,2.7755575615628914e-16
41,101,untrained_cte,forecast,reconstruction,test_combined_shift,1,2,True,0.2200253314721733,0.09911495710829539,0.0037500467238395676,0.0001,0.0007028241132759962,0.9859020599858369,0.9492504791088178,0.5520072494418563,0.9773497761648704,0.9079787191475648,0.5155670183243489,0.0,0.0026865527776984504,0.03306014466529406,3.3306690738754696e-16
41,101,untrained_cte,forecast,forecast,test_combined_shift,1,2,True,0.2200253314721733,0.14540344441127542,0.04946743446154046,0.0001,0.0007028241132759962,0.9859020599858369,0.9492504791088178,0.5520072494418563,0.9773497761648704,0.9079787191475648,0.5155670183243489,0.0,0.0026865527776984504,0.03306014466529406,1.1102230246251565e-16
41,101,mlp_ae,reconstruction,reconstruction,test_id,0,2,True,0.07570996797294464,0.00323331010782097,0.003553939036558761,0.0001,0.00010983815127289485,0.9753149293468062,1.1143375189538296,0.5343974984755111,0.9647028031634791,1.1280947722742471,0.544911339403676,4.108650548026103e-33,0.0010369230622470703,0.030625616579845527,3.552713678800501e-15
41,101,mlp_ae,reconstruction,forecast,test_id,0,2,True,0.07570996797294464,0.05218444012420505,0.04987253867174656,0.0001,0.00010983815127289485,0.9753149293468062,1.1143375189538296,0.5343974984755111,0.9647028031634791,1.1280947722742471,0.544911339403676,4.108650548026103e-33,0.0010369230622470703,0.030625616579845527,1.3322676295501878e-15
41,101,mlp_ae,reconstruction,reconstruction,test_id,1,2,True,0.07754917472737802,0.0035613075110867225,0.003553939036558761,0.0001,9.44487902850533e-05,0.9824387594145383,1.0868230123129943,0.5823317915647782,0.9727556889139959,1.100580265633412,0.5811960140961875,1.0271626370065257e-33,0.0022802040099540555,0.022223328872473205,1.7763568394002505e-15
41,101,mlp_ae,reconstruction,forecast,test_id,1,2,True,0.07754917472737802,0.05057772651548846,0.04987253867174656,0.0001,9.44487902850533e-05,0.9824387594145383,1.0868230123129943,0.5823317915647782,0.9727556889139959,1.100580265633412,0.5811960140961875,1.0271626370065257e-33,0.0022802040099540555,0.022223328872473205,8.881784197001252e-16
41,101,mlp_ae,reconstruction,reconstruction,test_mean_shift,0,2,True,0.22713720139570634,0.01068009992543404,0.003553939036558761,0.0001,0.009032610656728947,0.9847609612180106,0.8667069591863118,0.7879068286782779,0.9788360771063191,0.7153771726617177,0.9169343207700125,2.0132387685327904e-31,0.01249152725624228,0.17816453884577207,1.7763568394002505e-15
41,101,mlp_ae,reconstruction,forecast,test_mean_shift,0,2,True,0.22713720139570634,0.09163236606071894,0.04987253867174656,0.0001,0.009032610656728947,0.9847609612180106,0.8667069591863118,0.7879068286782779,0.9788360771063191,0.7153771726617177,0.9169343207700125,2.0132387685327904e-31,0.01249152725624228,0.17816453884577207,1.3322676295501878e-15
41,101,mlp_ae,reconstruction,reconstruction,test_mean_shift,1,2,True,0.17844958093818952,0.005664533999128768,0.003553939036558761,0.0001,0.0011631892906356597,0.9766111754481389,1.059308505672159,0.748281518098173,0.974696614806614,1.018036745710906,0.8327218913602004,4.108650548026103e-33,0.0014211531986158537,0.06818470297952477,5.329070518200751e-15
41,101,mlp_ae,reconstruction,forecast,test_mean_shift,1,2,True,0.17844958093818952,0.07271223469327368,0.04987253867174656,0.0001,0.0011631892906356597,0.9766111754481389,1.059308505672159,0.748281518098173,0.974696614806614,1.018036745710906,0.8327218913602004,4.108650548026103e-33,0.0014211531986158537,0.06818470297952477,2.6645352591003757e-15
41,101,mlp_ae,reconstruction,reconstruction,test_variance_shift,0,2,True,0.1645305911557598,0.014365683345629805,0.003553939036558761,0.0001,0.002613643576299746,0.976370578201729,1.0730657589925767,0.650861087900665,0.9932251386363828,0.9905222390700708,0.5963295615968213,1.0271626370065257e-33,0.0002633649880618708,0.03597810866388473,3.552713678800501e-15
41,101,mlp_ae,reconstruction,forecast,test_variance_shift,0,2,True,0.1645305911557598,0.09669339413692216,0.04987253867174656,0.0001,0.002613643576299746,0.976370578201729,1.0730657589925767,0.650861087900665,0.9932251386363828,0.9905222390700708,0.5963295615968213,1.0271626370065257e-33,0.0002633649880618708,0.03597810866388473,1.7763568394002505e-15
41,101,mlp_ae,reconstruction,reconstruction,test_variance_shift,1,2,True,0.16971780301523517,0.02494002373156184,0.003553939036558761,0.0001,0.0011355322817814715,0.9776826890711345,1.0455512523517414,0.6726430753819193,0.9853528497089016,1.0455512523517414,0.5569233193998872,1.0271626370065257e-33,4.615068571666259e-05,0.02826535582216155,1.7763568394002505e-15
41,101,mlp_ae,reconstruction,forecast,test_variance_shift,1,2,True,0.16971780301523517,0.11504889775412112,0.04987253867174656,0.0001,0.0011355322817814715,0.9776826890711345,1.0455512523517414,0.6726430753819193,0.9853528497089016,1.0455512523517414,0.5569233193998872,1.0271626370065257e-33,4.615068571666259e-05,0.02826535582216155,1.3322676295501878e-15
41,101,mlp_ae,reconstruction,reconstruction,test_persistence_shift,0,2,True,0.05979309250595449,0.0026041944687764224,0.003553939036558761,0.0001,0.0023042466538341706,0.987216469775577,1.0730657589925765,0.3103609527819698,0.984163375706502,0.9905222390700708,0.29138877347533365,9.244463733058732e-33,0.00027649006821052393,0.01902999481899571,1.7763568394002505e-15
41,101,mlp_ae,reconstruction,forecast,test_persistence_shift,0,2,True,0.05979309250595449,0.052427760837457496,0.04987253867174656,0.0001,0.0023042466538341706,0.987216469775577,1.0730657589925765,0.3103609527819698,0.984163375706502,0.9905222390700708,0.29138877347533365,9.244463733058732e-33,0.00027649006821052393,0.01902999481899571,8.881784197001252e-16
41,101,mlp_ae,reconstruction,reconstruction,test_persistence_shift,1,2,True,0.07370665021449987,0.0029122326731456315,0.003553939036558761,0.0001,0.0008129118097417171,0.9895423075823906,1.0317939990313238,0.28017709866952106,0.9951627810906146,1.0455512523517414,0.374365923650967,9.244463733058732e-33,0.0002663249099480374,0.02399947230896483,1.7763568394002505e-15
41,101,mlp_ae,reconstruction,forecast,test_persistence_shift,1,2,True,0.07370665021449987,0.06508315220853884,0.04987253867174656,0.0001,0.0008129118097417171,0.9895423075823906,1.0317939990313238,0.28017709866952106,0.9951627810906146,1.0455512523517414,0.374365923650967,9.244463733058732e-33,0.0002663249099480374,0.02399947230896483,8.881784197001252e-16
41,101,mlp_ae,reconstruction,reconstruction,test_noise_shift,0,2,True,0.12228423637102645,0.03956826705976067,0.003553939036558761,0.0001,0.009331052412783534,0.9852728857854907,1.1556092789150822,0.38452747816831134,0.9814368111970786,0.9905222390700708,0.3306865626740766,4.108650548026103e-33,0.002375122435158154,0.023961014354212593,1.7763568394002505e-15
41,101,mlp_ae,reconstruction,forecast,test_noise_shift,0,2,True,0.12228423637102645,0.10366539602000406,0.04987253867174656,0.0001,0.009331052412783534,0.9852728857854907,1.1556092789150822,0.38452747816831134,0.9814368111970786,0.9905222390700708,0.3306865626740766,4.108650548026103e-33,0.002375122435158154,0.023961014354212593,1.3322676295501878e-15
41,101,mlp_ae,reconstruction,reconstruction,test_noise_shift,1,2,True,0.11334412263879158,0.04113202926253133,0.003553939036558761,0.0001,0.0007647004144871799,0.9847715468996936,1.1831237855559178,0.2793730844979056,0.9830915751693045,1.1556092789150827,0.3577116028080721,1.0271626370065257e-33,0.002394216695083047,0.01106563243480109,1.7763568394002505e-15
41,101,mlp_ae,reconstruction,forecast,test_noise_shift,1,2,True,0.11334412263879158,0.10020487556937754,0.04987253867174656,0.0001,0.0007647004144871799,0.9847715468996936,1.1831237855559178,0.2793730844979056,0.9830915751693045,1.1556092789150827,0.3577116028080721,1.0271626370065257e-33,0.002394216695083047,0.01106563243480109,8.881784197001252e-16
41,101,mlp_ae,reconstruction,reconstruction,test_combined_shift,0,2,True,0.2271806083228911,0.03818460227032094,0.003553939036558761,0.0001,0.005114395402018262,0.980480550272249,0.9354932257884001,0.5448365870307137,0.9884153540790638,0.8529497058658941,0.7288669368473133,4.108650548026103e-33,0.010665608834862015,0.11470405333215268,4.440892098500626e-15
41,101,mlp_ae,reconstruction,forecast,test_combined_shift,0,2,True,0.2271806083228911,0.1374804930512459,0.04987253867174656,0.0001,0.005114395402018262,0.980480550272249,0.9354932257884001,0.5448365870307137,0.9884153540790638,0.8529497058658941,0.7288669368473133,4.108650548026103e-33,0.010665608834862015,0.11470405333215268,2.220446049250313e-15
41,101,mlp_ae,reconstruction,reconstruction,test_combined_shift,1,2,True,0.22473303249711551,0.040681808663116464,0.003553939036558761,0.0001,0.004219604197831473,0.9859020599858369,0.9492504791088178,0.5520072494418563,0.9614351701393513,0.8529497058658941,0.6575789306361872,1.0271626370065257e-33,0.01994440733221021,0.08224717235188357,1.7763568394002505e-15
41,101,mlp_ae,reconstruction,forecast,test_combined_shift,1,2,True,0.22473303249711551,0.1299574935245491,0.04987253867174656,0.0001,0.004219604197831473,0.9859020599858369,0.9492504791088178,0.5520072494418563,0.9614351701393513,0.8529497058658941,0.6575789306361872,1.0271626370065257e-33,0.01994440733221021,0.08224717235188357,8.881784197001252e-16
41,101,untrained_mlp_ae,reconstruction,reconstruction,test_id,0,2,True,0.15106922193165104,0.005684720442487639,0.005435858853363379,0.0001,0.0006096892847841229,0.9753149293468062,1.1143375189538296,0.5343974984755111,0.9774350929702408,1.0730657589925767,0.5123779989114468,4.108650548026103e-33,0.0025161638929664817,0.0254080426907842,1.7763568394002505e-15
41,101,untrained_mlp_ae,reconstruction,forecast,test_id,0,2,True,0.15106922193165104,0.05197638189772184,0.04961147419907993,0.0001,0.0006096892847841229,0.9753149293468062,1.1143375189538296,0.5343974984755111,0.9774350929702408,1.0730657589925767,0.5123779989114468,4.108650548026103e-33,0.0025161638929664817,0.0254080426907842,8.881784197001252e-16
41,101,untrained_mlp_ae,reconstruction,reconstruction,test_id,1,2,True,0.16415945681137192,0.005769294897545164,0.005435858853363379,0.0001,0.0005869987128673035,0.9824387594145383,1.0868230123129943,0.5823317915647782,0.9755782007095621,1.0455512523517414,0.5758292681905148,1.0271626370065257e-33,1.2003903235779809e-05,0.028334987965800792,1.3322676295501878e-15
41,101,untrained_mlp_ae,reconstruction,forecast,test_id,1,2,True,0.16415945681137192,0.0520057017176981,0.04961147419907993,0.0001,0.0005869987128673035,0.9824387594145383,1.0868230123129943,0.5823317915647782,0.9755782007095621,1.0455512523517414,0.5758292681905148,1.0271626370065257e-33,1.2003903235779809e-05,0.028334987965800792,1.3322676295501878e-15
41,101,untrained_mlp_ae,reconstruction,reconstruction,test_mean_shift,0,2,True,0.3498644197725458,0.008089215137067285,0.005435858853363379,0.0001,0.009432240670255122,0.9847609612180106,0.8667069591863118,0.7879068286782779,0.9842615963411925,0.7153771726617177,0.9348186165770841,9.244463733058732e-33,0.0010625420064425794,0.17653554891088377,1.7763568394002505e-15
41,101,untrained_mlp_ae,reconstruction,forecast,test_mean_shift,0,2,True,0.3498644197725458,0.08937613083926708,0.04961147419907993,0.0001,0.009432240670255122,0.9847609612180106,0.8667069591863118,0.7879068286782779,0.9842615963411925,0.7153771726617177,0.9348186165770841,9.244463733058732e-33,0.0010625420064425794,0.17653554891088377,8.881784197001252e-16
41,101,untrained_mlp_ae,reconstruction,reconstruction,test_mean_shift,1,2,True,0.3181289236635112,0.008225190251874308,0.005435858853363379,0.0001,0.0033809811202495355,0.9766111754481389,1.059308505672159,0.748281518098173,0.9692926523260168,0.9630077324292354,0.8053969679475648,0.0,0.0012630122591085838,0.07533877934546798,2.6645352591003757e-15
41,101,untrained_mlp_ae,reconstruction,forecast,test_mean_shift,1,2,True,0.3181289236635112,0.07659771741959868,0.04961147419907993,0.0001,0.0033809811202495355,0.9766111754481389,1.059308505672159,0.748281518098173,0.9692926523260168,0.9630077324292354,0.8053969679475648,0.0,0.0012630122591085838,0.07533877934546798,1.5543122344752192e-15
41,101,untrained_mlp_ae,reconstruction,reconstruction,test_variance_shift,0,2,True,0.3405844535318169,0.013042070156272999,0.005435858853363379,0.0001,0.0009020406808664534,0.976370578201729,1.0730657589925767,0.650861087900665,0.9838685635521859,1.0730657589925767,0.5479066852112473,9.244463733058732e-33,0.004608305298403905,0.02348063354733007,2.220446049250313e-15
41,101,untrained_mlp_ae,reconstruction,forecast,test_variance_shift,0,2,True,0.3405844535318169,0.09416781533657931,0.04961147419907993,0.0001,0.0009020406808664534,0.976370578201729,1.0730657589925767,0.650861087900665,0.9838685635521859,1.0730657589925767,0.5479066852112473,9.244463733058732e-33,0.004608305298403905,0.02348063354733007,1.1102230246251565e-15
41,101,untrained_mlp_ae,reconstruction,reconstruction,test_variance_shift,1,2,True,0.32612875559903465,0.012084935137204938,0.005435858853363379,0.0001,0.00039371268884847316,0.9776826890711345,1.0455512523517414,0.6726430753819193,0.9715872009325677,1.018036745710906,0.7119844030264937,0.0,0.0010122621975293983,0.04666797112894088,1.3322676295501878e-15
41,101,untrained_mlp_ae,reconstruction,forecast,test_variance_shift,1,2,True,0.32612875559903465,0.10246919329456457,0.04961147419907993,0.0001,0.00039371268884847316,0.9776826890711345,1.0455512523517414,0.6726430753819193,0.9715872009325677,1.018036745710906,0.7119844030264937,0.0,0.0010122621975293983,0.04666797112894088,1.1102230246251565e-15
41,101,untrained_mlp_ae,reconstruction,reconstruction,test_persistence_shift,0,2,True,0.16681977873888548,0.004269720037117124,0.005435858853363379,0.0001,0.0022749275107009285,0.987216469775577,1.0730657589925765,0.3103609527819698,0.986182074655124,0.9905222390700708,0.3039485031282214,0.0,0.00407539354136166,0.029902234520986753,1.3322676295501878e-15
41,101,untrained_mlp_ae,reconstruction,forecast,test_persistence_shift,0,2,True,0.16681977873888548,0.052659024512711206,0.04961147419907993,0.0001,0.0022749275107009285,0.987216469775577,1.0730657589925765,0.3103609527819698,0.986182074655124,0.9905222390700708,0.3039485031282214,0.0,0.00407539354136166,0.029902234520986753,4.440892098500626e-16
41,101,untrained_mlp_ae,reconstruction,reconstruction,test_persistence_shift,1,2,True,0.14957747445650676,0.004272589257925026,0.005435858853363379,0.0001,0.0005819012418084669,0.9895423075823906,1.0317939990313238,0.28017709866952106,0.9863375473290092,0.9905222390700708,0.2688501278750935,2.311115933264683e-33,1.4426149423706603e-05,0.01677462759254157,1.3322676295501878e-15
41,101,untrained_mlp_ae,reconstruction,forecast,test_persistence_shift,1,2,True,0.14957747445650676,0.06654435080520638,0.04961147419907993,0.0001,0.0005819012418084669,0.9895423075823906,1.0317939990313238,0.28017709866952106,0.9863375473290092,0.9905222390700708,0.2688501278750935,2.311115933264683e-33,1.4426149423706603e-05,0.01677462759254157,6.661338147750939e-16
41,101,untrained_mlp_ae,reconstruction,reconstruction,test_noise_shift,0,2,True,0.220940460351371,0.05196733636069338,0.005435858853363379,0.0001,0.00033187355969653635,0.9852728857854907,1.1556092789150822,0.38452747816831134,0.9863337059503191,1.1280947722742471,0.41534612602826415,1.0271626370065257e-33,0.00012395810275460132,0.01802868169242625,1.3322676295501878e-15
41,101,untrained_mlp_ae,reconstruction,forecast,test_noise_shift,0,2,True,0.220940460351371,0.11135550046950467,0.04961147419907993,0.0001,0.00033187355969653635,0.9852728857854907,1.1556092789150822,0.38452747816831134,0.9863337059503191,1.1280947722742471,0.41534612602826415,1.0271626370065257e-33,0.00012395810275460132,0.01802868169242625,8.881784197001252e-16
41,101,untrained_mlp_ae,reconstruction,reconstruction,test_noise_shift,1,2,True,0.22288993184137212,0.05294291612351896,0.005435858853363379,0.0001,0.0052165497357770756,0.9847715468996936,1.1831237855559178,0.2793730844979056,0.9839203218788478,1.0730657589925767,0.39830424798801906,2.311115933264683e-33,0.002483438197278266,0.020275576311913665,1.3322676295501878e-15
41,101,untrained_mlp_ae,reconstruction,forecast,test_noise_shift,1,2,True,0.22288993184137212,0.10209965158832367,0.04961147419907993,0.0001,0.0052165497357770756,0.9847715468996936,1.1831237855559178,0.2793730844979056,0.9839203218788478,1.0730657589925767,0.39830424798801906,2.311115933264683e-33,0.002483438197278266,0.020275576311913665,4.440892098500626e-16
41,101,untrained_mlp_ae,reconstruction,reconstruction,test_combined_shift,0,2,True,0.33892281161930027,0.042895688554076085,0.005435858853363379,0.0001,0.015082316926433371,0.980480550272249,0.9354932257884001,0.5448365870307137,0.9875331512700176,0.7704061859433884,0.8127431444247267,5.033096921331976e-32,8.844658466118401e-05,0.1494655559103256,3.1086244689504383e-15
41,101,untrained_mlp_ae,reconstruction,forecast,test_combined_shift,0,2,True,0.33892281161930027,0.13221093720402965,0.04961147419907993,0.0001,0.015082316926433371,0.980480550272249,0.9354932257884001,0.5448365870307137,0.9875331512700176,0.7704061859433884,0.8127431444247267,5.033096921331976e-32,8.844658466118401e-05,0.1494655559103256,1.3322676295501878e-15
41,101,untrained_mlp_ae,reconstruction,reconstruction,test_combined_shift,1,2,True,0.3200780406369086,0.05937450094534942,0.005435858853363379,0.0001,0.0039102488262227186,0.9859020599858369,0.9492504791088178,0.5520072494418563,0.9811190430771277,0.8529497058658941,0.650679034684329,1.0271626370065257e-33,0.004158027355304999,0.07395490543392269,8.881784197001252e-16
41,101,untrained_mlp_ae,reconstruction,forecast,test_combined_shift,1,2,True,0.3200780406369086,0.13751673418281116,0.04961147419907993,0.0001,0.0039102488262227186,0.9859020599858369,0.9492504791088178,0.5520072494418563,0.9811190430771277,0.8529497058658941,0.650679034684329,1.0271626370065257e-33,0.004158027355304999,0.07395490543392269,4.440892098500626e-16
41,101,mlp_te,forecast,reconstruction,test_id,0,2,True,0.07621007185174151,0.006768103414176198,0.007098065697880138,0.0001,0.000641411794341052,0.9753149293468062,1.1143375189538296,0.5343974984755111,0.9649593913758518,1.1556092789150825,0.5557179155498558,1.0271626370065257e-33,0.0001997905201851235,0.03457883577546321,3.552713678800501e-15
41,101,mlp_te,forecast,forecast,test_id,0,2,True,0.07621007185174151,0.05362075836177144,0.05143376724177352,0.0001,0.000641411794341052,0.9753149293468062,1.1143375189538296,0.5343974984755111,0.9649593913758518,1.1556092789150825,0.5557179155498558,1.0271626370065257e-33,0.0001997905201851235,0.03457883577546321,1.7763568394002505e-15
41,101,mlp_te,forecast,reconstruction,test_id,1,2,True,0.07752632314275884,0.007515128517444687,0.007098065697880138,0.0001,0.0031814549804163074,0.9824387594145383,1.0868230123129943,0.5823317915647782,0.9663880694022484,0.9905222390700708,0.5751480977535623,4.108650548026103e-33,0.001012771117949558,0.026686596396848113,3.552713678800501e-15
41,101,mlp_te,forecast,forecast,test_id,1,2,True,0.07752632314275884,0.0524480501959529,0.05143376724177352,0.0001,0.0031814549804163074,0.9824387594145383,1.0868230123129943,0.5823317915647782,0.9663880694022484,0.9905222390700708,0.5751480977535623,4.108650548026103e-33,0.001012771117949558,0.026686596396848113,8.881784197001252e-16
41,101,mlp_te,forecast,reconstruction,test_mean_shift,0,2,True,0.22955385519089147,0.012981692246067338,0.007098065697880138,0.0001,0.001940686019573034,0.9847609612180106,0.8667069591863118,0.7879068286782779,0.9817352566382899,0.8254351992250588,0.9161182946275614,4.108650548026103e-33,0.0017000296942103674,0.13407388856698285,2.6645352591003757e-15
41,101,mlp_te,forecast,forecast,test_mean_shift,0,2,True,0.22955385519089147,0.09468151599511071,0.05143376724177352,0.0001,0.001940686019573034,0.9847609612180106,0.8667069591863118,0.7879068286782779,0.9817352566382899,0.8254351992250588,0.9161182946275614,4.108650548026103e-33,0.0017000296942103674,0.13407388856698285,1.7763568394002505e-15
41,101,mlp_te,forecast,reconstruction,test_mean_shift,1,2,True,0.17981819921486006,0.006589308157910785,0.007098065697880138,0.0001,0.0009009371132124924,0.9766111754481389,1.059308505672159,0.748281518098173,0.9687741543640438,1.0455512523517414,0.8473194991204613,4.108650548026103e-33,0.0025877190315513735,0.06562510478682919,5.329070518200751e-15
41,101,mlp_te,forecast,forecast,test_mean_shift,1,2,True,0.17981819921486006,0.07391928061517358,0.05143376724177352,0.0001,0.0009009371132124924,0.9766111754481389,1.059308505672159,0.748281518098173,0.9687741543640438,1.0455512523517414,0.8473194991204613,4.108650548026103e-33,0.0025877190315513735,0.06562510478682919,2.6645352591003757e-15
41,101,mlp_te,forecast,reconstruction,test_variance_shift,0,2,True,0.1658858576057545,0.021097977714421155,0.007098065697880138,0.0001,0.0023223380008948876,0.976370578201729,1.0730657589925767,0.650861087900665,0.9864319117494673,0.9905222390700708,0.6363903050982485,1.0271626370065257e-33,0.0027118213359073333,0.03205888720403845,5.329070518200751e-15
41,101,mlp_te,forecast,forecast,test_variance_shift,0,2,True,0.1658858576057545,0.098197319362934,0.05143376724177352,0.0001,0.0023223380008948876,0.976370578201729,1.0730657589925767,0.650861087900665,0.9864319117494673,0.9905222390700708,0.6363903050982485,1.0271626370065257e-33,0.0027118213359073333,0.03205888720403845,1.7763568394002505e-15
41,101,mlp_te,forecast,reconstruction,test_variance_shift,1,2,True,0.17017839568808582,0.03484723890748763,0.007098065697880138,0.0001,0.0031098744500432096,0.9776826890711345,1.0455512523517414,0.6726430753819193,0.9799815300540045,1.100580265633412,0.5139465552245973,1.0271626370065257e-33,0.0003026954019730937,0.018756645409194136,3.552713678800501e-15
41,101,mlp_te,forecast,forecast,test_variance_shift,1,2,True,0.17017839568808582,0.1200286842226536,0.05143376724177352,0.0001,0.0031098744500432096,0.9776826890711345,1.0455512523517414,0.6726430753819193,0.9799815300540045,1.100580265633412,0.5139465552245973,1.0271626370065257e-33,0.0003026954019730937,0.018756645409194136,1.1102230246251565e-15
41,101,mlp_te,forecast,reconstruction,test_persistence_shift,0,2,True,0.05852970147543481,0.004726555488102605,0.007098065697880138,0.0001,0.0010219697343965453,0.987216469775577,1.0730657589925765,0.3103609527819698,0.9873257327297106,1.018036745710906,0.2980800795162398,4.108650548026103e-33,4.125932863406564e-05,0.02716368897650222,1.7763568394002505e-15
41,101,mlp_te,forecast,forecast,test_persistence_shift,0,2,True,0.05852970147543481,0.05247165617687369,0.05143376724177352,0.0001,0.0010219697343965453,0.987216469775577,1.0730657589925765,0.3103609527819698,0.9873257327297106,1.018036745710906,0.2980800795162398,4.108650548026103e-33,4.125932863406564e-05,0.02716368897650222,8.881784197001252e-16
41,101,mlp_te,forecast,reconstruction,test_persistence_shift,1,2,True,0.07375500420284448,0.005826804757882489,0.007098065697880138,0.0001,0.002211871579350135,0.9895423075823906,1.0317939990313238,0.28017709866952106,0.9935738314155212,0.9905222390700708,0.42040553206780173,4.108650548026103e-33,6.410967817705129e-06,0.03913059585324576,3.552713678800501e-15
41,101,mlp_te,forecast,forecast,test_persistence_shift,1,2,True,0.07375500420284448,0.06407333538385847,0.05143376724177352,0.0001,0.002211871579350135,0.9895423075823906,1.0317939990313238,0.28017709866952106,0.9935738314155212,0.9905222390700708,0.42040553206780173,4.108650548026103e-33,6.410967817705129e-06,0.03913059585324576,8.881784197001252e-16
41,101,mlp_te,forecast,reconstruction,test_noise_shift,0,2,True,0.1216276910726279,0.053444791935867465,0.007098065697880138,0.0001,0.007010142776282857,0.9852728857854907,1.1556092789150822,0.38452747816831134,0.9840962817455998,1.018036745710906,0.2928139668503441,0.0,0.0010473563401116788,0.021181191152042714,3.552713678800501e-15
41,101,mlp_te,forecast,forecast,test_noise_shift,0,2,True,0.1216276910726279,0.10733507036646561,0.05143376724177352,0.0001,0.007010142776282857,0.9852728857854907,1.1556092789150822,0.38452747816831134,0.9840962817455998,1.018036745710906,0.2928139668503441,0.0,0.0010473563401116788,0.021181191152042714,1.7763568394002505e-15
41,101,mlp_te,forecast,reconstruction,test_noise_shift,1,2,True,0.113459857149857,0.05416083164607448,0.007098065697880138,0.0001,0.0040579368296505425,0.9847715468996936,1.1831237855559178,0.2793730844979056,0.9885976058962025,1.0730657589925767,0.2929969680102925,2.5679065925163143e-34,0.0001073024081578978,0.0122443127758854,1.7763568394002505e-15
41,101,mlp_te,forecast,forecast,test_noise_shift,1,2,True,0.113459857149857,0.10502414750762261,0.05143376724177352,0.0001,0.0040579368296505425,0.9847715468996936,1.1831237855559178,0.2793730844979056,0.9885976058962025,1.0730657589925767,0.2929969680102925,2.5679065925163143e-34,0.0001073024081578978,0.0122443127758854,8.881784197001252e-16
41,101,mlp_te,forecast,reconstruction,test_combined_shift,0,2,True,0.22751271602411996,0.04724669192024441,0.007098065697880138,0.0001,0.0021559832277074802,0.980480550272249,0.9354932257884001,0.5448365870307137,0.9891621200641263,0.9079787191475648,0.6949769474056993,1.6434602192104412e-32,0.005134809993171532,0.07893365836196549,5.329070518200751e-15
41,101,mlp_te,forecast,forecast,test_combined_shift,0,2,True,0.22751271602411996,0.14211844979766894,0.05143376724177352,0.0001,0.0021559832277074802,0.980480550272249,0.9354932257884001,0.5448365870307137,0.9891621200641263,0.9079787191475648,0.6949769474056993,1.6434602192104412e-32,0.005134809993171532,0.07893365836196549,2.6645352591003757e-15
41,101,mlp_te,forecast,reconstruction,test_combined_shift,1,2,True,0.2260444739436523,0.04859354037254076,0.007098065697880138,0.0001,0.0013993694578266866,0.9859020599858369,0.9492504791088178,0.5520072494418563,0.9767596564739608,0.9079787191475648,0.6502145131489123,1.6434602192104412e-32,0.005793631613936566,0.08033651229968646,3.552713678800501e-15
41,101,mlp_te,forecast,forecast,test_combined_shift,1,2,True,0.2260444739436523,0.13373584937816535,0.05143376724177352,0.0001,0.0013993694578266866,0.9859020599858369,0.9492504791088178,0.5520072494418563,0.9767596564739608,0.9079787191475648,0.6502145131489123,1.6434602192104412e-32,0.005793631613936566,0.08033651229968646,8.881784197001252e-16
41,101,untrained_mlp_te,forecast,reconstruction,test_id,0,2,True,0.15039307523459483,0.005684720442487639,0.005435858853363379,0.0001,0.0006096892847841229,0.9753149293468062,1.1143375189538296,0.5343974984755111,0.9774350929702408,1.0730657589925767,0.5123779989114468,4.108650548026103e-33,0.0025161638929664817,0.0254080426907842,1.7763568394002505e-15
41,101,untrained_mlp_te,forecast,forecast,test_id,0,2,True,0.15039307523459483,0.05197638189772184,0.04961147419907993,0.0001,0.0006096892847841229,0.9753149293468062,1.1143375189538296,0.5343974984755111,0.9774350929702408,1.0730657589925767,0.5123779989114468,4.108650548026103e-33,0.0025161638929664817,0.0254080426907842,8.881784197001252e-16
41,101,untrained_mlp_te,forecast,reconstruction,test_id,1,2,True,0.16349508470732557,0.005769294897545164,0.005435858853363379,0.0001,0.0005869987128673035,0.9824387594145383,1.0868230123129943,0.5823317915647782,0.9755782007095621,1.0455512523517414,0.5758292681905148,1.0271626370065257e-33,1.2003903235779809e-05,0.028334987965800792,1.3322676295501878e-15
41,101,untrained_mlp_te,forecast,forecast,test_id,1,2,True,0.16349508470732557,0.0520057017176981,0.04961147419907993,0.0001,0.0005869987128673035,0.9824387594145383,1.0868230123129943,0.5823317915647782,0.9755782007095621,1.0455512523517414,0.5758292681905148,1.0271626370065257e-33,1.2003903235779809e-05,0.028334987965800792,1.3322676295501878e-15
41,101,untrained_mlp_te,forecast,reconstruction,test_mean_shift,0,2,True,0.3535994529774575,0.008089215137067285,0.005435858853363379,0.0001,0.009432240670255122,0.9847609612180106,0.8667069591863118,0.7879068286782779,0.9842615963411925,0.7153771726617177,0.9348186165770841,9.244463733058732e-33,0.0010625420064425794,0.17653554891088377,1.7763568394002505e-15
41,101,untrained_mlp_te,forecast,forecast,test_mean_shift,0,2,True,0.3535994529774575,0.08937613083926708,0.04961147419907993,0.0001,0.009432240670255122,0.9847609612180106,0.8667069591863118,0.7879068286782779,0.9842615963411925,0.7153771726617177,0.9348186165770841,9.244463733058732e-33,0.0010625420064425794,0.17653554891088377,8.881784197001252e-16
41,101,untrained_mlp_te,forecast,reconstruction,test_mean_shift,1,2,True,0.3175796289244844,0.008225190251874308,0.005435858853363379,0.0001,0.0033809811202495355,0.9766111754481389,1.059308505672159,0.748281518098173,0.9692926523260168,0.9630077324292354,0.8053969679475648,0.0,0.0012630122591085838,0.07533877934546798,2.6645352591003757e-15
41,101,untrained_mlp_te,forecast,forecast,test_mean_shift,1,2,True,0.3175796289244844,0.07659771741959868,0.04961147419907993,0.0001,0.0033809811202495355,0.9766111754481389,1.059308505672159,0.748281518098173,0.9692926523260168,0.9630077324292354,0.8053969679475648,0.0,0.0012630122591085838,0.07533877934546798,1.5543122344752192e-15
41,101,untrained_mlp_te,forecast,reconstruction,test_variance_shift,0,2,True,0.33988117775158394,0.013042070156272999,0.005435858853363379,0.0001,0.0009020406808664534,0.976370578201729,1.0730657589925767,0.650861087900665,0.9838685635521859,1.0730657589925767,0.5479066852112473,9.244463733058732e-33,0.004608305298403905,0.02348063354733007,2.220446049250313e-15
41,101,untrained_mlp_te,forecast,forecast,test_variance_shift,0,2,True,0.33988117775158394,0.09416781533657931,0.04961147419907993,0.0001,0.0009020406808664534,0.976370578201729,1.0730657589925767,0.650861087900665,0.9838685635521859,1.0730657589925767,0.5479066852112473,9.244463733058732e-33,0.004608305298403905,0.02348063354733007,1.1102230246251565e-15
41,101,untrained_mlp_te,forecast,reconstruction,test_variance_shift,1,2,True,0.3254701676535437,0.012084935137204938,0.005435858853363379,0.0001,0.00039371268884847316,0.9776826890711345,1.0455512523517414,0.6726430753819193,0.9715872009325677,1.018036745710906,0.7119844030264937,0.0,0.0010122621975293983,0.04666797112894088,1.3322676295501878e-15
41,101,untrained_mlp_te,forecast,forecast,test_variance_shift,1,2,True,0.3254701676535437,0.10246919329456457,0.04961147419907993,0.0001,0.00039371268884847316,0.9776826890711345,1.0455512523517414,0.6726430753819193,0.9715872009325677,1.018036745710906,0.7119844030264937,0.0,0.0010122621975293983,0.04666797112894088,1.1102230246251565e-15
41,101,untrained_mlp_te,forecast,reconstruction,test_persistence_shift,0,2,True,0.162936862490382,0.004269720037117124,0.005435858853363379,0.0001,0.0022749275107009285,0.987216469775577,1.0730657589925765,0.3103609527819698,0.986182074655124,0.9905222390700708,0.3039485031282214,0.0,0.00407539354136166,0.029902234520986753,1.3322676295501878e-15
41,101,untrained_mlp_te,forecast,forecast,test_persistence_shift,0,2,True,0.162936862490382,0.052659024512711206,0.04961147419907993,0.0001,0.0022749275107009285,0.987216469775577,1.0730657589925765,0.3103609527819698,0.986182074655124,0.9905222390700708,0.3039485031282214,0.0,0.00407539354136166,0.029902234520986753,4.440892098500626e-16
41,101,untrained_mlp_te,forecast,reconstruction,test_persistence_shift,1,2,True,0.14684522746754358,0.004272589257925026,0.005435858853363379,0.0001,0.0005819012418084669,0.9895423075823906,1.0317939990313238,0.28017709866952106,0.9863375473290092,0.9905222390700708,0.2688501278750935,2.311115933264683e-33,1.4426149423706603e-05,0.01677462759254157,1.3322676295501878e-15
41,101,untrained_mlp_te,forecast,forecast,test_persistence_shift,1,2,True,0.14684522746754358,0.06654435080520638,0.04961147419907993,0.0001,0.0005819012418084669,0.9895423075823906,1.0317939990313238,0.28017709866952106,0.9863375473290092,0.9905222390700708,0.2688501278750935,2.311115933264683e-33,1.4426149423706603e-05,0.01677462759254157,6.661338147750939e-16
41,101,untrained_mlp_te,forecast,reconstruction,test_noise_shift,0,2,True,0.22016683745114476,0.05196733636069338,0.005435858853363379,0.0001,0.00033187355969653635,0.9852728857854907,1.1556092789150822,0.38452747816831134,0.9863337059503191,1.1280947722742471,0.41534612602826415,1.0271626370065257e-33,0.00012395810275460132,0.01802868169242625,1.3322676295501878e-15
41,101,untrained_mlp_te,forecast,forecast,test_noise_shift,0,2,True,0.22016683745114476,0.11135550046950467,0.04961147419907993,0.0001,0.00033187355969653635,0.9852728857854907,1.1556092789150822,0.38452747816831134,0.9863337059503191,1.1280947722742471,0.41534612602826415,1.0271626370065257e-33,0.00012395810275460132,0.01802868169242625,8.881784197001252e-16
41,101,untrained_mlp_te,forecast,reconstruction,test_noise_shift,1,2,True,0.22198010723323713,0.05294291612351896,0.005435858853363379,0.0001,0.0052165497357770756,0.9847715468996936,1.1831237855559178,0.2793730844979056,0.9839203218788478,1.0730657589925767,0.39830424798801906,2.311115933264683e-33,0.002483438197278266,0.020275576311913665,1.3322676295501878e-15
41,101,untrained_mlp_te,forecast,forecast,test_noise_shift,1,2,True,0.22198010723323713,0.10209965158832367,0.04961147419907993,0.0001,0.0052165497357770756,0.9847715468996936,1.1831237855559178,0.2793730844979056,0.9839203218788478,1.0730657589925767,0.39830424798801906,2.311115933264683e-33,0.002483438197278266,0.020275576311913665,4.440892098500626e-16
41,101,untrained_mlp_te,forecast,reconstruction,test_combined_shift,0,2,True,0.33555294980155104,0.042895688554076085,0.005435858853363379,0.0001,0.015082316926433371,0.980480550272249,0.9354932257884001,0.5448365870307137,0.9875331512700176,0.7704061859433884,0.8127431444247267,5.033096921331976e-32,8.844658466118401e-05,0.1494655559103256,3.1086244689504383e-15
41,101,untrained_mlp_te,forecast,forecast,test_combined_shift,0,2,True,0.33555294980155104,0.13221093720402965,0.04961147419907993,0.0001,0.015082316926433371,0.980480550272249,0.9354932257884001,0.5448365870307137,0.9875331512700176,0.7704061859433884,0.8127431444247267,5.033096921331976e-32,8.844658466118401e-05,0.1494655559103256,1.3322676295501878e-15
41,101,untrained_mlp_te,forecast,reconstruction,test_combined_shift,1,2,True,0.32158112257025295,0.05937450094534942,0.005435858853363379,0.0001,0.0039102488262227186,0.9859020599858369,0.9492504791088178,0.5520072494418563,0.9811190430771277,0.8529497058658941,0.650679034684329,1.0271626370065257e-33,0.004158027355304999,0.07395490543392269,8.881784197001252e-16
41,101,untrained_mlp_te,forecast,forecast,test_combined_shift,1,2,True,0.32158112257025295,0.13751673418281116,0.04961147419907993,0.0001,0.0039102488262227186,0.9859020599858369,0.9492504791088178,0.5520072494418563,0.9811190430771277,0.8529497058658941,0.650679034684329,1.0271626370065257e-33,0.004158027355304999,0.07395490543392269,4.440892098500626e-16
41,101,gru_te,forecast,reconstruction,test_id,0,2,True,0.0937882148248397,0.03935663515474217,0.04706826323682911,0.0001,0.012625933790978225,0.9753149293468062,1.1143375189538296,0.5343974984755111,0.969864623244656,0.9630077324292354,0.7789165467866666,4.108650548026103e-33,0.00017078808936390674,0.07429329256105499,4.440892098500626e-16
41,101,gru_te,forecast,forecast,test_id,0,2,True,0.0937882148248397,0.063492348542386,0.06688234437847793,0.001,0.012625933790978225,0.9753149293468062,1.1143375189538296,0.5343974984755111,0.969864623244656,0.9630077324292354,0.7789165467866666,4.108650548026103e-33,0.00017078808936390674,0.07429329256105499,1.6653345369377348e-16
41,101,gru_te,forecast,reconstruction,test_id,1,2,True,0.09063951823633544,0.03707814019827742,0.04706826323682911,0.0001,0.012163977173261254,0.9824387594145383,1.0868230123129943,0.5823317915647782,0.9426515366510113,0.9630077324292354,0.8621794993764071,0.0,0.00015129127386981193,0.07791619429354335,4.440892098500626e-16
41,101,gru_te,forecast,forecast,test_id,1,2,True,0.09063951823633544,0.05888020440920993,0.06688234437847793,0.001,0.012163977173261254,0.9824387594145383,1.0868230123129943,0.5823317915647782,0.9426515366510113,0.9630077324292354,0.8621794993764071,0.0,0.00015129127386981193,0.07791619429354335,1.1102230246251565e-16
41,101,gru_te,forecast,reconstruction,test_mean_shift,0,2,True,0.23795223282825656,0.16139390704530943,0.04706826323682911,0.0001,0.004118923737232139,0.9847609612180106,0.8667069591863118,0.7879068286782779,0.9471807789954318,0.7704061859433883,0.8696542980856967,1.0271626370065257e-33,0.0005002823414091566,0.15754070179628077,4.440892098500626e-16
41,101,gru_te,forecast,forecast,test_mean_shift,0,2,True,0.23795223282825656,0.18851570261687287,0.06688234437847793,0.001,0.004118923737232139,0.9847609612180106,0.8667069591863118,0.7879068286782779,0.9471807789954318,0.7704061859433883,0.8696542980856967,1.0271626370065257e-33,0.0005002823414091566,0.15754070179628077,1.6653345369377348e-16
41,101,gru_te,forecast,reconstruction,test_mean_shift,1,2,True,0.19202017683579053,0.1297784489568459,0.04706826323682911,0.0001,0.00529376744995564,0.9766111754481389,1.059308505672159,0.748281518098173,0.9565577656168066,0.9354932257884001,0.7726896783164283,1.0271626370065257e-33,3.4347249245680717e-05,0.0761844257144064,6.661338147750939e-16
41,101,gru_te,forecast,forecast,test_mean_shift,1,2,True,0.19202017683579053,0.15315888106746794,0.06688234437847793,0.001,0.00529376744995564,0.9766111754481389,1.059308505672159,0.748281518098173,0.9565577656168066,0.9354932257884001,0.7726896783164283,1.0271626370065257e-33,3.4347249245680717e-05,0.0761844257144064,3.3306690738754696e-16
41,101,gru_te,forecast,reconstruction,test_variance_shift,0,2,True,0.16070077309726694,0.14019308999428343,0.04706826323682911,0.0001,0.03381149627004878,0.976370578201729,1.0730657589925767,0.650861087900665,0.9387524091090321,0.7704061859433883,0.8343445477104533,1.0271626370065257e-33,0.0006756025134988429,0.11683954776084,4.440892098500626e-16
41,101,gru_te,forecast,forecast,test_variance_shift,0,2,True,0.16070077309726694,0.15112962651776832,0.06688234437847793,0.001,0.03381149627004878,0.976370578201729,1.0730657589925767,0.650861087900665,0.9387524091090321,0.7704061859433883,0.8343445477104533,1.0271626370065257e-33,0.0006756025134988429,0.11683954776084,2.220446049250313e-16
41,101,gru_te,forecast,reconstruction,test_variance_shift,1,2,True,0.16362529390872932,0.0616634650028455,0.04706826323682911,0.0001,0.029373454725934098,0.9776826890711345,1.0455512523517414,0.6726430753819193,0.9574237452397916,0.7704061859433884,0.8917789401214345,5.033096921331976e-32,0.001774705703149429,0.11339095446324536,4.440892098500626e-16
41,101,gru_te,forecast,forecast,test_variance_shift,1,2,True,0.16362529390872932,0.10670904724178013,0.06688234437847793,0.001,0.029373454725934098,0.9776826890711345,1.0455512523517414,0.6726430753819193,0.9574237452397916,0.7704061859433884,0.8917789401214345,5.033096921331976e-32,0.001774705703149429,0.11339095446324536,2.220446049250313e-16
41,101,gru_te,forecast,reconstruction,test_persistence_shift,0,2,True,0.06487778689562888,0.03782842231654855,0.04706826323682911,0.0001,0.02300213483102956,0.987216469775577,1.0730657589925765,0.3103609527819698,0.9667495117262654,0.9905222390700708,0.8074487737556859,1.6434602192104412e-32,0.0018341493663071174,0.0753553719924993,1.1102230246251565e-16
41,101,gru_te,forecast,forecast,test_persistence_shift,0,2,True,0.06487778689562888,0.05252047068405297,0.06688234437847793,0.001,0.02300213483102956,0.987216469775577,1.0730657589925765,0.3103609527819698,0.9667495117262654,0.9905222390700708,0.8074487737556859,1.6434602192104412e-32,0.0018341493663071174,0.0753553719924993,5.551115123125783e-17
41,101,gru_te,forecast,reconstruction,test_persistence_shift,1,2,True,0.08835265902055685,0.051281240353447936,0.04706826323682911,0.0001,0.02271700141217695,0.9895423075823906,1.0317939990313238,0.28017709866952106,0.9563932788510181,0.8529497058658941,0.6547000749091922,4.108650548026103e-33,0.0010247041367516714,0.07987265872106607,2.220446049250313e-16
41,101,gru_te,forecast,forecast,test_persistence_shift,1,2,True,0.08835265902055685,0.07473051416620594,0.06688234437847793,0.001,0.02271700141217695,0.9895423075823906,1.0317939990313238,0.28017709866952106,0.9563932788510181,0.8529497058658941,0.6547000749091922,4.108650548026103e-33,0.0010247041367516714,0.07987265872106607,1.1102230246251565e-16
41,101,gru_te,forecast,reconstruction,test_noise_shift,0,2,True,0.13216887752302736,0.08234754825164646,0.04706826323682911,0.0001,0.011792277848990137,0.9852728857854907,1.1556092789150822,0.38452747816831134,0.9691303295847709,1.0455512523517414,0.6878654561088255,9.244463733058732e-33,0.002849913564985701,0.046263385848317455,4.440892098500626e-16
41,101,gru_te,forecast,forecast,test_noise_shift,0,2,True,0.13216887752302736,0.10946616820056683,0.06688234437847793,0.001,0.011792277848990137,0.9852728857854907,1.1556092789150822,0.38452747816831134,0.9691303295847709,1.0455512523517414,0.6878654561088255,9.244463733058732e-33,0.002849913564985701,0.046263385848317455,2.220446049250313e-16
41,101,gru_te,forecast,reconstruction,test_noise_shift,1,2,True,0.12083751173080012,0.06965705013604426,0.04706826323682911,0.0001,0.022255891226770127,0.9847715468996936,1.1831237855559178,0.2793730844979056,0.9479593084809463,1.018036745710906,0.6700586463407933,4.108650548026103e-33,0.004573481330690288,0.04268665916850372,1.1102230246251565e-16
41,101,gru_te,forecast,forecast,test_noise_shift,1,2,True,0.12083751173080012,0.1007834829367812,0.06688234437847793,0.001,0.022255891226770127,0.9847715468996936,1.1831237855559178,0.2793730844979056,0.9479593084809463,1.018036745710906,0.6700586463407933,4.108650548026103e-33,0.004573481330690288,0.04268665916850372,1.1102230246251565e-16
41,101,gru_te,forecast,reconstruction,test_combined_shift,0,2,True,0.24208564249831754,0.14454849388970573,0.04706826323682911,0.0001,0.004615147878115961,0.980480550272249,0.9354932257884001,0.5448365870307137,0.9575367307925365,0.9079787191475648,0.768997035873427,1.0271626370065257e-33,0.0012449616892815278,0.11283506306087338,6.661338147750939e-16
41,101,gru_te,forecast,forecast,test_combined_shift,0,2,True,0.24208564249831754,0.19050200458691588,0.06688234437847793,0.001,0.004615147878115961,0.980480550272249,0.9354932257884001,0.5448365870307137,0.9575367307925365,0.9079787191475648,0.768997035873427,1.0271626370065257e-33,0.0012449616892815278,0.11283506306087338,2.7755575615628914e-16
41,101,gru_te,forecast,reconstruction,test_combined_shift,1,2,True,0.24852956609348054,0.18073536135506837,0.04706826323682911,0.0001,0.0008882820713359977,0.9859020599858369,0.9492504791088178,0.5520072494418563,0.9622859901306343,0.9905222390700708,0.592195271951201,2.5679065925163147e-32,0.0027533920252056005,0.045391548080377396,3.3306690738754696e-16
41,101,gru_te,forecast,forecast,test_combined_shift,1,2,True,0.24852956609348054,0.2030404054836082,0.06688234437847793,0.001,0.0008882820713359977,0.9859020599858369,0.9492504791088178,0.5520072494418563,0.9622859901306343,0.9905222390700708,0.592195271951201,2.5679065925163147e-32,0.0027533920252056005,0.045391548080377396,1.1102230246251565e-16
41,101,untrained_gru_te,forecast,reconstruction,test_id,0,2,True,0.18293584358702694,0.02606920660549416,0.02536274400644706,0.0001,0.014011308346720514,0.9753149293468062,1.1143375189538296,0.5343974984755111,0.953398209702928,0.9630077324292354,0.8075485786537446,0.0,0.0003031327287803172,0.06538146151624062,8.881784197001252e-16
41,101,untrained_gru_te,forecast,forecast,test_id,0,2,True,0.18293584358702694,0.05953443814035045,0.05452563127522371,0.0001,0.014011308346720514,0.9753149293468062,1.1143375189538296,0.5343974984755111,0.953398209702928,0.9630077324292354,0.8075485786537446,0.0,0.0003031327287803172,0.06538146151624062,4.440892098500626e-16
41,101,untrained_gru_te,forecast,reconstruction,test_id,1,2,True,0.20602521679302382,0.02574649767743299,0.02536274400644706,0.0001,0.034455472641711254,0.9824387594145383,1.0868230123129943,0.5823317915647782,0.9406207669330247,0.7979206925842236,0.8517988439870363,2.5679065925163147e-32,0.0025242222388708727,0.11923959699751148,6.661338147750939e-16
41,101,untrained_gru_te,forecast,forecast,test_id,1,2,True,0.20602521679302382,0.05577743929963264,0.05452563127522371,0.0001,0.034455472641711254,0.9824387594145383,1.0868230123129943,0.5823317915647782,0.9406207669330247,0.7979206925842236,0.8517988439870363,2.5679065925163147e-32,0.0025242222388708727,0.11923959699751148,4.440892098500626e-16
41,101,untrained_gru_te,forecast,reconstruction,test_mean_shift,0,2,True,0.38407513395466714,0.02288599363322198,0.02536274400644706,0.0001,0.02165199799011264,0.9847609612180106,0.8667069591863118,0.7879068286782779,0.9323062056448347,0.6328336527392118,0.9612015962807319,0.0,0.00915203657171605,0.21585429680622928,6.661338147750939e-16
41,101,untrained_gru_te,forecast,forecast,test_mean_shift,0,2,True,0.38407513395466714,0.09496076785380525,0.05452563127522371,0.0001,0.02165199799011264,0.9847609612180106,0.8667069591863118,0.7879068286782779,0.9323062056448347,0.6328336527392118,0.9612015962807319,0.0,0.00915203657171605,0.21585429680622928,3.3306690738754696e-16
41,101,untrained_gru_te,forecast,reconstruction,test_mean_shift,1,2,True,0.3287754209797031,0.02786062597076837,0.02536274400644706,0.0001,0.03589689847052427,0.9766111754481389,1.059308505672159,0.748281518098173,0.9309271631867967,0.7428916793025531,0.8963903757058803,1.0271626370065257e-33,0.0024039638523119695,0.13624174357168495,1.3322676295501878e-15
41,101,untrained_gru_te,forecast,forecast,test_mean_shift,1,2,True,0.3287754209797031,0.08917718826931553,0.05452563127522371,0.0001,0.03589689847052427,0.9766111754481389,1.059308505672159,0.748281518098173,0.9309271631867967,0.7428916793025531,0.8963903757058803,1.0271626370065257e-33,0.0024039638523119695,0.13624174357168495,6.661338147750939e-16
41,101,untrained_gru_te,forecast,reconstruction,test_variance_shift,0,2,True,0.40008356362311537,0.039730174104585285,0.02536274400644706,0.0001,0.040850398854209706,0.976370578201729,1.0730657589925767,0.650861087900665,0.9560525800248936,0.7428916793025531,0.8799763655541739,3.697785493223493e-32,2.348294559779995e-06,0.11441762465016243,8.881784197001252e-16
41,101,untrained_gru_te,forecast,forecast,test_variance_shift,0,2,True,0.40008356362311537,0.08728879144180231,0.05452563127522371,0.0001,0.040850398854209706,0.976370578201729,1.0730657589925767,0.650861087900665,0.9560525800248936,0.7428916793025531,0.8799763655541739,3.697785493223493e-32,2.348294559779995e-06,0.11441762465016243,4.440892098500626e-16
41,101,untrained_gru_te,forecast,reconstruction,test_variance_shift,1,2,True,0.40248200810069323,0.057728260924766454,0.02536274400644706,0.0001,0.009624694231532034,0.9776826890711345,1.0455512523517414,0.6726430753819193,0.9468401378326033,0.9079787191475648,0.8623440804976582,4.108650548026103e-33,0.0010656547770980071,0.084750590815939,5.551115123125783e-16
41,101,untrained_gru_te,forecast,forecast,test_variance_shift,1,2,True,0.40248200810069323,0.10022022936806627,0.05452563127522371,0.0001,0.009624694231532034,0.9776826890711345,1.0455512523517414,0.6726430753819193,0.9468401378326033,0.9079787191475648,0.8623440804976582,4.108650548026103e-33,0.0010656547770980071,0.084750590815939,3.885780586188048e-16
41,101,untrained_gru_te,forecast,reconstruction,test_persistence_shift,0,2,True,0.2204778938228564,0.02347114854696851,0.02536274400644706,0.0001,0.03618182959332115,0.987216469775577,1.0730657589925765,0.3103609527819698,0.9479844361833136,0.8804642125067295,0.8391746462939251,0.0,0.0002548173285119601,0.11338014621675212,4.440892098500626e-16
41,101,untrained_gru_te,forecast,forecast,test_persistence_shift,0,2,True,0.2204778938228564,0.04650257900660168,0.05452563127522371,0.0001,0.03618182959332115,0.987216469775577,1.0730657589925765,0.3103609527819698,0.9479844361833136,0.8804642125067295,0.8391746462939251,0.0,0.0002548173285119601,0.11338014621675212,2.220446049250313e-16
41,101,untrained_gru_te,forecast,reconstruction,test_persistence_shift,1,2,True,0.19505205009644636,0.026500604850082116,0.02536274400644706,0.0001,0.03192013599299405,0.9895423075823906,1.0317939990313238,0.28017709866952106,0.9621160155337757,0.8529497058658941,0.7822644428063915,3.697785493223493e-32,1.7930791345701097e-06,0.09519552469037351,4.440892098500626e-16
41,101,untrained_gru_te,forecast,forecast,test_persistence_shift,1,2,True,0.19505205009644636,0.058997816716021924,0.05452563127522371,0.0001,0.03192013599299405,0.9895423075823906,1.0317939990313238,0.28017709866952106,0.9621160155337757,0.8529497058658941,0.7822644428063915,3.697785493223493e-32,1.7930791345701097e-06,0.09519552469037351,2.220446049250313e-16
41,101,untrained_gru_te,forecast,reconstruction,test_noise_shift,0,2,True,0.26751290381423787,0.08857258899435594,0.02536274400644706,0.0001,0.030052075586943162,0.9852728857854907,1.1556092789150822,0.38452747816831134,0.9429335151567984,0.9354932257884001,0.7840898768573139,4.108650548026103e-33,0.0010227927020211298,0.07913465245503544,6.661338147750939e-16
41,101,untrained_gru_te,forecast,forecast,test_noise_shift,0,2,True,0.26751290381423787,0.10855127533045812,0.05452563127522371,0.0001,0.030052075586943162,0.9852728857854907,1.1556092789150822,0.38452747816831134,0.9429335151567984,0.9354932257884001,0.7840898768573139,4.108650548026103e-33,0.0010227927020211298,0.07913465245503544,4.440892098500626e-16
41,101,untrained_gru_te,forecast,reconstruction,test_noise_shift,1,2,True,0.27327559234452664,0.09260557147401166,0.02536274400644706,0.0001,0.03264201741312071,0.9847715468996936,1.1831237855559178,0.2793730844979056,0.9578687054520696,0.9630077324292354,0.720966619402291,1.0271626370065257e-33,0.000485038789489492,0.05478783549009667,4.440892098500626e-16
41,101,untrained_gru_te,forecast,forecast,test_noise_shift,1,2,True,0.27327559234452664,0.11409656597994366,0.05452563127522371,0.0001,0.03264201741312071,0.9847715468996936,1.1831237855559178,0.2793730844979056,0.9578687054520696,0.9630077324292354,0.720966619402291,1.0271626370065257e-33,0.000485038789489492,0.05478783549009667,2.220446049250313e-16
41,101,untrained_gru_te,forecast,reconstruction,test_combined_shift,0,2,True,0.3551298859731714,0.07636339363913545,0.02536274400644706,0.0001,0.02975069250810185,0.980480550272249,0.9354932257884001,0.5448365870307137,0.9620937351711893,0.6878626660208824,0.8770600565446591,1.6434602192104412e-32,0.012568564963470566,0.17156242785989476,1.1102230246251565e-15
41,101,untrained_gru_te,forecast,forecast,test_combined_shift,0,2,True,0.3551298859731714,0.13975890309823027,0.05452563127522371,0.0001,0.02975069250810185,0.980480550272249,0.9354932257884001,0.5448365870307137,0.9620937351711893,0.6878626660208824,0.8770600565446591,1.6434602192104412e-32,0.012568564963470566,0.17156242785989476,6.661338147750939e-16
41,101,untrained_gru_te,forecast,reconstruction,test_combined_shift,1,2,True,0.3259899684247399,0.09155259786263929,0.02536274400644706,0.0001,0.01366894494843513,0.9859020599858369,0.9492504791088178,0.5520072494418563,0.9666591816825643,0.7979206925842236,0.8183592135069375,3.697785493223493e-32,0.0003002515973672014,0.0908303206526434,6.661338147750939e-16
41,101,untrained_gru_te,forecast,forecast,test_combined_shift,1,2,True,0.3259899684247399,0.14990546093261597,0.05452563127522371,0.0001,0.01366894494843513,0.9859020599858369,0.9492504791088178,0.5520072494418563,0.9666591816825643,0.7979206925842236,0.8183592135069375,3.697785493223493e-32,0.0003002515973672014,0.0908303206526434,4.440892098500626e-16
41,101,qae,reconstruction,reconstruction,test_id,0,2,True,0.4912576191717631,0.004148366026768231,0.004229500777162953,0.0001,0.0005783451376850578,0.9753149293468062,1.1143375189538296,0.5343974984755111,0.9793486344809362,1.1556092789150825,0.5422477126501156,4.108650548026103e-33,0.00110125397014296,0.021126110360492056,2.7755575615628914e-16
41,101,qae,reconstruction,forecast,test_id,0,2,True,0.4912576191717631,0.05130229314305103,0.04976417028766162,0.0001,0.0005783451376850578,0.9753149293468062,1.1143375189538296,0.5343974984755111,0.9793486344809362,1.1556092789150825,0.5422477126501156,4.108650548026103e-33,0.00110125397014296,0.021126110360492056,1.1102230246251565e-16
41,101,qae,reconstruction,reconstruction,test_id,1,2,True,0.47540269660142725,0.0035785702148309964,0.004229500777162953,0.0001,6.536091750742783e-05,0.9824387594145383,1.0868230123129943,0.5823317915647782,0.9817192134718951,1.0730657589925767,0.5773106414030844,1.6434602192104412e-32,2.733202215087514e-05,0.02936181002855334,4.440892098500626e-16
41,101,qae,reconstruction,forecast,test_id,1,2,True,0.47540269660142725,0.049415723205107315,0.04976417028766162,0.0001,6.536091750742783e-05,0.9824387594145383,1.0868230123129943,0.5823317915647782,0.9817192134718951,1.0730657589925767,0.5773106414030844,1.6434602192104412e-32,2.733202215087514e-05,0.02936181002855334,2.7755575615628914e-16
41,101,qae,reconstruction,reconstruction,test_mean_shift,0,2,True,0.5806267463437165,0.005171282036667311,0.004229500777162953,0.0001,0.0019259076579715357,0.9847609612180106,0.8667069591863118,0.7879068286782779,0.9887744534046174,0.9079787191475648,0.6604979328494015,0.0,0.0011430818839756167,0.06439068391232854,4.440892098500626e-16
41,101,qae,reconstruction,forecast,test_mean_shift,0,2,True,0.5806267463437165,0.08448795541827597,0.04976417028766162,0.0001,0.0019259076579715357,0.9847609612180106,0.8667069591863118,0.7879068286782779,0.9887744534046174,0.9079787191475648,0.6604979328494015,0.0,0.0011430818839756167,0.06439068391232854,2.220446049250313e-16
41,101,qae,reconstruction,reconstruction,test_mean_shift,1,2,True,0.5247892485853028,0.0042010401594323316,0.004229500777162953,0.0001,0.001637753837894661,0.9766111754481389,1.059308505672159,0.748281518098173,0.9765504287411727,1.1280947722742471,0.7213217443255301,1.0271626370065257e-33,0.0013517850033040295,0.04291700911975774,5.551115123125783e-16
41,101,qae,reconstruction,forecast,test_mean_shift,1,2,True,0.5247892485853028,0.07416492163002536,0.04976417028766162,0.0001,0.001637753837894661,0.9766111754481389,1.059308505672159,0.748281518098173,0.9765504287411727,1.1280947722742471,0.7213217443255301,1.0271626370065257e-33,0.0013517850033040295,0.04291700911975774,2.7755575615628914e-16
41,101,qae,reconstruction,reconstruction,test_variance_shift,0,2,True,0.42663674148624425,0.015118351162595127,0.004229500777162953,0.0001,0.0026391482434426536,0.976370578201729,1.0730657589925767,0.650861087900665,0.9807725078096473,0.9905222390700708,0.7167286843304044,1.0271626370065257e-33,0.0007596955644298105,0.05050762207296095,6.661338147750939e-16
41,101,qae,reconstruction,forecast,test_variance_shift,0,2,True,0.42663674148624425,0.08010322655332393,0.04976417028766162,0.0001,0.0026391482434426536,0.976370578201729,1.0730657589925767,0.650861087900665,0.9807725078096473,0.9905222390700708,0.7167286843304044,1.0271626370065257e-33,0.0007596955644298105,0.05050762207296095,4.440892098500626e-16
41,101,qae,reconstruction,reconstruction,test_variance_shift,1,2,True,0.4370217145712645,0.01305102399136169,0.004229500777162953,0.0001,0.0002579276893631823,0.9776826890711345,1.0455512523517414,0.6726430753819193,0.9801552684407226,1.0730657589925765,0.6791611559773324,1.0271626370065257e-33,0.0010568045345783485,0.04956101299243774,4.440892098500626e-16
41,101,qae,reconstruction,forecast,test_variance_shift,1,2,True,0.4370217145712645,0.09051977069475318,0.04976417028766162,0.0001,0.0002579276893631823,0.9776826890711345,1.0455512523517414,0.6726430753819193,0.9801552684407226,1.0730657589925765,0.6791611559773324,1.0271626370065257e-33,0.0010568045345783485,0.04956101299243774,2.220446049250313e-16
41,101,qae,reconstruction,reconstruction,test_persistence_shift,0,2,True,0.4317047972876545,0.003294492246883553,0.004229500777162953,0.0001,6.404295841805458e-05,0.987216469775577,1.0730657589925765,0.3103609527819698,0.9900888114669785,1.0730657589925765,0.3374813162354341,4.108650548026103e-33,0.00028715035820191655,0.01935607376625471,2.220446049250313e-16
41,101,qae,reconstruction,forecast,test_persistence_shift,0,2,True,0.4317047972876545,0.0533217466330981,0.04976417028766162,0.0001,6.404295841805458e-05,0.987216469775577,1.0730657589925765,0.3103609527819698,0.9900888114669785,1.0730657589925765,0.3374813162354341,4.108650548026103e-33,0.00028715035820191655,0.01935607376625471,5.551115123125783e-17
41,101,qae,reconstruction,reconstruction,test_persistence_shift,1,2,True,0.48137385755170986,0.003577921938152795,0.004229500777162953,0.0001,0.000129757398089794,0.9895423075823906,1.0317939990313238,0.28017709866952106,0.9906664198573389,1.018036745710906,0.30837259809340406,0.0,3.918048214652634e-06,0.018588734820521424,2.220446049250313e-16
41,101,qae,reconstruction,forecast,test_persistence_shift,1,2,True,0.48137385755170986,0.06806293961484873,0.04976417028766162,0.0001,0.000129757398089794,0.9895423075823906,1.0317939990313238,0.28017709866952106,0.9906664198573389,1.018036745710906,0.30837259809340406,0.0,3.918048214652634e-06,0.018588734820521424,1.1102230246251565e-16
41,101,qae,reconstruction,reconstruction,test_noise_shift,0,2,True,0.46638665037540555,0.10288607067170892,0.004229500777162953,0.0001,0.0010404320057463207,0.9852728857854907,1.1556092789150822,0.38452747816831134,0.9884677671368932,1.210638292196753,0.40273697543046966,4.108650548026103e-33,0.002289447699467151,0.026155198745810973,6.661338147750939e-16
41,101,qae,reconstruction,forecast,test_noise_shift,0,2,True,0.46638665037540555,0.11553484693488299,0.04976417028766162,0.0001,0.0010404320057463207,0.9852728857854907,1.1556092789150822,0.38452747816831134,0.9884677671368932,1.210638292196753,0.40273697543046966,4.108650548026103e-33,0.002289447699467151,0.026155198745810973,3.3306690738754696e-16
41,101,qae,reconstruction,reconstruction,test_noise_shift,1,2,True,0.46524913650839844,0.10956732891344025,0.004229500777162953,0.0001,0.0009374368958620555,0.9847715468996936,1.1831237855559178,0.2793730844979056,0.9876814841540197,1.1831237855559178,0.1734704319766009,2.5679065925163143e-34,0.0004339650019810133,0.002741680002798728,2.220446049250313e-16
41,101,qae,reconstruction,forecast,test_noise_shift,1,2,True,0.46524913650839844,0.11713304357921919,0.04976417028766162,0.0001,0.0009374368958620555,0.9847715468996936,1.1831237855559178,0.2793730844979056,0.9876814841540197,1.1831237855559178,0.1734704319766009,2.5679065925163143e-34,0.0004339650019810133,0.002741680002798728,1.1102230246251565e-16
41,101,qae,reconstruction,reconstruction,test_combined_shift,0,2,True,0.5737108844122424,0.07805181887569561,0.004229500777162953,0.0001,0.004202601202212512,0.980480550272249,0.9354932257884001,0.5448365870307137,0.982164606675467,0.9905222390700708,0.3491145876753624,2.311115933264683e-33,0.0010192572450381796,0.021379388898692963,4.440892098500626e-16
41,101,qae,reconstruction,forecast,test_combined_shift,0,2,True,0.5737108844122424,0.15014858406310505,0.04976417028766162,0.0001,0.004202601202212512,0.980480550272249,0.9354932257884001,0.5448365870307137,0.982164606675467,0.9905222390700708,0.3491145876753624,2.311115933264683e-33,0.0010192572450381796,0.021379388898692963,2.7755575615628914e-16
41,101,qae,reconstruction,reconstruction,test_combined_shift,1,2,True,0.5848447596084331,0.10877003438673928,0.004229500777162953,0.0001,0.0019146309168119704,0.9859020599858369,0.9492504791088178,0.5520072494418563,0.9794923773150594,0.8804642125067295,0.4896772166986505,1.0271626370065257e-33,0.009808874389402132,0.02805410398397969,4.440892098500626e-16
41,101,qae,reconstruction,forecast,test_combined_shift,1,2,True,0.5848447596084331,0.14790106032547218,0.04976417028766162,0.0001,0.0019146309168119704,0.9859020599858369,0.9492504791088178,0.5520072494418563,0.9794923773150594,0.8804642125067295,0.4896772166986505,1.0271626370065257e-33,0.009808874389402132,0.02805410398397969,2.220446049250313e-16
41,101,untrained_qae,reconstruction,reconstruction,test_id,0,2,True,0.5895555754135169,0.0040017041479591215,0.004328939808037617,0.0001,0.0005770612279903857,0.9753149293468062,1.1143375189538296,0.5343974984755111,0.9787184816868397,1.1556092789150825,0.5424576089314623,0.0,0.0011100064610875305,0.0211240188045223,2.220446049250313e-16
41,101,untrained_qae,reconstruction,forecast,test_id,0,2,True,0.5895555754135169,0.05100435255263838,0.049464979753891754,0.0001,0.0005770612279903857,0.9753149293468062,1.1143375189538296,0.5343974984755111,0.9787184816868397,1.1556092789150825,0.5424576089314623,0.0,0.0011100064610875305,0.0211240188045223,1.3877787807814457e-16
41,101,untrained_qae,reconstruction,reconstruction,test_id,1,2,True,0.572582640855702,0.003501671695654734,0.004328939808037617,0.0001,6.884314322271719e-05,0.9824387594145383,1.0868230123129943,0.5823317915647782,0.982342230942196,1.100580265633412,0.5740232193649275,4.108650548026103e-33,0.00028072130722338914,0.028174325910558597,4.440892098500626e-16
41,101,untrained_qae,reconstruction,forecast,test_id,1,2,True,0.572582640855702,0.04953902137363491,0.049464979753891754,0.0001,6.884314322271719e-05,0.9824387594145383,1.0868230123129943,0.5823317915647782,0.982342230942196,1.100580265633412,0.5740232193649275,4.108650548026103e-33,0.00028072130722338914,0.028174325910558597,2.220446049250313e-16
41,101,untrained_qae,reconstruction,reconstruction,test_mean_shift,0,2,True,0.6662214525861323,0.0059223885350248515,0.004328939808037617,0.0001,0.0018137282152910555,0.9847609612180106,0.8667069591863118,0.7879068286782779,0.9875299080303275,0.9079787191475648,0.6657567667196453,1.6434602192104412e-32,0.0012182941990683802,0.061135665415947026,4.440892098500626e-16
41,101,untrained_qae,reconstruction,forecast,test_mean_shift,0,2,True,0.6662214525861323,0.08377676935479729,0.049464979753891754,0.0001,0.0018137282152910555,0.9847609612180106,0.8667069591863118,0.7879068286782779,0.9875299080303275,0.9079787191475648,0.6657567667196453,1.6434602192104412e-32,0.0012182941990683802,0.061135665415947026,2.220446049250313e-16
41,101,untrained_qae,reconstruction,reconstruction,test_mean_shift,1,2,True,0.6110297068292292,0.004826039662755081,0.004328939808037617,0.0001,0.0006397418992049545,0.9766111754481389,1.059308505672159,0.748281518098173,0.9762114316687166,1.100580265633412,0.7189075342194832,0.0,0.001215704782403252,0.04402310839704768,5.551115123125783e-16
41,101,untrained_qae,reconstruction,forecast,test_mean_shift,1,2,True,0.6110297068292292,0.07508094727162153,0.049464979753891754,0.0001,0.0006397418992049545,0.9766111754481389,1.059308505672159,0.748281518098173,0.9762114316687166,1.100580265633412,0.7189075342194832,0.0,0.001215704782403252,0.04402310839704768,3.3306690738754696e-16
41,101,untrained_qae,reconstruction,reconstruction,test_variance_shift,0,2,True,0.5083019791226784,0.014177378505587297,0.004328939808037617,0.0001,0.004570600446070897,0.976370578201729,1.0730657589925767,0.650861087900665,0.9797843732403091,0.9630077324292354,0.7305449163887621,2.5679065925163147e-32,0.0015390170617548525,0.05920226915803961,4.440892098500626e-16
41,101,untrained_qae,reconstruction,forecast,test_variance_shift,0,2,True,0.5083019791226784,0.08046172435831338,0.049464979753891754,0.0001,0.004570600446070897,0.976370578201729,1.0730657589925767,0.650861087900665,0.9797843732403091,0.9630077324292354,0.7305449163887621,2.5679065925163147e-32,0.0015390170617548525,0.05920226915803961,4.440892098500626e-16
41,101,untrained_qae,reconstruction,reconstruction,test_variance_shift,1,2,True,0.5253801396754345,0.01410663031574153,0.004328939808037617,0.0001,0.00026927981740365614,0.9776826890711345,1.0455512523517414,0.6726430753819193,0.9794575487132892,1.0730657589925765,0.6864476035916134,1.0271626370065257e-33,3.8288193331813175e-05,0.05135908604022212,4.440892098500626e-16
41,101,untrained_qae,reconstruction,forecast,test_variance_shift,1,2,True,0.5253801396754345,0.08882143846654499,0.049464979753891754,0.0001,0.00026927981740365614,0.9776826890711345,1.0455512523517414,0.6726430753819193,0.9794575487132892,1.0730657589925765,0.6864476035916134,1.0271626370065257e-33,3.8288193331813175e-05,0.05135908604022212,2.220446049250313e-16
41,101,untrained_qae,reconstruction,reconstruction,test_persistence_shift,0,2,True,0.5260630938392812,0.0033869253294309108,0.004328939808037617,0.0001,2.4753692672941572e-05,0.987216469775577,1.0730657589925765,0.3103609527819698,0.9898341371905145,1.0730657589925765,0.326781536854846,4.108650548026103e-33,0.002348983252171142,0.018131287396553432,2.220446049250313e-16
41,101,untrained_qae,reconstruction,forecast,test_persistence_shift,0,2,True,0.5260630938392812,0.05360442132493083,0.049464979753891754,0.0001,2.4753692672941572e-05,0.987216469775577,1.0730657589925765,0.3103609527819698,0.9898341371905145,1.0730657589925765,0.326781536854846,4.108650548026103e-33,0.002348983252171142,0.018131287396553432,1.1102230246251565e-16
41,101,untrained_qae,reconstruction,reconstruction,test_persistence_shift,1,2,True,0.5781445617563842,0.0035641635994492146,0.004328939808037617,0.0001,8.775777236413868e-05,0.9895423075823906,1.0317939990313238,0.28017709866952106,0.9852170362720012,1.018036745710906,0.29505033991167035,0.0,2.76488914323325e-06,0.017456013161539316,2.220446049250313e-16
41,101,untrained_qae,reconstruction,forecast,test_persistence_shift,1,2,True,0.5781445617563842,0.0681231953195657,0.049464979753891754,0.0001,8.775777236413868e-05,0.9895423075823906,1.0317939990313238,0.28017709866952106,0.9852170362720012,1.018036745710906,0.29505033991167035,0.0,2.76488914323325e-06,0.017456013161539316,1.1102230246251565e-16
41,101,untrained_qae,reconstruction,reconstruction,test_noise_shift,0,2,True,0.5605601529062273,0.10435692967381101,0.004328939808037617,0.0001,0.001046268344836616,0.9852728857854907,1.1556092789150822,0.38452747816831134,0.9846915668412265,1.210638292196753,0.40552983994413105,2.5679065925163143e-34,0.004039983395471786,0.02682491854516947,6.661338147750939e-16
41,101,untrained_qae,reconstruction,forecast,test_noise_shift,0,2,True,0.5605601529062273,0.11624029756457627,0.049464979753891754,0.0001,0.001046268344836616,0.9852728857854907,1.1556092789150822,0.38452747816831134,0.9846915668412265,1.210638292196753,0.40552983994413105,2.5679065925163143e-34,0.004039983395471786,0.02682491854516947,3.3306690738754696e-16
41,101,untrained_qae,reconstruction,reconstruction,test_noise_shift,1,2,True,0.5612174759564168,0.11101372376172501,0.004328939808037617,0.0001,0.0012297330834575568,0.9847715468996936,1.1831237855559178,0.2793730844979056,0.9913303955454711,1.2106382921967531,0.1718717788476786,6.419766481290786e-35,0.0011623342871769345,0.0022000948168266654,2.220446049250313e-16
41,101,untrained_qae,reconstruction,forecast,test_noise_shift,1,2,True,0.5612174759564168,0.11808742458622776,0.049464979753891754,0.0001,0.0012297330834575568,0.9847715468996936,1.1831237855559178,0.2793730844979056,0.9913303955454711,1.2106382921967531,0.1718717788476786,6.419766481290786e-35,0.0011623342871769345,0.0022000948168266654,2.220446049250313e-16
41,101,untrained_qae,reconstruction,reconstruction,test_combined_shift,0,2,True,0.6624359452585526,0.0787795337911786,0.004328939808037617,0.0001,0.003908067629586931,0.980480550272249,0.9354932257884001,0.5448365870307137,0.9840434746075044,0.9630077324292354,0.3355094709348436,4.108650548026103e-33,0.00030085632304470113,0.01869672006481903,4.996003610813204e-16
41,101,untrained_qae,reconstruction,forecast,test_combined_shift,0,2,True,0.6624359452585526,0.1511663707892375,0.049464979753891754,0.0001,0.003908067629586931,0.980480550272249,0.9354932257884001,0.5448365870307137,0.9840434746075044,0.9630077324292354,0.3355094709348436,4.108650548026103e-33,0.00030085632304470113,0.01869672006481903,2.220446049250313e-16
41,101,untrained_qae,reconstruction,reconstruction,test_combined_shift,1,2,True,0.6719105915096983,0.10915811000656009,0.004328939808037617,0.0001,0.0005359151228463765,0.9859020599858369,0.9492504791088178,0.5520072494418563,0.9812566490271942,0.9630077324292354,0.4772569047833249,6.419766481290787e-33,0.004880210446501012,0.01860479342469182,4.440892098500626e-16
41,101,untrained_qae,reconstruction,forecast,test_combined_shift,1,2,True,0.6719105915096983,0.14916598138901518,0.049464979753891754,0.0001,0.0005359151228463765,0.9859020599858369,0.9492504791088178,0.5520072494418563,0.9812566490271942,0.9630077324292354,0.4772569047833249,6.419766481290787e-33,0.004880210446501012,0.01860479342469182,2.220446049250313e-16
41,101,qte,forecast,reconstruction,test_id,0,2,True,0.5148829590795446,0.004157142799433621,0.004234022749450252,0.0001,0.0005794496152420364,0.9753149293468062,1.1143375189538296,0.5343974984755111,0.9797816919831774,1.1556092789150825,0.5421534528274012,0.0,0.0010994514667604092,0.021119281376723642,2.220446049250313e-16
41,101,qte,forecast,forecast,test_id,0,2,True,0.5148829590795446,0.05131125513918971,0.04976908722532258,0.0001,0.0005794496152420364,0.9753149293468062,1.1143375189538296,0.5343974984755111,0.9797816919831774,1.1556092789150825,0.5421534528274012,0.0,0.0010994514667604092,0.021119281376723642,1.1102230246251565e-16
41,101,qte,forecast,reconstruction,test_id,1,2,True,0.49542562794317546,0.0035864364917250714,0.004234022749450252,0.0001,6.516340446057328e-05,0.9824387594145383,1.0868230123129943,0.5823317915647782,0.9824112316132957,1.0730657589925767,0.5773408250532741,4.108650548026103e-33,2.7557014494375065e-05,0.029376461059676562,4.440892098500626e-16
41,101,qte,forecast,forecast,test_id,1,2,True,0.49542562794317546,0.04941816067006733,0.04976908722532258,0.0001,6.516340446057328e-05,0.9824387594145383,1.0868230123129943,0.5823317915647782,0.9824112316132957,1.0730657589925767,0.5773408250532741,4.108650548026103e-33,2.7557014494375065e-05,0.029376461059676562,1.6653345369377348e-16
41,101,qte,forecast,reconstruction,test_mean_shift,0,2,True,0.6056702487448903,0.005176513910773117,0.004234022749450252,0.0001,0.0019257818040462396,0.9847609612180106,0.8667069591863118,0.7879068286782779,0.9887744534046174,0.9079787191475648,0.6605038597598499,1.6434602192104412e-32,0.0011414760424069018,0.0643869484563711,4.440892098500626e-16
41,101,qte,forecast,forecast,test_mean_shift,0,2,True,0.6056702487448903,0.08449900403609771,0.04976908722532258,0.0001,0.0019257818040462396,0.9847609612180106,0.8667069591863118,0.7879068286782779,0.9887744534046174,0.9079787191475648,0.6605038597598499,1.6434602192104412e-32,0.0011414760424069018,0.0643869484563711,2.220446049250313e-16
41,101,qte,forecast,reconstruction,test_mean_shift,1,2,True,0.5467639391523486,0.004203587879654601,0.004234022749450252,0.0001,0.0016380062040914432,0.9766111754481389,1.059308505672159,0.748281518098173,0.9765504287411727,1.1280947722742471,0.7212656376528965,0.0,0.0013543219058072115,0.042912271693175186,6.661338147750939e-16
41,101,qte,forecast,forecast,test_mean_shift,1,2,True,0.5467639391523486,0.0741578944413513,0.04976908722532258,0.0001,0.0016380062040914432,0.9766111754481389,1.059308505672159,0.748281518098173,0.9765504287411727,1.1280947722742471,0.7212656376528965,0.0,0.0013543219058072115,0.042912271693175186,3.3306690738754696e-16
41,101,qte,forecast,reconstruction,test_variance_shift,0,2,True,0.45820498079066135,0.015199547881737503,0.004234022749450252,0.0001,0.0026392344666156214,0.976370578201729,1.0730657589925767,0.650861087900665,0.9807725078096473,0.9905222390700708,0.7167365380889303,4.108650548026103e-33,0.0007586462374344929,0.05050639581720819,6.661338147750939e-16
41,101,qte,forecast,forecast,test_variance_shift,0,2,True,0.45820498079066135,0.0800818972099323,0.04976908722532258,0.0001,0.0026392344666156214,0.976370578201729,1.0730657589925767,0.650861087900665,0.9807725078096473,0.9905222390700708,0.7167365380889303,4.108650548026103e-33,0.0007586462374344929,0.05050639581720819,2.220446049250313e-16
41,101,qte,forecast,reconstruction,test_variance_shift,1,2,True,0.4684096399921185,0.013071543901257572,0.004234022749450252,0.0001,0.00025811252901936424,0.9776826890711345,1.0455512523517414,0.6726430753819193,0.9801552684407226,1.0730657589925765,0.679329139285479,1.0271626370065257e-33,0.0010569437274870217,0.04955530006429765,4.440892098500626e-16
41,101,qte,forecast,forecast,test_variance_shift,1,2,True,0.4684096399921185,0.09049979515962164,0.04976908722532258,0.0001,0.00025811252901936424,0.9776826890711345,1.0455512523517414,0.6726430753819193,0.9801552684407226,1.0730657589925765,0.679329139285479,1.0271626370065257e-33,0.0010569437274870217,0.04955530006429765,2.220446049250313e-16
41,101,qte,forecast,reconstruction,test_persistence_shift,0,2,True,0.454080768595355,0.003295660410421527,0.004234022749450252,0.0001,6.409904616911233e-05,0.987216469775577,1.0730657589925765,0.3103609527819698,0.9900888114669785,1.0730657589925765,0.3374937220262009,2.5679065925163143e-34,0.0002871575900980973,0.019366130246459057,1.1102230246251565e-16
41,101,qte,forecast,forecast,test_persistence_shift,0,2,True,0.454080768595355,0.05331660614422668,0.04976908722532258,0.0001,6.409904616911233e-05,0.987216469775577,1.0730657589925765,0.3103609527819698,0.9900888114669785,1.0730657589925765,0.3374937220262009,2.5679065925163143e-34,0.0002871575900980973,0.019366130246459057,1.1102230246251565e-16
41,101,qte,forecast,reconstruction,test_persistence_shift,1,2,True,0.5149764418363892,0.0035837947681704096,0.004234022749450252,0.0001,0.00012957120985742775,0.9895423075823906,1.0317939990313238,0.28017709866952106,0.9906664198573389,1.018036745710906,0.30833294937543637,0.0,3.903415432049696e-06,0.01858367150020776,1.1102230246251565e-16
41,101,qte,forecast,forecast,test_persistence_shift,1,2,True,0.5149764418363892,0.06806622307191837,0.04976908722532258,0.0001,0.00012957120985742775,0.9895423075823906,1.0317939990313238,0.28017709866952106,0.9906664198573389,1.018036745710906,0.30833294937543637,0.0,3.903415432049696e-06,0.01858367150020776,1.1102230246251565e-16
41,101,qte,forecast,reconstruction,test_noise_shift,0,2,True,0.5218775927911099,0.10285444116228819,0.004234022749450252,0.0001,0.0010399989041523405,0.9852728857854907,1.1556092789150822,0.38452747816831134,0.9884677671368932,1.210638292196753,0.40259370553909324,2.311115933264683e-33,0.002289782145470891,0.02613146312254408,6.661338147750939e-16
41,101,qte,forecast,forecast,test_noise_shift,0,2,True,0.5218775927911099,0.11552507191673413,0.04976908722532258,0.0001,0.0010399989041523405,0.9852728857854907,1.1556092789150822,0.38452747816831134,0.9884677671368932,1.210638292196753,0.40259370553909324,2.311115933264683e-33,0.002289782145470891,0.02613146312254408,3.3306690738754696e-16
41,101,qte,forecast,reconstruction,test_noise_shift,1,2,True,0.5339925034229211,0.10955426877720094,0.004234022749450252,0.0001,0.0009382371651339266,0.9847715468996936,1.1831237855559178,0.2793730844979056,0.9876814841540197,1.1831237855559178,0.17342510177850382,6.419766481290786e-35,0.00043434302399452074,0.002743374384455224,2.220446049250313e-16
41,101,qte,forecast,forecast,test_noise_shift,1,2,True,0.5339925034229211,0.11712137135359305,0.04976908722532258,0.0001,0.0009382371651339266,0.9847715468996936,1.1831237855559178,0.2793730844979056,0.9876814841540197,1.1831237855559178,0.17342510177850382,6.419766481290786e-35,0.00043434302399452074,0.002743374384455224,1.1102230246251565e-16
41,101,qte,forecast,reconstruction,test_combined_shift,0,2,True,0.6522980622176284,0.07804838282970673,0.004234022749450252,0.0001,0.00420419432449236,0.980480550272249,0.9354932257884001,0.5448365870307137,0.982164606675467,0.9905222390700708,0.3490657554469093,2.311115933264683e-33,0.0010190130944749646,0.021373769611227375,4.440892098500626e-16
41,101,qte,forecast,forecast,test_combined_shift,0,2,True,0.6522980622176284,0.15014146890015487,0.04976908722532258,0.0001,0.00420419432449236,0.980480550272249,0.9354932257884001,0.5448365870307137,0.982164606675467,0.9905222390700708,0.3490657554469093,2.311115933264683e-33,0.0010190130944749646,0.021373769611227375,2.7755575615628914e-16
41,101,qte,forecast,reconstruction,test_combined_shift,1,2,True,0.6595590472023887,0.10879510766094913,0.004234022749450252,0.0001,0.0019164411578678046,0.9859020599858369,0.9492504791088178,0.5520072494418563,0.9794923773150594,0.8804642125067295,0.48950320257736024,2.311115933264683e-33,0.009804802368504902,0.028040535537146305,4.440892098500626e-16
41,101,qte,forecast,forecast,test_combined_shift,1,2,True,0.6595590472023887,0.1479000212499262,0.04976908722532258,0.0001,0.0019164411578678046,0.9859020599858369,0.9492504791088178,0.5520072494418563,0.9794923773150594,0.8804642125067295,0.48950320257736024,2.311115933264683e-33,0.009804802368504902,0.028040535537146305,2.220446049250313e-16
41,101,untrained_qte,forecast,reconstruction,test_id,0,2,True,0.6136099056883012,0.0040017041479591215,0.004328939808037617,0.0001,0.0005770612279903857,0.9753149293468062,1.1143375189538296,0.5343974984755111,0.9787184816868397,1.1556092789150825,0.5424576089314623,0.0,0.0011100064610875305,0.0211240188045223,2.220446049250313e-16
41,101,untrained_qte,forecast,forecast,test_id,0,2,True,0.6136099056883012,0.05100435255263838,0.049464979753891754,0.0001,0.0005770612279903857,0.9753149293468062,1.1143375189538296,0.5343974984755111,0.9787184816868397,1.1556092789150825,0.5424576089314623,0.0,0.0011100064610875305,0.0211240188045223,1.3877787807814457e-16
41,101,untrained_qte,forecast,reconstruction,test_id,1,2,True,0.5932132946939797,0.003501671695654734,0.004328939808037617,0.0001,6.884314322271719e-05,0.9824387594145383,1.0868230123129943,0.5823317915647782,0.982342230942196,1.100580265633412,0.5740232193649275,4.108650548026103e-33,0.00028072130722338914,0.028174325910558597,4.440892098500626e-16
41,101,untrained_qte,forecast,forecast,test_id,1,2,True,0.5932132946939797,0.04953902137363491,0.049464979753891754,0.0001,6.884314322271719e-05,0.9824387594145383,1.0868230123129943,0.5823317915647782,0.982342230942196,1.100580265633412,0.5740232193649275,4.108650548026103e-33,0.00028072130722338914,0.028174325910558597,2.220446049250313e-16
41,101,untrained_qte,forecast,reconstruction,test_mean_shift,0,2,True,0.6912775541449074,0.0059223885350248515,0.004328939808037617,0.0001,0.0018137282152910555,0.9847609612180106,0.8667069591863118,0.7879068286782779,0.9875299080303275,0.9079787191475648,0.6657567667196453,1.6434602192104412e-32,0.0012182941990683802,0.061135665415947026,4.440892098500626e-16
41,101,untrained_qte,forecast,forecast,test_mean_shift,0,2,True,0.6912775541449074,0.08377676935479729,0.049464979753891754,0.0001,0.0018137282152910555,0.9847609612180106,0.8667069591863118,0.7879068286782779,0.9875299080303275,0.9079787191475648,0.6657567667196453,1.6434602192104412e-32,0.0012182941990683802,0.061135665415947026,2.220446049250313e-16
41,101,untrained_qte,forecast,reconstruction,test_mean_shift,1,2,True,0.6325683630181446,0.004826039662755081,0.004328939808037617,0.0001,0.0006397418992049545,0.9766111754481389,1.059308505672159,0.748281518098173,0.9762114316687166,1.100580265633412,0.7189075342194832,0.0,0.001215704782403252,0.04402310839704768,5.551115123125783e-16
41,101,untrained_qte,forecast,forecast,test_mean_shift,1,2,True,0.6325683630181446,0.07508094727162153,0.049464979753891754,0.0001,0.0006397418992049545,0.9766111754481389,1.059308505672159,0.748281518098173,0.9762114316687166,1.100580265633412,0.7189075342194832,0.0,0.001215704782403252,0.04402310839704768,3.3306690738754696e-16
41,101,untrained_qte,forecast,reconstruction,test_variance_shift,0,2,True,0.5421354375263265,0.014177378505587297,0.004328939808037617,0.0001,0.004570600446070897,0.976370578201729,1.0730657589925767,0.650861087900665,0.9797843732403091,0.9630077324292354,0.7305449163887621,2.5679065925163147e-32,0.0015390170617548525,0.05920226915803961,4.440892098500626e-16
41,101,untrained_qte,forecast,forecast,test_variance_shift,0,2,True,0.5421354375263265,0.08046172435831338,0.049464979753891754,0.0001,0.004570600446070897,0.976370578201729,1.0730657589925767,0.650861087900665,0.9797843732403091,0.9630077324292354,0.7305449163887621,2.5679065925163147e-32,0.0015390170617548525,0.05920226915803961,4.440892098500626e-16
41,101,untrained_qte,forecast,reconstruction,test_variance_shift,1,2,True,0.5602883328377823,0.01410663031574153,0.004328939808037617,0.0001,0.00026927981740365614,0.9776826890711345,1.0455512523517414,0.6726430753819193,0.9794575487132892,1.0730657589925765,0.6864476035916134,1.0271626370065257e-33,3.8288193331813175e-05,0.05135908604022212,4.440892098500626e-16
41,101,untrained_qte,forecast,forecast,test_variance_shift,1,2,True,0.5602883328377823,0.08882143846654499,0.049464979753891754,0.0001,0.00026927981740365614,0.9776826890711345,1.0455512523517414,0.6726430753819193,0.9794575487132892,1.0730657589925765,0.6864476035916134,1.0271626370065257e-33,3.8288193331813175e-05,0.05135908604022212,2.220446049250313e-16
41,101,untrained_qte,forecast,reconstruction,test_persistence_shift,0,2,True,0.550411813115764,0.0033869253294309108,0.004328939808037617,0.0001,2.4753692672941572e-05,0.987216469775577,1.0730657589925765,0.3103609527819698,0.9898341371905145,1.0730657589925765,0.326781536854846,4.108650548026103e-33,0.002348983252171142,0.018131287396553432,2.220446049250313e-16
41,101,untrained_qte,forecast,forecast,test_persistence_shift,0,2,True,0.550411813115764,0.05360442132493083,0.049464979753891754,0.0001,2.4753692672941572e-05,0.987216469775577,1.0730657589925765,0.3103609527819698,0.9898341371905145,1.0730657589925765,0.326781536854846,4.108650548026103e-33,0.002348983252171142,0.018131287396553432,1.1102230246251565e-16
41,101,untrained_qte,forecast,reconstruction,test_persistence_shift,1,2,True,0.61315232467615,0.0035641635994492146,0.004328939808037617,0.0001,8.775777236413868e-05,0.9895423075823906,1.0317939990313238,0.28017709866952106,0.9852170362720012,1.018036745710906,0.29505033991167035,0.0,2.76488914323325e-06,0.017456013161539316,2.220446049250313e-16
41,101,untrained_qte,forecast,forecast,test_persistence_shift,1,2,True,0.61315232467615,0.0681231953195657,0.049464979753891754,0.0001,8.775777236413868e-05,0.9895423075823906,1.0317939990313238,0.28017709866952106,0.9852170362720012,1.018036745710906,0.29505033991167035,0.0,2.76488914323325e-06,0.017456013161539316,1.1102230246251565e-16
41,101,untrained_qte,forecast,reconstruction,test_noise_shift,0,2,True,0.6164143497406991,0.10435692967381101,0.004328939808037617,0.0001,0.001046268344836616,0.9852728857854907,1.1556092789150822,0.38452747816831134,0.9846915668412265,1.210638292196753,0.40552983994413105,2.5679065925163143e-34,0.004039983395471786,0.02682491854516947,6.661338147750939e-16
41,101,untrained_qte,forecast,forecast,test_noise_shift,0,2,True,0.6164143497406991,0.11624029756457627,0.049464979753891754,0.0001,0.001046268344836616,0.9852728857854907,1.1556092789150822,0.38452747816831134,0.9846915668412265,1.210638292196753,0.40552983994413105,2.5679065925163143e-34,0.004039983395471786,0.02682491854516947,3.3306690738754696e-16
41,101,untrained_qte,forecast,reconstruction,test_noise_shift,1,2,True,0.6288624647331632,0.11101372376172501,0.004328939808037617,0.0001,0.0012297330834575568,0.9847715468996936,1.1831237855559178,0.2793730844979056,0.9913303955454711,1.2106382921967531,0.1718717788476786,6.419766481290786e-35,0.0011623342871769345,0.0022000948168266654,2.220446049250313e-16
41,101,untrained_qte,forecast,forecast,test_noise_shift,1,2,True,0.6288624647331632,0.11808742458622776,0.049464979753891754,0.0001,0.0012297330834575568,0.9847715468996936,1.1831237855559178,0.2793730844979056,0.9913303955454711,1.2106382921967531,0.1718717788476786,6.419766481290786e-35,0.0011623342871769345,0.0022000948168266654,2.220446049250313e-16
41,101,untrained_qte,forecast,reconstruction,test_combined_shift,0,2,True,0.7417260265345857,0.0787795337911786,0.004328939808037617,0.0001,0.003908067629586931,0.980480550272249,0.9354932257884001,0.5448365870307137,0.9840434746075044,0.9630077324292354,0.3355094709348436,4.108650548026103e-33,0.00030085632304470113,0.01869672006481903,4.996003610813204e-16
41,101,untrained_qte,forecast,forecast,test_combined_shift,0,2,True,0.7417260265345857,0.1511663707892375,0.049464979753891754,0.0001,0.003908067629586931,0.980480550272249,0.9354932257884001,0.5448365870307137,0.9840434746075044,0.9630077324292354,0.3355094709348436,4.108650548026103e-33,0.00030085632304470113,0.01869672006481903,2.220446049250313e-16
41,101,untrained_qte,forecast,reconstruction,test_combined_shift,1,2,True,0.7464544652165661,0.10915811000656009,0.004328939808037617,0.0001,0.0005359151228463765,0.9859020599858369,0.9492504791088178,0.5520072494418563,0.9812566490271942,0.9630077324292354,0.4772569047833249,6.419766481290787e-33,0.004880210446501012,0.01860479342469182,4.440892098500626e-16
41,101,untrained_qte,forecast,forecast,test_combined_shift,1,2,True,0.7464544652165661,0.14916598138901518,0.049464979753891754,0.0001,0.0005359151228463765,0.9859020599858369,0.9492504791088178,0.5520072494418563,0.9812566490271942,0.9630077324292354,0.4772569047833249,6.419766481290787e-33,0.004880210446501012,0.01860479342469182,2.220446049250313e-16
41,101,qte_noent,forecast,reconstruction,test_id,0,2,True,0.4186627384626298,0.003949499701663243,0.004175538867732927,0.0001,0.0005756969737021021,0.9753149293468062,1.1143375189538296,0.5343974984755111,0.9772296644817396,1.1556092789150825,0.5433566368649059,1.6434602192104412e-32,0.0011091759224146234,0.02112973332955916,3.3306690738754696e-16
41,101,qte_noent,forecast,forecast,test_id,0,2,True,0.4186627384626298,0.05107762364483252,0.049743965651302305,0.0001,0.0005756969737021021,0.9753149293468062,1.1143375189538296,0.5343974984755111,0.9772296644817396,1.1556092789150825,0.5433566368649059,1.6434602192104412e-32,0.0011091759224146234,0.02112973332955916,2.220446049250313e-16
41,101,qte_noent,forecast,reconstruction,test_id,1,2,True,0.40336837839233025,0.0035806604043331115,0.004175538867732927,0.0001,0.0005709876527980117,0.9824387594145383,1.0868230123129943,0.5823317915647782,0.9825969052186598,1.0455512523517414,0.5761415482741157,9.244463733058732e-33,2.7167581705782846e-05,0.028925011681953088,4.440892098500626e-16
41,101,qte_noent,forecast,forecast,test_id,1,2,True,0.40336837839233025,0.04949544916982076,0.049743965651302305,0.0001,0.0005709876527980117,0.9824387594145383,1.0868230123129943,0.5823317915647782,0.9825969052186598,1.0455512523517414,0.5761415482741157,9.244463733058732e-33,2.7167581705782846e-05,0.028925011681953088,2.220446049250313e-16
41,101,qte_noent,forecast,reconstruction,test_mean_shift,0,2,True,0.5030182913364287,0.004836910911349652,0.004175538867732927,0.0001,0.0029483121134314706,0.9847609612180106,0.8667069591863118,0.7879068286782779,0.9877876380923216,0.9354932257884001,0.6597783760326714,1.0271626370065257e-33,0.00011995644071250161,0.06502127594724799,4.440892098500626e-16
41,101,qte_noent,forecast,forecast,test_mean_shift,0,2,True,0.5030182913364287,0.0857480925154289,0.049743965651302305,0.0001,0.0029483121134314706,0.9847609612180106,0.8667069591863118,0.7879068286782779,0.9877876380923216,0.9354932257884001,0.6597783760326714,1.0271626370065257e-33,0.00011995644071250161,0.06502127594724799,2.220446049250313e-16
41,101,qte_noent,forecast,reconstruction,test_mean_shift,1,2,True,0.43986852249291664,0.00452216045479151,0.004175538867732927,0.0001,0.00014823450325318415,0.9766111754481389,1.059308505672159,0.748281518098173,0.9813686829095088,1.0455512523517414,0.7177654493086043,4.108650548026103e-33,0.0005435362039325649,0.045777623081130876,6.661338147750939e-16
41,101,qte_noent,forecast,forecast,test_mean_shift,1,2,True,0.43986852249291664,0.07459252006045944,0.049743965651302305,0.0001,0.00014823450325318415,0.9766111754481389,1.059308505672159,0.748281518098173,0.9813686829095088,1.0455512523517414,0.7177654493086043,4.108650548026103e-33,0.0005435362039325649,0.045777623081130876,4.440892098500626e-16
41,101,qte_noent,forecast,reconstruction,test_variance_shift,0,2,True,0.36899753519578005,0.015777839903558022,0.004175538867732927,0.0001,0.0028120515876066954,0.976370578201729,1.0730657589925767,0.650861087900665,0.9797161150350662,0.9905222390700708,0.7311488071339258,4.108650548026103e-33,0.0008495661133839323,0.05225639099718427,4.440892098500626e-16
41,101,qte_noent,forecast,forecast,test_variance_shift,0,2,True,0.36899753519578005,0.0793524011479797,0.049743965651302305,0.0001,0.0028120515876066954,0.976370578201729,1.0730657589925767,0.650861087900665,0.9797161150350662,0.9905222390700708,0.7311488071339258,4.108650548026103e-33,0.0008495661133839323,0.05225639099718427,3.3306690738754696e-16
41,101,qte_noent,forecast,reconstruction,test_variance_shift,1,2,True,0.3944012091335992,0.013224304164305686,0.004175538867732927,0.0001,0.00027124602562941347,0.9776826890711345,1.0455512523517414,0.6726430753819193,0.9786678716221497,1.0730657589925765,0.6875721633032702,2.5679065925163147e-32,0.0002907923006011892,0.05153658022649058,4.440892098500626e-16
41,101,qte_noent,forecast,forecast,test_variance_shift,1,2,True,0.3944012091335992,0.08991548429691651,0.049743965651302305,0.0001,0.00027124602562941347,0.9776826890711345,1.0455512523517414,0.6726430753819193,0.9786678716221497,1.0730657589925765,0.6875721633032702,2.5679065925163147e-32,0.0002907923006011892,0.05153658022649058,2.220446049250313e-16
41,101,qte_noent,forecast,reconstruction,test_persistence_shift,0,2,True,0.37019438378578734,0.0033120235657014656,0.004175538867732927,0.0001,2.8992277652167126e-05,0.987216469775577,1.0730657589925765,0.3103609527819698,0.9906556604115105,1.0730657589925765,0.32769863437164126,2.311115933264683e-33,0.002366743731151371,0.018220018813378095,1.6653345369377348e-16
41,101,qte_noent,forecast,forecast,test_persistence_shift,0,2,True,0.37019438378578734,0.05376628416565046,0.049743965651302305,0.0001,2.8992277652167126e-05,0.987216469775577,1.0730657589925765,0.3103609527819698,0.9906556604115105,1.0730657589925765,0.32769863437164126,2.311115933264683e-33,0.002366743731151371,0.018220018813378095,1.1102230246251565e-16
41,101,qte_noent,forecast,reconstruction,test_persistence_shift,1,2,True,0.42526855778758743,0.0034084255605662046,0.004175538867732927,0.0001,8.663796268324572e-05,0.9895423075823906,1.0317939990313238,0.28017709866952106,0.9839188297911494,1.018036745710906,0.2926716361413939,4.108650548026103e-33,1.6112072367757199e-06,0.017333715993535236,2.220446049250313e-16
41,101,qte_noent,forecast,forecast,test_persistence_shift,1,2,True,0.42526855778758743,0.0683230155847235,0.049743965651302305,0.0001,8.663796268324572e-05,0.9895423075823906,1.0317939990313238,0.28017709866952106,0.9839188297911494,1.018036745710906,0.2926716361413939,4.108650548026103e-33,1.6112072367757199e-06,0.017333715993535236,1.6653345369377348e-16
41,101,qte_noent,forecast,reconstruction,test_noise_shift,0,2,True,0.43592544140545403,0.1035478976079539,0.004175538867732927,0.0001,0.0010468768467768303,0.9852728857854907,1.1556092789150822,0.38452747816831134,0.988966278403647,1.210638292196753,0.40440682308149745,0.0,0.0022840973490535275,0.02659611832177729,6.661338147750939e-16
41,101,qte_noent,forecast,forecast,test_noise_shift,0,2,True,0.43592544140545403,0.11597278615771846,0.049743965651302305,0.0001,0.0010468768467768303,0.9852728857854907,1.1556092789150822,0.38452747816831134,0.988966278403647,1.210638292196753,0.40440682308149745,0.0,0.0022840973490535275,0.02659611832177729,3.3306690738754696e-16
41,101,qte_noent,forecast,reconstruction,test_noise_shift,1,2,True,0.4454042110012557,0.11141497838556771,0.004175538867732927,0.0001,0.00100993913950363,0.9847715468996936,1.1831237855559178,0.2793730844979056,0.9915936450796128,1.1831237855559178,0.1701343295629571,1.0271626370065257e-33,0.00042935006359009174,0.002187989639986442,2.220446049250313e-16
41,101,qte_noent,forecast,forecast,test_noise_shift,1,2,True,0.4454042110012557,0.11779878343942565,0.049743965651302305,0.0001,0.00100993913950363,0.9847715468996936,1.1831237855559178,0.2793730844979056,0.9915936450796128,1.1831237855559178,0.1701343295629571,1.0271626370065257e-33,0.00042935006359009174,0.002187989639986442,1.1102230246251565e-16
41,101,qte_noent,forecast,reconstruction,test_combined_shift,0,2,True,0.5518549094225256,0.0787271292582699,0.004175538867732927,0.0001,0.0047282776786273205,0.980480550272249,0.9354932257884001,0.5448365870307137,0.983638142638244,0.9905222390700708,0.3336810013259743,1.0271626370065257e-33,2.2267729698389056e-05,0.02050326099466718,4.440892098500626e-16
41,101,qte_noent,forecast,forecast,test_combined_shift,0,2,True,0.5518549094225256,0.15194565370154123,0.049743965651302305,0.0001,0.0047282776786273205,0.980480550272249,0.9354932257884001,0.5448365870307137,0.983638142638244,0.9905222390700708,0.3336810013259743,1.0271626370065257e-33,2.2267729698389056e-05,0.02050326099466718,3.3306690738754696e-16
41,101,qte_noent,forecast,reconstruction,test_combined_shift,1,2,True,0.5484224267333858,0.10946401889858724,0.004175538867732927,0.0001,0.0020279592481707415,0.9859020599858369,0.9492504791088178,0.5520072494418563,0.9832695967722824,0.8804642125067295,0.4786479307730481,1.0271626370065257e-33,0.009824657489231932,0.02354586674902477,4.440892098500626e-16
41,101,qte_noent,forecast,forecast,test_combined_shift,1,2,True,0.5484224267333858,0.1485862530818253,0.049743965651302305,0.0001,0.0020279592481707415,0.9859020599858369,0.9492504791088178,0.5520072494418563,0.9832695967722824,0.8804642125067295,0.4786479307730481,1.0271626370065257e-33,0.009824657489231932,0.02354586674902477,2.220446049250313e-16
41,101,untrained_qte_noent,forecast,reconstruction,test_id,0,2,True,0.6063410615867284,0.0039748768556374615,0.004250551508783675,0.0001,0.0005736797981764529,0.9753149293468062,1.1143375189538296,0.5343974984755111,0.9761641439687494,1.1556092789150825,0.5426340168554968,4.108650548026103e-33,0.002381407547968951,0.021257244815337566,3.3306690738754696e-16
41,101,untrained_qte_noent,forecast,forecast,test_id,0,2,True,0.6063410615867284,0.0510725523625535,0.0495599752769032,0.0001,0.0005736797981764529,0.9753149293468062,1.1143375189538296,0.5343974984755111,0.9761641439687494,1.1556092789150825,0.5426340168554968,4.108650548026103e-33,0.002381407547968951,0.021257244815337566,2.220446049250313e-16
41,101,untrained_qte_noent,forecast,reconstruction,test_id,1,2,True,0.5865377315430969,0.0036270933433879445,0.004250551508783675,0.0001,0.0005698261089380687,0.9824387594145383,1.0868230123129943,0.5823317915647782,0.982342230942196,1.0455512523517414,0.5773877694091007,4.108650548026103e-33,0.00028405919682753135,0.0289750739192149,4.440892098500626e-16
41,101,untrained_qte_noent,forecast,forecast,test_id,1,2,True,0.5865377315430969,0.049474579580652815,0.0495599752769032,0.0001,0.0005698261089380687,0.9824387594145383,1.0868230123129943,0.5823317915647782,0.982342230942196,1.0455512523517414,0.5773877694091007,4.108650548026103e-33,0.00028405919682753135,0.0289750739192149,2.220446049250313e-16
41,101,untrained_qte_noent,forecast,reconstruction,test_mean_shift,0,2,True,0.6811655809634046,0.004924396914838876,0.004250551508783675,0.0001,0.002924644499033405,0.9847609612180106,0.8667069591863118,0.7879068286782779,0.9877876380923216,0.9354932257884001,0.6608915185594555,1.0271626370065257e-33,0.00027221471346944325,0.06535797861340815,4.440892098500626e-16
41,101,untrained_qte_noent,forecast,forecast,test_mean_shift,0,2,True,0.6811655809634046,0.08482134972322196,0.0495599752769032,0.0001,0.002924644499033405,0.9847609612180106,0.8667069591863118,0.7879068286782779,0.9877876380923216,0.9354932257884001,0.6608915185594555,1.0271626370065257e-33,0.00027221471346944325,0.06535797861340815,2.220446049250313e-16
41,101,untrained_qte_noent,forecast,reconstruction,test_mean_shift,1,2,True,0.6216376529666023,0.00460898006523564,0.004250551508783675,0.0001,0.00014462257857923862,0.9766111754481389,1.059308505672159,0.748281518098173,0.9813686829095088,1.0455512523517414,0.7184840793108822,0.0,0.00017226786230466857,0.04572338427865281,5.551115123125783e-16
41,101,untrained_qte_noent,forecast,forecast,test_mean_shift,1,2,True,0.6216376529666023,0.0746290379336595,0.0495599752769032,0.0001,0.00014462257857923862,0.9766111754481389,1.059308505672159,0.748281518098173,0.9813686829095088,1.0455512523517414,0.7184840793108822,0.0,0.00017226786230466857,0.04572338427865281,3.3306690738754696e-16
41,101,untrained_qte_noent,forecast,reconstruction,test_variance_shift,0,2,True,0.5338063988013176,0.013627511320835292,0.004250551508783675,0.0001,0.0028066596438375817,0.976370578201729,1.0730657589925767,0.650861087900665,0.9797161150350662,0.9905222390700708,0.7307448442873645,2.5679065925163147e-32,0.0007906531109185904,0.05245735166197272,6.661338147750939e-16
41,101,untrained_qte_noent,forecast,forecast,test_variance_shift,0,2,True,0.5338063988013176,0.07997911569695815,0.0495599752769032,0.0001,0.0028066596438375817,0.976370578201729,1.0730657589925767,0.650861087900665,0.9797161150350662,0.9905222390700708,0.7307448442873645,2.5679065925163147e-32,0.0007906531109185904,0.05245735166197272,2.220446049250313e-16
41,101,untrained_qte_noent,forecast,reconstruction,test_variance_shift,1,2,True,0.554954065284604,0.013781208078899074,0.004250551508783675,0.0001,0.0002799509165106341,0.9776826890711345,1.0455512523517414,0.6726430753819193,0.9801492203241926,1.0730657589925765,0.6901611685910595,1.6434602192104412e-32,0.0002922112298177516,0.05195022498872093,4.440892098500626e-16
41,101,untrained_qte_noent,forecast,forecast,test_variance_shift,1,2,True,0.554954065284604,0.08871964337898929,0.0495599752769032,0.0001,0.0002799509165106341,0.9776826890711345,1.0455512523517414,0.6726430753819193,0.9801492203241926,1.0730657589925765,0.6901611685910595,1.6434602192104412e-32,0.0002922112298177516,0.05195022498872093,2.220446049250313e-16
41,101,untrained_qte_noent,forecast,reconstruction,test_persistence_shift,0,2,True,0.5456022694145738,0.003329809584881092,0.004250551508783675,0.0001,2.9471945839748486e-05,0.987216469775577,1.0730657589925765,0.3103609527819698,0.9887795434454179,1.0730657589925765,0.32890523904182845,1.0271626370065257e-33,0.00032293257003234056,0.018204145210248216,2.220446049250313e-16
41,101,untrained_qte_noent,forecast,forecast,test_persistence_shift,0,2,True,0.5456022694145738,0.053702483807672466,0.0495599752769032,0.0001,2.9471945839748486e-05,0.987216469775577,1.0730657589925765,0.3103609527819698,0.9887795434454179,1.0730657589925765,0.32890523904182845,1.0271626370065257e-33,0.00032293257003234056,0.018204145210248216,1.1102230246251565e-16
41,101,untrained_qte_noent,forecast,reconstruction,test_persistence_shift,1,2,True,0.6078575469745912,0.003449626191630395,0.004250551508783675,0.0001,8.546474549043217e-05,0.9895423075823906,1.0317939990313238,0.28017709866952106,0.9839188297911494,1.018036745710906,0.29209493657420293,2.5679065925163143e-34,2.194391603424206e-06,0.017184998178950094,2.220446049250313e-16
41,101,untrained_qte_noent,forecast,forecast,test_persistence_shift,1,2,True,0.6078575469745912,0.06826703189557899,0.0495599752769032,0.0001,8.546474549043217e-05,0.9895423075823906,1.0317939990313238,0.28017709866952106,0.9839188297911494,1.018036745710906,0.29209493657420293,2.5679065925163143e-34,2.194391603424206e-06,0.017184998178950094,2.220446049250313e-16
41,101,untrained_qte_noent,forecast,reconstruction,test_noise_shift,0,2,True,0.6098270150924824,0.10352196997568124,0.004250551508783675,0.0001,0.0010545118075887569,0.9852728857854907,1.1556092789150822,0.38452747816831134,0.9901357959266567,1.210638292196753,0.40566467050513133,1.0271626370065257e-33,0.0040440632918594946,0.026790101371679354,1.1102230246251565e-15
41,101,untrained_qte_noent,forecast,forecast,test_noise_shift,0,2,True,0.6098270150924824,0.11609941145686832,0.0495599752769032,0.0001,0.0010545118075887569,0.9852728857854907,1.1556092789150822,0.38452747816831134,0.9901357959266567,1.210638292196753,0.40566467050513133,1.0271626370065257e-33,0.0040440632918594946,0.026790101371679354,3.3306690738754696e-16
41,101,untrained_qte_noent,forecast,reconstruction,test_noise_shift,1,2,True,0.6222813450436091,0.11035219252872644,0.004250551508783675,0.0001,0.0010071305945578014,0.9847715468996936,1.1831237855559178,0.2793730844979056,0.9908231875850978,1.1831237855559178,0.17010699774289886,0.0,0.0003749576862135718,0.0021077502342524384,2.220446049250313e-16
41,101,untrained_qte_noent,forecast,forecast,test_noise_shift,1,2,True,0.6222813450436091,0.11783706225112688,0.0495599752769032,0.0001,0.0010071305945578014,0.9847715468996936,1.1831237855559178,0.2793730844979056,0.9908231875850978,1.1831237855559178,0.17010699774289886,0.0,0.0003749576862135718,0.0021077502342524384,2.220446049250313e-16
41,101,untrained_qte_noent,forecast,reconstruction,test_combined_shift,0,2,True,0.7316163204884353,0.07809636221539706,0.004250551508783675,0.0001,0.0047248887373558075,0.980480550272249,0.9354932257884001,0.5448365870307137,0.9865661533407382,0.9905222390700708,0.33403393671904485,6.419766481290787e-33,9.54017049320511e-05,0.020565715882662556,5.551115123125783e-16
41,101,untrained_qte_noent,forecast,forecast,test_combined_shift,0,2,True,0.7316163204884353,0.15155915588789587,0.0495599752769032,0.0001,0.0047248887373558075,0.980480550272249,0.9354932257884001,0.5448365870307137,0.9865661533407382,0.9905222390700708,0.33403393671904485,6.419766481290787e-33,9.54017049320511e-05,0.020565715882662556,2.7755575615628914e-16
41,101,untrained_qte_noent,forecast,reconstruction,test_combined_shift,1,2,True,0.7342891253608077,0.10835095846209096,0.004250551508783675,0.0001,0.0020532534446412016,0.9859020599858369,0.9492504791088178,0.5520072494418563,0.9827858058762595,0.8804642125067295,0.47668132239958017,9.244463733058732e-33,0.01317532370779166,0.023473164620871016,2.220446049250313e-16
41,101,untrained_qte_noent,forecast,forecast,test_combined_shift,1,2,True,0.7342891253608077,0.14821572908945366,0.0495599752769032,0.0001,0.0020532534446412016,0.9859020599858369,0.9492504791088178,0.5520072494418563,0.9827858058762595,0.8804642125067295,0.47668132239958017,9.244463733058732e-33,0.01317532370779166,0.023473164620871016,2.220446049250313e-16
41,101,pca,reconstruction,reconstruction,test_id,0,2,True,0.0008263175470076112,0.0008263493406110196,0.0008357932780714236,0.0001,7.110051638334732e-05,0.9753149293468062,1.1143375189538296,0.5343974984755111,0.9800314412302282,1.100580265633412,0.5317186585165431,1.0271626370065257e-33,0.0002821897778456616,0.025292496837739223,2.220446049250313e-16
41,101,pca,reconstruction,forecast,test_id,0,2,True,0.0008263175470076112,0.05071140164670375,0.048348632689087616,0.0001,7.110051638334732e-05,0.9753149293468062,1.1143375189538296,0.5343974984755111,0.9800314412302282,1.100580265633412,0.5317186585165431,1.0271626370065257e-33,0.0002821897778456616,0.025292496837739223,1.1102230246251565e-16
41,101,pca,reconstruction,reconstruction,test_id,1,2,True,0.0007651153537693561,0.0007651479735788126,0.0008357932780714236,0.0001,0.0005978367245905682,0.9824387594145383,1.0868230123129943,0.5823317915647782,0.9753807823550454,1.0455512523517414,0.5950340690456242,1.6434602192104412e-32,0.004052725711760376,0.03187738515737895,4.440892098500626e-16
41,101,pca,reconstruction,forecast,test_id,1,2,True,0.0007651153537693561,0.04909644292544387,0.048348632689087616,0.0001,0.0005978367245905682,0.9824387594145383,1.0868230123129943,0.5823317915647782,0.9753807823550454,1.0455512523517414,0.5950340690456242,1.6434602192104412e-32,0.004052725711760376,0.03187738515737895,1.1102230246251565e-16
41,101,pca,reconstruction,reconstruction,test_mean_shift,0,2,True,0.0018059415687654672,0.0018060348314721572,0.0008357932780714236,0.0001,0.0001288923516951853,0.9847609612180106,0.8667069591863118,0.7879068286782779,0.9782180292019922,0.8804642125067296,0.7630387707084909,1.6434602192104412e-32,0.0003454149985506636,0.08402952241252622,4.440892098500626e-16
41,101,pca,reconstruction,forecast,test_mean_shift,0,2,True,0.0018059415687654672,0.08228091942918267,0.048348632689087616,0.0001,0.0001288923516951853,0.9847609612180106,0.8667069591863118,0.7879068286782779,0.9782180292019922,0.8804642125067296,0.7630387707084909,1.6434602192104412e-32,0.0003454149985506636,0.08402952241252622,4.440892098500626e-16
41,101,pca,reconstruction,reconstruction,test_mean_shift,1,2,True,0.0011695159425538079,0.001169588149634466,0.0008357932780714236,0.0001,0.0006193116061760293,0.9766111754481389,1.059308505672159,0.748281518098173,0.9744017386275255,1.018036745710906,0.7727515027458617,9.244463733058732e-33,0.0023849286553262006,0.05759567665360125,4.440892098500626e-16
41,101,pca,reconstruction,forecast,test_mean_shift,1,2,True,0.0011695159425538079,0.0693927252815314,0.048348632689087616,0.0001,0.0006193116061760293,0.9766111754481389,1.059308505672159,0.748281518098173,0.9744017386275255,1.018036745710906,0.7727515027458617,9.244463733058732e-33,0.0023849286553262006,0.05759567665360125,2.7755575615628914e-16
41,101,pca,reconstruction,reconstruction,test_variance_shift,0,2,True,0.004730940247797233,0.004731006745687422,0.0008357932780714236,0.0001,0.006310388991845215,0.976370578201729,1.0730657589925767,0.650861087900665,0.9766310333509727,0.9354932257884001,0.6464351432843845,4.108650548026103e-33,0.006480970109294804,0.04481495822161855,4.440892098500626e-16
41,101,pca,reconstruction,forecast,test_variance_shift,0,2,True,0.004730940247797233,0.08627729079991749,0.048348632689087616,0.0001,0.006310388991845215,0.976370578201729,1.0730657589925767,0.650861087900665,0.9766310333509727,0.9354932257884001,0.6464351432843845,4.108650548026103e-33,0.006480970109294804,0.04481495822161855,2.220446049250313e-16
41,101,pca,reconstruction,reconstruction,test_variance_shift,1,2,True,0.0038560709765652354,0.0038561411627118835,0.0008357932780714236,0.0001,0.0010266825341995651,0.9776826890711345,1.0455512523517414,0.6726430753819193,0.9848367672407453,0.9905222390700708,0.6710005585479001,4.108650548026103e-33,8.54161439253959e-06,0.048400319664211565,4.440892098500626e-16
41,101,pca,reconstruction,forecast,test_variance_shift,1,2,True,0.0038560709765652354,0.09518781468089331,0.048348632689087616,0.0001,0.0010266825341995651,0.9776826890711345,1.0455512523517414,0.6726430753819193,0.9848367672407453,0.9905222390700708,0.6710005585479001,4.108650548026103e-33,8.54161439253959e-06,0.048400319664211565,1.6653345369377348e-16
41,101,pca,reconstruction,reconstruction,test_persistence_shift,0,2,True,0.0007841348876454813,0.0007841596211027942,0.0008357932780714236,0.0001,0.0022902268163332235,0.987216469775577,1.0730657589925765,0.3103609527819698,0.9943223830393455,0.9905222390700708,0.3155585539557291,2.311115933264683e-33,0.004064007112431043,0.02457562602120314,1.1102230246251565e-16
41,101,pca,reconstruction,forecast,test_persistence_shift,0,2,True,0.0007841348876454813,0.05362454205571362,0.048348632689087616,0.0001,0.0022902268163332235,0.987216469775577,1.0730657589925765,0.3103609527819698,0.9943223830393455,0.9905222390700708,0.3155585539557291,2.311115933264683e-33,0.004064007112431043,0.02457562602120314,5.551115123125783e-17
41,101,pca,reconstruction,reconstruction,test_persistence_shift,1,2,True,0.000789084759392074,0.0007891163350585694,0.0008357932780714236,0.0001,0.0005784539977741655,0.9895423075823906,1.0317939990313238,0.28017709866952106,0.9846068172520877,0.9905222390700708,0.2857069298505568,1.0271626370065257e-33,7.812316066690637e-07,0.016867602528544117,2.220446049250313e-16
41,101,pca,reconstruction,forecast,test_persistence_shift,1,2,True,0.000789084759392074,0.06789011849055235,0.048348632689087616,0.0001,0.0005784539977741655,0.9895423075823906,1.0317939990313238,0.28017709866952106,0.9846068172520877,0.9905222390700708,0.2857069298505568,1.0271626370065257e-33,7.812316066690637e-07,0.016867602528544117,5.551115123125783e-17
41,101,pca,reconstruction,reconstruction,test_noise_shift,0,2,True,0.023219069433024722,0.02321911213697334,0.0008357932780714236,0.0001,0.0016525106233477645,0.9852728857854907,1.1556092789150822,0.38452747816831134,0.9805494187634552,1.100580265633412,0.4718665513619468,1.0271626370065257e-33,0.0010169835904528335,0.03310962363609052,4.440892098500626e-16
41,101,pca,reconstruction,forecast,test_noise_shift,0,2,True,0.023219069433024722,0.10002613812766079,0.048348632689087616,0.0001,0.0016525106233477645,0.9852728857854907,1.1556092789150822,0.38452747816831134,0.9805494187634552,1.100580265633412,0.4718665513619468,1.0271626370065257e-33,0.0010169835904528335,0.03310962363609052,2.7755575615628914e-16
41,101,pca,reconstruction,reconstruction,test_noise_shift,1,2,True,0.025097149549305184,0.025097186103451748,0.0008357932780714236,0.0001,0.00394338508540563,0.9847715468996936,1.1831237855559178,0.2793730844979056,0.9897974715844007,1.100580265633412,0.4206736528772782,4.108650548026103e-33,0.0005474635791405078,0.01823959155843173,2.220446049250313e-16
41,101,pca,reconstruction,forecast,test_noise_shift,1,2,True,0.025097149549305184,0.09606178619781737,0.048348632689087616,0.0001,0.00394338508540563,0.9847715468996936,1.1831237855559178,0.2793730844979056,0.9897974715844007,1.100580265633412,0.4206736528772782,4.108650548026103e-33,0.0005474635791405078,0.01823959155843173,5.551115123125783e-17
41,101,pca,reconstruction,reconstruction,test_combined_shift,0,2,True,0.018432119503016306,0.018432206307009265,0.0008357932780714236,0.0001,0.00029056525888552256,0.980480550272249,0.9354932257884001,0.5448365870307137,0.9790932979373019,0.9630077324292354,0.5660708265440262,9.244463733058732e-33,0.0007682579796632214,0.048028231913736376,6.661338147750939e-16
41,101,pca,reconstruction,forecast,test_combined_shift,0,2,True,0.018432119503016306,0.12729210344690606,0.048348632689087616,0.0001,0.00029056525888552256,0.980480550272249,0.9354932257884001,0.5448365870307137,0.9790932979373019,0.9630077324292354,0.5660708265440262,9.244463733058732e-33,0.0007682579796632214,0.048028231913736376,2.7755575615628914e-16
41,101,pca,reconstruction,reconstruction,test_combined_shift,1,2,True,0.024684254743852916,0.02468433912859291,0.0008357932780714236,0.0001,0.0032241407347005633,0.9859020599858369,0.9492504791088178,0.5520072494418563,0.9848862925104751,0.8804642125067295,0.6925752393610995,9.244463733058732e-33,0.007799627848402477,0.05316752452506143,2.220446049250313e-16
41,101,pca,reconstruction,forecast,test_combined_shift,1,2,True,0.024684254743852916,0.12362265667028983,0.048348632689087616,0.0001,0.0032241407347005633,0.9859020599858369,0.9492504791088178,0.5520072494418563,0.9848862925104751,0.8804642125067295,0.6925752393610995,9.244463733058732e-33,0.007799627848402477,0.05316752452506143,1.1102230246251565e-16
41,101,reduced_rank,forecast,reconstruction,test_id,0,2,True,0.050924410670962525,0.0013317380490573232,0.0013578323315844199,0.0001,7.525351235033561e-05,0.9753149293468062,1.1143375189538296,0.5343974984755111,0.9746036082102328,1.100580265633412,0.5223987418116678,4.108650548026103e-33,0.00025265537989348723,0.024464887657379693,2.220446049250313e-16
41,101,reduced_rank,forecast,forecast,test_id,0,2,True,0.050924410670962525,0.05088609144563836,0.048307999916190586,0.0001,7.525351235033561e-05,0.9753149293468062,1.1143375189538296,0.5343974984755111,0.9746036082102328,1.100580265633412,0.5223987418116678,4.108650548026103e-33,0.00025265537989348723,0.024464887657379693,1.1102230246251565e-16
41,101,reduced_rank,forecast,reconstruction,test_id,1,2,True,0.04967551515604006,0.0012442904150276025,0.0013578323315844199,0.0001,0.0015810497333980371,0.9824387594145383,1.0868230123129943,0.5823317915647782,0.9791351395064554,1.1556092789150827,0.5806767113329525,3.697785493223493e-32,0.002271231800798638,0.028069244061971536,3.3306690738754696e-16
41,101,reduced_rank,forecast,forecast,test_id,1,2,True,0.04967551515604006,0.049599739996120634,0.048307999916190586,0.0001,0.0015810497333980371,0.9824387594145383,1.0868230123129943,0.5823317915647782,0.9791351395064554,1.1556092789150827,0.5806767113329525,3.697785493223493e-32,0.002271231800798638,0.028069244061971536,1.6653345369377348e-16
41,101,reduced_rank,forecast,reconstruction,test_mean_shift,0,2,True,0.08416076784625398,0.002829942962392413,0.0013578323315844199,0.0001,0.002127003833846114,0.9847609612180106,0.8667069591863118,0.7879068286782779,0.9724351625020159,0.7979206925842236,0.8653028418701102,9.244463733058732e-33,0.0013108173784870314,0.1436684915273262,4.440892098500626e-16
41,101,reduced_rank,forecast,forecast,test_mean_shift,0,2,True,0.08416076784625398,0.08345463406197912,0.048307999916190586,0.0001,0.002127003833846114,0.9847609612180106,0.8667069591863118,0.7879068286782779,0.9724351625020159,0.7979206925842236,0.8653028418701102,9.244463733058732e-33,0.0013108173784870314,0.1436684915273262,2.220446049250313e-16
41,101,reduced_rank,forecast,reconstruction,test_mean_shift,1,2,True,0.06939634651049054,0.001719234103743916,0.0013578323315844199,0.0001,0.0005813493369863805,0.9766111754481389,1.059308505672159,0.748281518098173,0.9823963275742111,1.018036745710906,0.7429068160457546,4.108650548026103e-33,0.0010203245528996121,0.06252673027465293,5.551115123125783e-16
41,101,reduced_rank,forecast,forecast,test_mean_shift,1,2,True,0.06939634651049054,0.0689291459894771,0.048307999916190586,0.0001,0.0005813493369863805,0.9766111754481389,1.059308505672159,0.748281518098173,0.9823963275742111,1.018036745710906,0.7429068160457546,4.108650548026103e-33,0.0010203245528996121,0.06252673027465293,3.3306690738754696e-16
41,101,reduced_rank,forecast,reconstruction,test_variance_shift,0,2,True,0.084768099297616,0.006699184140324353,0.0013578323315844199,0.0001,0.00038809377000900485,0.976370578201729,1.0730657589925767,0.650861087900665,0.9785056153872388,1.100580265633412,0.6107275682167432,3.697785493223493e-32,0.006537796716052866,0.0352804068816858,6.661338147750939e-16
41,101,reduced_rank,forecast,forecast,test_variance_shift,0,2,True,0.084768099297616,0.08457494463714198,0.048307999916190586,0.0001,0.00038809377000900485,0.976370578201729,1.0730657589925767,0.650861087900665,0.9785056153872388,1.100580265633412,0.6107275682167432,3.697785493223493e-32,0.006537796716052866,0.0352804068816858,3.3306690738754696e-16
41,101,reduced_rank,forecast,reconstruction,test_variance_shift,1,2,True,0.09731207486296733,0.005800647233959919,0.0013578323315844199,0.0001,0.0001315639827809173,0.9776826890711345,1.0455512523517414,0.6726430753819193,0.979701297432237,1.0455512523517414,0.6331150008714026,0.0,0.00025369066765290474,0.04572551418383808,3.3306690738754696e-16
41,101,reduced_rank,forecast,forecast,test_variance_shift,1,2,True,0.09731207486296733,0.09693568845845771,0.048307999916190586,0.0001,0.0001315639827809173,0.9776826890711345,1.0455512523517414,0.6726430753819193,0.979701297432237,1.0455512523517414,0.6331150008714026,0.0,0.00025369066765290474,0.04572551418383808,1.1102230246251565e-16
41,101,reduced_rank,forecast,reconstruction,test_persistence_shift,0,2,True,0.053424870722297194,0.001246279453740902,0.0013578323315844199,0.0001,3.2512009964106596e-05,0.987216469775577,1.0730657589925765,0.3103609527819698,0.9783282835288152,1.0730657589925767,0.31897168448959934,4.108650548026103e-33,1.5991691010047027e-05,0.028350072477862375,1.1102230246251565e-16
41,101,reduced_rank,forecast,forecast,test_persistence_shift,0,2,True,0.053424870722297194,0.053543663893047495,0.048307999916190586,0.0001,3.2512009964106596e-05,0.987216469775577,1.0730657589925765,0.3103609527819698,0.9783282835288152,1.0730657589925767,0.31897168448959934,4.108650548026103e-33,1.5991691010047027e-05,0.028350072477862375,5.551115123125783e-17
41,101,reduced_rank,forecast,reconstruction,test_persistence_shift,1,2,True,0.06741401802147416,0.0012320773573662746,0.0013578323315844199,0.0001,0.0001266642682284747,0.9895423075823906,1.0317939990313238,0.28017709866952106,0.9873102748862744,1.0455512523517414,0.2529191592164551,2.5679065925163143e-34,0.0002560565616234212,0.01187486037717754,1.1102230246251565e-16
41,101,reduced_rank,forecast,forecast,test_persistence_shift,1,2,True,0.06741401802147416,0.06758003208576466,0.048307999916190586,0.0001,0.0001266642682284747,0.9895423075823906,1.0317939990313238,0.28017709866952106,0.9873102748862744,1.0455512523517414,0.2529191592164551,2.5679065925163143e-34,0.0002560565616234212,0.01187486037717754,1.1102230246251565e-16
41,101,reduced_rank,forecast,reconstruction,test_noise_shift,0,2,True,0.10318817663862417,0.03699314362704071,0.0013578323315844199,0.0001,0.00019220622557756723,0.9852728857854907,1.1556092789150822,0.38452747816831134,0.9870067055825286,1.1556092789150825,0.43242789760881734,0.0,0.00010124128386542538,0.030884404096069837,4.440892098500626e-16
41,101,reduced_rank,forecast,forecast,test_noise_shift,0,2,True,0.10318817663862417,0.10330745434520704,0.048307999916190586,0.0001,0.00019220622557756723,0.9852728857854907,1.1556092789150822,0.38452747816831134,0.9870067055825286,1.1556092789150825,0.43242789760881734,0.0,0.00010124128386542538,0.030884404096069837,2.7755575615628914e-16
41,101,reduced_rank,forecast,reconstruction,test_noise_shift,1,2,True,0.10032257092899896,0.0399568570624537,0.0013578323315844199,0.0001,0.004484257673113313,0.9847715468996936,1.1831237855559178,0.2793730844979056,0.9817597251083545,1.0730657589925767,0.3523369861978576,2.311115933264683e-33,0.00034547700028485603,0.016184637517841712,1.1102230246251565e-16
41,101,reduced_rank,forecast,forecast,test_noise_shift,1,2,True,0.10032257092899896,0.10048123691060935,0.048307999916190586,0.0001,0.004484257673113313,0.9847715468996936,1.1831237855559178,0.2793730844979056,0.9817597251083545,1.0730657589925767,0.3523369861978576,2.311115933264683e-33,0.00034547700028485603,0.016184637517841712,1.1102230246251565e-16
41,101,reduced_rank,forecast,reconstruction,test_combined_shift,0,2,True,0.1321014260248423,0.029246270501825197,0.0013578323315844199,0.0001,0.001226628880523941,0.980480550272249,0.9354932257884001,0.5448365870307137,0.9864321324918928,0.9630077324292354,0.6523059730895551,9.244463733058732e-33,0.002364671212171408,0.06902327013311978,6.661338147750939e-16
41,101,reduced_rank,forecast,forecast,test_combined_shift,0,2,True,0.1321014260248423,0.13181844543154256,0.048307999916190586,0.0001,0.001226628880523941,0.980480550272249,0.9354932257884001,0.5448365870307137,0.9864321324918928,0.9630077324292354,0.6523059730895551,9.244463733058732e-33,0.002364671212171408,0.06902327013311978,2.220446049250313e-16
41,101,reduced_rank,forecast,reconstruction,test_combined_shift,1,2,True,0.12983492103248273,0.03935518544879,0.0013578323315844199,0.0001,0.0008383227431611961,0.9859020599858369,0.9492504791088178,0.5520072494418563,0.9707638400347435,0.9905222390700708,0.5037394814844867,0.0,0.00341476562429229,0.033219119801613815,2.220446049250313e-16
41,101,reduced_rank,forecast,forecast,test_combined_shift,1,2,True,0.12983492103248273,0.12961549517395599,0.048307999916190586,0.0001,0.0008383227431611961,0.9859020599858369,0.9492504791088178,0.5520072494418563,0.9707638400347435,0.9905222390700708,0.5037394814844867,0.0,0.00341476562429229,0.033219119801613815,2.220446049250313e-16
41,101,random_linear,reconstruction,reconstruction,test_id,0,2,True,0.03888547737531016,0.0022498061483154333,0.0020758074236791515,0.001,0.000582471284679437,0.9753149293468062,1.1143375189538296,0.5343974984755111,0.9729468163436411,1.0730657589925767,0.5467987443070033,4.108650548026103e-33,0.0023202117510217625,0.03553731713704093,2.220446049250313e-16
41,101,random_linear,reconstruction,forecast,test_id,0,2,True,0.03888547737531016,0.05132104398739229,0.04802135270917067,0.0001,0.000582471284679437,0.9753149293468062,1.1143375189538296,0.5343974984755111,0.9729468163436411,1.0730657589925767,0.5467987443070033,4.108650548026103e-33,0.0023202117510217625,0.03553731713704093,1.1102230246251565e-16
41,101,random_linear,reconstruction,reconstruction,test_id,1,2,True,0.04141742076621436,0.002301999734380944,0.0020758074236791515,0.001,0.0016088231629517629,0.9824387594145383,1.0868230123129943,0.5823317915647782,0.9765088150770102,1.0180367457109059,0.5668715488816218,0.0,0.0010398052586875922,0.03451227398776995,4.440892098500626e-16
41,101,random_linear,reconstruction,forecast,test_id,1,2,True,0.04141742076621436,0.05002313390597867,0.04802135270917067,0.0001,0.0016088231629517629,0.9824387594145383,1.0868230123129943,0.5823317915647782,0.9765088150770102,1.0180367457109059,0.5668715488816218,0.0,0.0010398052586875922,0.03451227398776995,2.220446049250313e-16
41,101,random_linear,reconstruction,reconstruction,test_mean_shift,0,2,True,0.08684119013861069,0.005314687450113749,0.0020758074236791515,0.001,0.008857417283674606,0.9847609612180106,0.8667069591863118,0.7879068286782779,0.9695027321597964,0.7153771726617177,0.9051882680871064,0.0,0.010382988216472487,0.17391208184735096,4.440892098500626e-16
41,101,random_linear,reconstruction,forecast,test_mean_shift,0,2,True,0.08684119013861069,0.08780750971343006,0.04802135270917067,0.0001,0.008857417283674606,0.9847609612180106,0.8667069591863118,0.7879068286782779,0.9695027321597964,0.7153771726617177,0.9051882680871064,0.0,0.010382988216472487,0.17391208184735096,2.220446049250313e-16
41,101,random_linear,reconstruction,reconstruction,test_mean_shift,1,2,True,0.06390423054974226,0.0034482900241519154,0.0020758074236791515,0.001,0.00389819539038061,0.9766111754481389,1.059308505672159,0.748281518098173,0.9620559043285342,0.9630077324292354,0.8422792058695572,1.0271626370065257e-33,0.0030329343564291108,0.07487451701203306,4.440892098500626e-16
41,101,random_linear,reconstruction,forecast,test_mean_shift,1,2,True,0.06390423054974226,0.07078478664452113,0.04802135270917067,0.0001,0.00389819539038061,0.9766111754481389,1.059308505672159,0.748281518098173,0.9620559043285342,0.9630077324292354,0.8422792058695572,1.0271626370065257e-33,0.0030329343564291108,0.07487451701203306,2.7755575615628914e-16
41,101,random_linear,reconstruction,reconstruction,test_variance_shift,0,2,True,0.06582173699193186,0.015136270197661035,0.0020758074236791515,0.001,0.0023624458354112444,0.976370578201729,1.0730657589925767,0.650861087900665,0.9870992591118279,0.9905222390700708,0.6256578951691183,4.108650548026103e-33,0.0012406894618990337,0.03655229283262512,4.440892098500626e-16
41,101,random_linear,reconstruction,forecast,test_variance_shift,0,2,True,0.06582173699193186,0.08863793517405863,0.04802135270917067,0.0001,0.0023624458354112444,0.976370578201729,1.0730657589925767,0.650861087900665,0.9870992591118279,0.9905222390700708,0.6256578951691183,4.108650548026103e-33,0.0012406894618990337,0.03655229283262512,2.220446049250313e-16
41,101,random_linear,reconstruction,reconstruction,test_variance_shift,1,2,True,0.09641174824806807,0.009537689642199502,0.0020758074236791515,0.001,0.0006388160045623759,0.9776826890711345,1.0455512523517414,0.6726430753819193,0.9860591122627951,1.0730657589925767,0.6066359402369134,4.108650548026103e-33,2.1884460729947635e-05,0.03385205604508206,2.7755575615628914e-16
41,101,random_linear,reconstruction,forecast,test_variance_shift,1,2,True,0.09641174824806807,0.09366435553900558,0.04802135270917067,0.0001,0.0006388160045623759,0.9776826890711345,1.0455512523517414,0.6726430753819193,0.9860591122627951,1.0730657589925767,0.6066359402369134,4.108650548026103e-33,2.1884460729947635e-05,0.03385205604508206,2.220446049250313e-16
41,101,random_linear,reconstruction,reconstruction,test_persistence_shift,0,2,True,0.026220223951802808,0.0022312434095404766,0.0020758074236791515,0.001,0.00404635508378836,0.987216469775577,1.0730657589925765,0.3103609527819698,0.9842846642385105,0.9630077324292354,0.30194654688712097,4.108650548026103e-33,0.002282885853899822,0.027839993116399148,1.1102230246251565e-16
41,101,random_linear,reconstruction,forecast,test_persistence_shift,0,2,True,0.026220223951802808,0.05341632014066057,0.04802135270917067,0.0001,0.00404635508378836,0.987216469775577,1.0730657589925765,0.3103609527819698,0.9842846642385105,0.9630077324292354,0.30194654688712097,4.108650548026103e-33,0.002282885853899822,0.027839993116399148,1.1102230246251565e-16
41,101,random_linear,reconstruction,reconstruction,test_persistence_shift,1,2,True,0.032803371799557834,0.0022302955608529745,0.0020758074236791515,0.001,0.0008388310461260661,0.9895423075823906,1.0317939990313238,0.28017709866952106,0.9936803487759511,1.018036745710906,0.37630425892168806,1.0271626370065257e-33,4.86133807693687e-06,0.03006486211416905,2.220446049250313e-16
41,101,random_linear,reconstruction,forecast,test_persistence_shift,1,2,True,0.032803371799557834,0.0668470496620735,0.04802135270917067,0.0001,0.0008388310461260661,0.9895423075823906,1.0317939990313238,0.28017709866952106,0.9936803487759511,1.018036745710906,0.37630425892168806,1.0271626370065257e-33,4.86133807693687e-06,0.03006486211416905,1.1102230246251565e-16
41,101,random_linear,reconstruction,reconstruction,test_noise_shift,0,2,True,0.06354362960222532,0.057477891392087616,0.0020758074236791515,0.001,0.009120278343675084,0.9852728857854907,1.1556092789150822,0.38452747816831134,0.9802663250616994,0.9905222390700708,0.3664124395588213,0.0,0.0063224844766447685,0.034144416538616974,5.551115123125783e-16
41,101,random_linear,reconstruction,forecast,test_noise_shift,0,2,True,0.06354362960222532,0.10788904868517117,0.04802135270917067,0.0001,0.009120278343675084,0.9852728857854907,1.1556092789150822,0.38452747816831134,0.9802663250616994,0.9905222390700708,0.3664124395588213,0.0,0.0063224844766447685,0.034144416538616974,3.3306690738754696e-16
41,101,random_linear,reconstruction,reconstruction,test_noise_shift,1,2,True,0.057529516056426956,0.06438970217361306,0.0020758074236791515,0.001,0.0023393008738577165,0.9847715468996936,1.1831237855559178,0.2793730844979056,0.9968609533424967,1.100580265633412,0.2641000766426391,2.5679065925163143e-34,0.0010533523208148025,0.007449631120542616,2.220446049250313e-16
41,101,random_linear,reconstruction,forecast,test_noise_shift,1,2,True,0.057529516056426956,0.11464453069511665,0.04802135270917067,0.0001,0.0023393008738577165,0.9847715468996936,1.1831237855559178,0.2793730844979056,0.9968609533424967,1.100580265633412,0.2641000766426391,2.5679065925163143e-34,0.0010533523208148025,0.007449631120542616,1.1102230246251565e-16
41,101,random_linear,reconstruction,reconstruction,test_combined_shift,0,2,True,0.09744606953209166,0.046509205924922734,0.0020758074236791515,0.001,0.007159375693753876,0.980480550272249,0.9354932257884001,0.5448365870307137,0.9819559513728149,0.8254351992250588,0.7383636503767681,4.108650548026103e-33,0.005857916769030721,0.10209448520708664,6.661338147750939e-16
41,101,random_linear,reconstruction,forecast,test_combined_shift,0,2,True,0.09744606953209166,0.13402764252575233,0.04802135270917067,0.0001,0.007159375693753876,0.980480550272249,0.9354932257884001,0.5448365870307137,0.9819559513728149,0.8254351992250588,0.7383636503767681,4.108650548026103e-33,0.005857916769030721,0.10209448520708664,3.3306690738754696e-16
41,101,random_linear,reconstruction,reconstruction,test_combined_shift,1,2,True,0.08307829418565307,0.06359730790460168,0.0020758074236791515,0.001,0.0021470315456484693,0.9859020599858369,0.9492504791088178,0.5520072494418563,0.9830196784361984,0.8804642125067295,0.6344993348923804,4.108650548026103e-33,0.010991614642717579,0.06429331895360711,4.440892098500626e-16
41,101,random_linear,reconstruction,forecast,test_combined_shift,1,2,True,0.08307829418565307,0.1396565134195023,0.04802135270917067,0.0001,0.0021470315456484693,0.9859020599858369,0.9492504791088178,0.5520072494418563,0.9830196784361984,0.8804642125067295,0.6344993348923804,4.108650548026103e-33,0.010991614642717579,0.06429331895360711,1.1102230246251565e-16
41,101,persistence,forecast,reconstruction,test_id,0,4,False,0.0655802701352916,2.862750427159312e-06,2.925006545539245e-06,0.0001,0.0,0.9753149293468062,1.1143375189538296,0.5343974984755111,0.9753149293468062,1.1143375189538296,0.5343974984755111,1.0271626370065257e-33,8.027875859726413e-05,0.029492734088924246,3.3306690738754696e-16
41,101,persistence,forecast,forecast,test_id,0,4,False,0.0655802701352916,0.05092428679600989,0.04836442878984102,0.001,0.0,0.9753149293468062,1.1143375189538296,0.5343974984755111,0.9753149293468062,1.1143375189538296,0.5343974984755111,1.0271626370065257e-33,8.027875859726413e-05,0.029492734088924246,1.1102230246251565e-16
41,101,persistence,forecast,reconstruction,test_id,1,4,False,0.06068731825379308,2.6167499682820152e-06,2.925006545539245e-06,0.0001,0.0,0.9824387594145383,1.0868230123129943,0.5823317915647782,0.9824387594145383,1.0868230123129943,0.5823317915647782,1.0271626370065257e-33,1.0766466547763256e-05,0.026487725106507872,6.661338147750939e-16
41,101,persistence,forecast,forecast,test_id,1,4,False,0.06068731825379308,0.049652528589561304,0.04836442878984102,0.001,0.0,0.9824387594145383,1.0868230123129943,0.5823317915647782,0.9824387594145383,1.0868230123129943,0.5823317915647782,1.0271626370065257e-33,1.0766466547763256e-05,0.026487725106507872,3.885780586188048e-16
41,101,persistence,forecast,reconstruction,test_mean_shift,0,4,False,0.05366666155568589,5.946914663414285e-06,2.925006545539245e-06,0.0001,0.0,0.9847609612180106,0.8667069591863118,0.7879068286782779,0.9847609612180106,0.8667069591863118,0.7879068286782779,1.6434602192104412e-32,0.00019980625337431964,0.10389529187439593,4.440892098500626e-16
41,101,persistence,forecast,forecast,test_mean_shift,0,4,False,0.05366666155568589,0.08414361420190952,0.04836442878984102,0.001,0.0,0.9847609612180106,0.8667069591863118,0.7879068286782779,0.9847609612180106,0.8667069591863118,0.7879068286782779,1.6434602192104412e-32,0.00019980625337431964,0.10389529187439593,1.6653345369377348e-16
41,101,persistence,forecast,reconstruction,test_mean_shift,1,4,False,0.05824126680204681,3.882466099068096e-06,2.925006545539245e-06,0.0001,0.0,0.9766111754481389,1.059308505672159,0.748281518098173,0.9766111754481389,1.059308505672159,0.748281518098173,1.0271626370065257e-33,0.000590326537710239,0.05245029687186148,4.753142324176451e-16
41,101,persistence,forecast,forecast,test_mean_shift,1,4,False,0.05824126680204681,0.0693634558867484,0.04836442878984102,0.001,0.0,0.9766111754481389,1.059308505672159,0.748281518098173,0.9766111754481389,1.059308505672159,0.748281518098173,1.0271626370065257e-33,0.000590326537710239,0.05245029687186148,2.7755575615628914e-16
41,101,persistence,forecast,reconstruction,test_variance_shift,0,4,False,0.09690970519424592,1.3604925710352701e-05,2.925006545539245e-06,0.0001,0.0,0.976370578201729,1.0730657589925767,0.650861087900665,0.976370578201729,1.0730657589925767,0.650861087900665,1.0271626370065257e-33,0.0033473153620571165,0.040021423300443976,7.771561172376096e-16
41,101,persistence,forecast,forecast,test_variance_shift,0,4,False,0.09690970519424592,0.08431977817250652,0.04836442878984102,0.001,0.0,0.976370578201729,1.0730657589925767,0.650861087900665,0.976370578201729,1.0730657589925767,0.650861087900665,1.0271626370065257e-33,0.0033473153620571165,0.040021423300443976,5.551115123125783e-16
41,101,persistence,forecast,reconstruction,test_variance_shift,1,4,False,0.10005953509958844,1.3278416365440207e-05,2.925006545539245e-06,0.0001,0.0,0.9776826890711345,1.0455512523517414,0.6726430753819193,0.9776826890711345,1.0455512523517414,0.6726430753819193,4.108650548026103e-33,0.0019786035308865676,0.039612197514895704,2.220446049250313e-16
41,101,persistence,forecast,forecast,test_variance_shift,1,4,False,0.10005953509958844,0.09699402087537363,0.04836442878984102,0.001,0.0,0.9776826890711345,1.0455512523517414,0.6726430753819193,0.9776826890711345,1.0455512523517414,0.6726430753819193,4.108650548026103e-33,0.0019786035308865676,0.039612197514895704,1.6653345369377348e-16
41,101,persistence,forecast,reconstruction,test_persistence_shift,0,4,False,0.0787077471800193,2.5686731754635094e-06,2.925006545539245e-06,0.0001,0.0,0.987216469775577,1.0730657589925765,0.3103609527819698,0.987216469775577,1.0730657589925765,0.3103609527819698,2.5679065925163143e-34,0.00026118151836864296,0.010556779051191257,3.3306690738754696e-16
41,101,persistence,forecast,forecast,test_persistence_shift,0,4,False,0.0787077471800193,0.053417146045296335,0.04836442878984102,0.001,0.0,0.987216469775577,1.0730657589925765,0.3103609527819698,0.987216469775577,1.0730657589925765,0.3103609527819698,2.5679065925163143e-34,0.00026118151836864296,0.010556779051191257,1.6653345369377348e-16
41,101,persistence,forecast,reconstruction,test_persistence_shift,1,4,False,0.10042152065255545,2.6159595138992504e-06,2.925006545539245e-06,0.0001,0.0,0.9895423075823906,1.0317939990313238,0.28017709866952106,0.9895423075823906,1.0317939990313238,0.28017709866952106,2.5679065925163143e-34,0.0004018709783918158,0.015381080138812958,2.220446049250313e-16
41,101,persistence,forecast,forecast,test_persistence_shift,1,4,False,0.10042152065255545,0.06739999274743605,0.04836442878984102,0.001,0.0,0.9895423075823906,1.0317939990313238,0.28017709866952106,0.9895423075823906,1.0317939990313238,0.28017709866952106,2.5679065925163143e-34,0.0004018709783918158,0.015381080138812958,1.1102230246251565e-16
41,101,persistence,forecast,reconstruction,test_noise_shift,0,4,False,0.14463553839099166,7.999368304874173e-05,2.925006545539245e-06,0.0001,0.0,0.9852728857854907,1.1556092789150822,0.38452747816831134,0.9852728857854907,1.1556092789150822,0.38452747816831134,2.5679065925163143e-34,0.00025351812603948066,0.014321317472607545,3.3306690738754696e-16
41,101,persistence,forecast,forecast,test_noise_shift,0,4,False,0.14463553839099166,0.10355722988213298,0.04836442878984102,0.001,0.0,0.9852728857854907,1.1556092789150822,0.38452747816831134,0.9852728857854907,1.1556092789150822,0.38452747816831134,2.5679065925163143e-34,0.00025351812603948066,0.014321317472607545,1.6653345369377348e-16
41,101,persistence,forecast,reconstruction,test_noise_shift,1,4,False,0.14807036101688814,8.461231820327808e-05,2.925006545539245e-06,0.0001,0.0,0.9847715468996936,1.1831237855559178,0.2793730844979056,0.9847715468996936,1.1831237855559178,0.2793730844979056,2.5679065925163143e-34,0.0006928975119382654,0.006435986619940755,4.440892098500626e-16
41,101,persistence,forecast,forecast,test_noise_shift,1,4,False,0.14807036101688814,0.10067810266766489,0.04836442878984102,0.001,0.0,0.9847715468996936,1.1831237855559178,0.2793730844979056,0.9847715468996936,1.1831237855559178,0.2793730844979056,2.5679065925163143e-34,0.0006928975119382654,0.006435986619940755,2.220446049250313e-16
41,101,persistence,forecast,reconstruction,test_combined_shift,0,4,False,0.1518472196192649,6.313081586945706e-05,2.925006545539245e-06,0.0001,0.0,0.980480550272249,0.9354932257884001,0.5448365870307137,0.980480550272249,0.9354932257884001,0.5448365870307137,9.244463733058732e-33,0.00035837066023532057,0.03504852338923186,3.3306690738754696e-16
41,101,persistence,forecast,forecast,test_combined_shift,0,4,False,0.1518472196192649,0.13208549617572704,0.04836442878984102,0.001,0.0,0.980480550272249,0.9354932257884001,0.5448365870307137,0.980480550272249,0.9354932257884001,0.5448365870307137,9.244463733058732e-33,0.00035837066023532057,0.03504852338923186,2.7755575615628914e-16
41,101,persistence,forecast,reconstruction,test_combined_shift,1,4,False,0.1532184749192507,8.2277255822914e-05,2.925006545539245e-06,0.0001,0.0,0.9859020599858369,0.9492504791088178,0.5520072494418563,0.9859020599858369,0.9492504791088178,0.5520072494418563,0.0,0.00033087846939821203,0.054024775103499206,5.551115123125783e-16
41,101,persistence,forecast,forecast,test_combined_shift,1,4,False,0.1532184749192507,0.13031629801489183,0.04836442878984102,0.001,0.0,0.9859020599858369,0.9492504791088178,0.5520072494418563,0.9859020599858369,0.9492504791088178,0.5520072494418563,0.0,0.00033087846939821203,0.054024775103499206,3.3306690738754696e-16
